source_id,sequence_id,original_path,derived_path,split,augmentation_id,image_hash,annotation_hash,width,height,num_objects,exposure_status
baidu_P000_16,baidu_P000_16,,data/train/images/baidu_P000_16_jpg.rf.418fd9bd50b4b5a84868989d766fa45b.jpg,legacy_train,418fd9bd50b4b5a84868989d766fa45b,c17faa2bad299ad978537a18814e29104c1baace32eeea3d7c6871ebb18b75ba,0d8d679078b22e6ddf3c3be617b8bc23773a1e998b5a68384e513805c82e200b,1024,683,74,historical_train
baidu_P000_16,baidu_P000_16,,data/train/images/baidu_P000_16_jpg.rf.98d4a432bafca480cbc0c0d1b9ef7609.jpg,legacy_train,98d4a432bafca480cbc0c0d1b9ef7609,745190b682e2ce8804f87b9483ad60970359fc1fc53dcbf4b9b14695ea63e11a,bacc43d43e76560bd31d96cb7a57a473229b261996b92ce2a604b3d8cc19e5fb,1024,683,72,historical_train
baidu_P000_16,baidu_P000_16,,data/train/images/baidu_P000_16_jpg.rf.c21018875e0b00fb62f4e55f0fae9c3d.jpg,legacy_train,c21018875e0b00fb62f4e55f0fae9c3d,9b8c6ee9d5e57101a1ed9896ab3f833e88a137dfdab8d52879daec709a3411a8,49a0984d5c7db465184236a13020e0bb595da6b0feb145719d46655dca8dfc74,1024,683,74,historical_train
baidu_P000_4,baidu_P000_4,,data/train/images/baidu_P000_4_jpg.rf.44a6a48253a3cc005093152b0e38ea2d.jpg,legacy_train,44a6a48253a3cc005093152b0e38ea2d,b1c11f5e0519d73f8da8309965dffbd222e4d06e0d7d400dc57cafd277c17656,f9d38b6e0ea63843fd4d51b521f4ed3b95782d90fe03c74d288b2ed7524b0b12,1200,900,121,historical_train
baidu_P000_4,baidu_P000_4,,data/train/images/baidu_P000_4_jpg.rf.726a781d6cddf2c5371a40286a6d954f.jpg,legacy_train,726a781d6cddf2c5371a40286a6d954f,895fec5dc292e7990af00d25c608aec34d99c50e3021b22b1a7eded0db8ea2dc,df8b0bbe98431a31566bb247af571e96c447aa62ee8aa88af71ba73b0d12d932,1200,900,117,historical_train
baidu_P000_4,baidu_P000_4,,data/train/images/baidu_P000_4_jpg.rf.f61e1aab497586b6922b791be881e338.jpg,legacy_train,f61e1aab497586b6922b791be881e338,fcf84309c23cf28d6bddca64d6d3a5f3c38b514d69de05e38dbaa398f48e3d87,bcabe832166ce2ad37b13c2b3b228ba12a876413280c3acbdd89ba6bdf0c2384,1200,900,120,historical_train
baidu_P000_timg-1-,baidu_P000_timg-1-,,data/train/images/baidu_P000_timg-1-_jpg.rf.26574ceb3517f1dabd627abbe89ac8f5.jpg,legacy_train,26574ceb3517f1dabd627abbe89ac8f5,841036c121fedb73dd42ea3322afdf18cb154061741549b212fcb1c63249ced2,105ad63c03c3a4123337ce4776d693317c082326326250a29d1fa1047d6a1eb9,1200,674,354,historical_train
baidu_P000_timg-1-,baidu_P000_timg-1-,,data/train/images/baidu_P000_timg-1-_jpg.rf.269ec7ea205c09ad4baafb979c2f2287.jpg,legacy_train,269ec7ea205c09ad4baafb979c2f2287,36dac259a24e1efd537c66d410b2ab0916716bf14a6a5bd237ca95b42a17c9a2,da6eec20d323c619179a4995c0e59ae5320da2b39eda8d901b66e643ac11f5f9,1200,674,356,historical_train
baidu_P000_timg-1-,baidu_P000_timg-1-,,data/train/images/baidu_P000_timg-1-_jpg.rf.bec7f5d0159a46481c8555cb0f204fa5.jpg,legacy_train,bec7f5d0159a46481c8555cb0f204fa5,b665cbc8e1f365fbe2485b36177f7c5ccb2131c3af2adeacf684d17b8a628332,b83fb4ffccb03ac9b5489e930e17fd6537522c59552f87fc883a5733dd526316,1200,674,356,historical_train
baidu_P000_timg-25-,baidu_P000_timg-25-,,data/train/images/baidu_P000_timg-25-_jpg.rf.0dbfbd1617e04a434696c86226a56233.jpg,legacy_train,0dbfbd1617e04a434696c86226a56233,d7b26134ed28c9207ad3b77034a9a571981311bdd993b0f4a33f64ec67d418a2,80bd53a95f77fb971cafa20c186cb2909a1fd66528909ca0eb3cdc0aebe58a16,1280,725,231,historical_train
baidu_P000_timg-25-,baidu_P000_timg-25-,,data/train/images/baidu_P000_timg-25-_jpg.rf.99d3e2c685427f8bc4482379cddc3c67.jpg,legacy_train,99d3e2c685427f8bc4482379cddc3c67,2f422ad63223abdde068011d19533ff90e30bd2282b32cb2a14e5529b5d3ffac,56e24d2bab7f7083ec2e2e7a4e80172a861f455bd003d69494320ecfe7ae565b,1280,725,239,historical_train
baidu_P000_timg-25-,baidu_P000_timg-25-,,data/train/images/baidu_P000_timg-25-_jpg.rf.bb126eec0ac7d588d37af2345c414df2.jpg,legacy_train,bb126eec0ac7d588d37af2345c414df2,fe9d53b0d0a395022134ceb5195efcf053aca609bffd245251c1971aa2919d2b,71b65cbc20109eb4e90e65732b4dbc7d7b9ddbbb24d5393268657cc10757c9ec,1280,725,239,historical_train
bb_V0002_I0000000,bb_V0002,,data/train/images/bb_V0002_I0000000_jpg.rf.2efcd36ffa5fcee5f789a3019ce241b4.jpg,legacy_train,2efcd36ffa5fcee5f789a3019ce241b4,f3d6c7f766f7897d7a9ad2edade1a390b0a7f4f91fd7374885ce42f08d5304bc,b8939efc67c2ce9e54651c2b58637f0bf0033b8a29e021dd61c5e4c07682d2a8,1920,1080,12,historical_train
bb_V0002_I0000000,bb_V0002,,data/train/images/bb_V0002_I0000000_jpg.rf.aa1cce5472b5b48ae9b529585e7862e4.jpg,legacy_train,aa1cce5472b5b48ae9b529585e7862e4,d65db0b0efd19427580a55dd89af14c5beec5938f62ebe62dd88914ad5a29af2,906e9ce34fcf116d3fa2278a7c5a3cde6fca7eaf7fbe3107232ef43b1eb6cc3d,1920,1080,12,historical_train
bb_V0002_I0000000,bb_V0002,,data/train/images/bb_V0002_I0000000_jpg.rf.fb013c2a2c914273148cdb5bccd3b234.jpg,legacy_train,fb013c2a2c914273148cdb5bccd3b234,f8284ab2455c1054e8fb8135e664240c7f0b2a78acba1a690ebbaa394efa49cf,793ba6c8bccf4fdce17c0761b734a3420575a1023fe08050d59141b9a8fbc350,1920,1080,12,historical_train
bb_V0002_I0000240,bb_V0002,,data/train/images/bb_V0002_I0000240_jpg.rf.2f9a6b196edd17df5ce84824cf3da18a.jpg,legacy_train,2f9a6b196edd17df5ce84824cf3da18a,b5ebe7db2fe8907ae9c8c0125c67ba58bb544466b47caff65d63cdbbe36167ba,84d99f489debbf4592f0cd7afdcac28b5095570ebda58d6ba5f30e686f486873,1920,1080,9,historical_train
bb_V0002_I0000240,bb_V0002,,data/train/images/bb_V0002_I0000240_jpg.rf.4852e07d18c4dac81d4ce7f0e51c77d2.jpg,legacy_train,4852e07d18c4dac81d4ce7f0e51c77d2,c3065ae9033581e5db34e6364a19c435e00ebf86f55f678766ff34f4390aa3cc,b6c706d8be5f19a74a6e905c610750b65563679d61ddda49f509200cafdf22c7,1920,1080,8,historical_train
bb_V0002_I0000240,bb_V0002,,data/train/images/bb_V0002_I0000240_jpg.rf.4e0f941d7dd93a62ebe91a31a641a9c2.jpg,legacy_train,4e0f941d7dd93a62ebe91a31a641a9c2,6d56cf371477070ffa2a162016dbb64ca129ec34c8d608612a39e7a090bcb37e,8e35f271c72f25bfc8e57aefa9161f7aa4cfe831c3faa1f305d019b58ca806eb,1920,1080,9,historical_train
bb_V0002_I0000400,bb_V0002,,data/train/images/bb_V0002_I0000400_jpg.rf.309da7df62a2bfcc7e908dcbd368150e.jpg,legacy_train,309da7df62a2bfcc7e908dcbd368150e,bf816a418639799795798340842e509db11d287c0058172ffbf6f069b988356c,70d9a7372881af67e846e6b52e9dee8f623d14a1f00d349f3880dfaeadbbfeae,1920,1080,13,historical_train
bb_V0002_I0000400,bb_V0002,,data/train/images/bb_V0002_I0000400_jpg.rf.600f9a90ed3ba6ac884c18fe2eda8be3.jpg,legacy_train,600f9a90ed3ba6ac884c18fe2eda8be3,ab5e6acaac925326140a9de5b2cf3993ca3a03687af0fee270e3619dda9797e4,778b0850321a53b81ac2e2713dc6f8ad3bac24e4ece59dec2111d3a720c0efad,1920,1080,13,historical_train
bb_V0002_I0000400,bb_V0002,,data/train/images/bb_V0002_I0000400_jpg.rf.72828af513409223da8a14d92b41fa76.jpg,legacy_train,72828af513409223da8a14d92b41fa76,84274e3dede6b67753d9a8c9d2203b20476b69461dbf5dfac68e5b6b7619e99d,705f19ee9704f540821d9d96e863301b598732d1cdaab57c35a0e9c48cdc022c,1920,1080,13,historical_train
bb_V0002_I0000520,bb_V0002,,data/train/images/bb_V0002_I0000520_jpg.rf.3d65728525e34ef38200656ff2152980.jpg,legacy_train,3d65728525e34ef38200656ff2152980,1929b5a6eb75e357b0bfa7d53f1a541f47796802ebb78598b1d7875735cf0c0c,cab760b295c3d176a2cce81e4fc22351b6254d9f071f5d180cf4733710c3acae,1920,1080,13,historical_train
bb_V0002_I0000520,bb_V0002,,data/train/images/bb_V0002_I0000520_jpg.rf.7b040655138b57c25c9c42bf30701fcc.jpg,legacy_train,7b040655138b57c25c9c42bf30701fcc,e4a8d0217538aa9d5992f450d2d0b0d0e9782b7a7baf9220a8b0a1e07b93baf8,1b41ebab1cd53ba1ee962b7c990f83eba765088114007158b068bb6d756fd8c1,1920,1080,11,historical_train
bb_V0002_I0000520,bb_V0002,,data/train/images/bb_V0002_I0000520_jpg.rf.b7a7a61fd91d38e6af62407ac0402145.jpg,legacy_train,b7a7a61fd91d38e6af62407ac0402145,f0b11d4cf33ec46c8c19353df28ac19783fd4bc48c6b23b448e0aee25f2e0234,cef6bf51c11d8d8c623f33fff7fbde019fa7b719d4db427ee343921d08a5a208,1920,1080,13,historical_train
bb_V0003_I0000520,bb_V0003,,data/train/images/bb_V0003_I0000520_jpg.rf.794588afe50b7c907429ba71a6dcee50.jpg,legacy_train,794588afe50b7c907429ba71a6dcee50,b947a6a4f84d3ac59c0d06463b8c0501214f10d867863d6da1aa2966a2e121c0,fe926ec927bbc2b58313573b1fed96a11688385acc0d4085623d887b5c62bc97,1920,1080,10,historical_train
bb_V0003_I0000520,bb_V0003,,data/train/images/bb_V0003_I0000520_jpg.rf.bacebabd17c350a4e8093e90c0442168.jpg,legacy_train,bacebabd17c350a4e8093e90c0442168,11c95d5d44f83af92251c3fbddc33da3f6d446634d3556d2cdc71723cf78eed1,a4d67ea14018df9f72cdfdf53cc55b1aa280d960014afc7a9763983acaa1a121,1920,1080,9,historical_train
bb_V0003_I0000520,bb_V0003,,data/train/images/bb_V0003_I0000520_jpg.rf.f918aa056981c018fa20025f2c94e7be.jpg,legacy_train,f918aa056981c018fa20025f2c94e7be,6bfecaab8dcc1c274aeaed7e07f13aa905df29ba6063433c1eb3e05303598185,f590ad1ac40347afc82b09ffc721a53bb5193c4645eacdf6e0be149b015b273a,1920,1080,10,historical_train
bb_V0003_I0001200,bb_V0003,,data/train/images/bb_V0003_I0001200_jpg.rf.4ea5b3b0eb2d5dd950244637b11cb625.jpg,legacy_train,4ea5b3b0eb2d5dd950244637b11cb625,be76a1df25b6a0daa8add5544bc3d63a2843e10d5f443e6be24cc94e58a7d6ba,88d7d580a44ecf885833bb30372b3f52d8528e445f18d89da30241d941b3d57e,1920,1080,5,historical_train
bb_V0003_I0001200,bb_V0003,,data/train/images/bb_V0003_I0001200_jpg.rf.9fa0b3766563e920bdeff90ba8cfa7d6.jpg,legacy_train,9fa0b3766563e920bdeff90ba8cfa7d6,d366e08e68047fc61d16ebbba13e40413405bde3c5468bead17fa811e08a6c6f,d7a53a7857474d6ed293cc9e81ed7d9643b79060406e10b076e7e5935d4266ba,1920,1080,5,historical_train
bb_V0003_I0001200,bb_V0003,,data/train/images/bb_V0003_I0001200_jpg.rf.d78fc78c4cfd4902e12762c0e3db3346.jpg,legacy_train,d78fc78c4cfd4902e12762c0e3db3346,1c21dff0c1309fdab0ed9eac64274377c2305e269da1f01a4d88a693b7c64c57,ee18020f38f59dc6643e2ded896b7c6778a5fc9dfc7c58308dad0bab8b4af2c7,1920,1080,5,historical_train
bb_V0004_I0001080,bb_V0004,,data/train/images/bb_V0004_I0001080_jpg.rf.9b5415e4bc049d665ea778fceda3f76f.jpg,legacy_train,9b5415e4bc049d665ea778fceda3f76f,9bafabc705c66ada0e368d3f047ce4b733581266fd8167cbd8cb57a3cf7223fa,16e80433eaebbdae9a41b722c54cd5e94dbf543b158a1b4e39ef3a6388c8507d,1920,1080,41,historical_train
bb_V0004_I0001080,bb_V0004,,data/train/images/bb_V0004_I0001080_jpg.rf.b670bb4eef59346ee0096d0c0f841bee.jpg,legacy_train,b670bb4eef59346ee0096d0c0f841bee,b0cf5a2f11f04f5298d75896d7b295ca28d0b88b69ce117ccd6aa5eeb35f2142,d72ee32137d0475a31124b14a82b1dfc0a036e332c97e43938e3249cd1c26752,1920,1080,41,historical_train
bb_V0004_I0001080,bb_V0004,,data/train/images/bb_V0004_I0001080_jpg.rf.d7be0cb8002961121f0bcf67eb706f84.jpg,legacy_train,d7be0cb8002961121f0bcf67eb706f84,5f243012727e52b703272724e6848f0a685966183fd9cb619a2427617e3eb604,a8b560cfc738cc2a40b3b210767b8fd4600064346b85b0ee6dcbc58c6cb3a509,1920,1080,41,historical_train
bb_V0004_I0001320,bb_V0004,,data/train/images/bb_V0004_I0001320_jpg.rf.2614268e4eda3d1a1b82419887b52a2a.jpg,legacy_train,2614268e4eda3d1a1b82419887b52a2a,1b9f294b0963710f791fe45820df7c9eabff6bff0ba82b142c3821d957b173c9,5586060f58e7fda35c31bb0d578e10e6088453e30fff2f0c196ad8835782d0a9,1920,1080,38,historical_train
bb_V0004_I0001320,bb_V0004,,data/train/images/bb_V0004_I0001320_jpg.rf.a7beb44d78f0063608996eb59e387988.jpg,legacy_train,a7beb44d78f0063608996eb59e387988,221de528de756e4a11937a04b492176ecfce79439eb4d71108bd184792c5690f,bcf710155f8f2111245093e7dbe507bd58798401e19ce75c11f7bb937a75da47,1920,1080,38,historical_train
bb_V0004_I0001320,bb_V0004,,data/train/images/bb_V0004_I0001320_jpg.rf.c25ce861dbcfc8890a278991df877a63.jpg,legacy_train,c25ce861dbcfc8890a278991df877a63,92c0dbd80bafd73a0ce157e1ac85b8782dafea1a077bf582b5233341e844ad35,9c2e9494301db2776a89324cd3377fad9897f07a3bf28ec805f8aec8fbda3d5f,1920,1080,36,historical_train
bb_V0004_I0001520,bb_V0004,,data/train/images/bb_V0004_I0001520_jpg.rf.090cc2f08d66d1c4a455ab4069ed4e8c.jpg,legacy_train,090cc2f08d66d1c4a455ab4069ed4e8c,4078673a50d32a7b1d47877d05f8cc93dfef95d6d1c7fc2993e7026af061eac4,28bdfeb57f5fc16e94ce228708a9244ae101eb8381781f62db1261549dfa09cd,1920,1080,37,historical_train
bb_V0004_I0001520,bb_V0004,,data/train/images/bb_V0004_I0001520_jpg.rf.3e3900d76831375baf89702aaaef69ec.jpg,legacy_train,3e3900d76831375baf89702aaaef69ec,27722831bb1dd78533aaceb36ddb3e91e98294ba819a43bd01ca638a4627d5a4,1433a19c3775aba48e0a3018e7c3d10d323aad1c463d584f3859f602e4a0e5f1,1920,1080,37,historical_train
bb_V0004_I0001520,bb_V0004,,data/train/images/bb_V0004_I0001520_jpg.rf.832e4bfd90b7b241a9284ac008942bfa.jpg,legacy_train,832e4bfd90b7b241a9284ac008942bfa,4e5bb62d94f3f8ffce129554ef2ba9dc9dde423fe5aa83ac2d7417871ff44680,06ce6dd302cd400aa0f5384ccee7e2f29017532a0dcdf3f2a7a990ef24bb42de,1920,1080,37,historical_train
bb_V0004_I0001600,bb_V0004,,data/train/images/bb_V0004_I0001600_jpg.rf.6b37fb78bfc25fee242c42ca6d2ec6ff.jpg,legacy_train,6b37fb78bfc25fee242c42ca6d2ec6ff,d9bbe3e5edd8e081ececab95b473042576ca7171740f33446177f19613ab59ba,2b060206bcb8a1612de5af20eac1b8bd0175d7d752174551fee4128d350fe550,1920,1080,14,historical_train
bb_V0004_I0001600,bb_V0004,,data/train/images/bb_V0004_I0001600_jpg.rf.e37407abc5d5b18d0a1a19bda2250a76.jpg,legacy_train,e37407abc5d5b18d0a1a19bda2250a76,b19f62e522e4878b8e23f2d5034f3892f242c864804091729aac31cb488ed7e0,09e46d4a1a602de301c2844e8f3f95951e0a23d62dd5c9179a61961503153921,1920,1080,14,historical_train
bb_V0004_I0001600,bb_V0004,,data/train/images/bb_V0004_I0001600_jpg.rf.ed185601ba2e99cc09fe3ee6a4326977.jpg,legacy_train,ed185601ba2e99cc09fe3ee6a4326977,55696d976662ee27c47f0b18726eaca048393053eb87f575f7e5fa0db99f49f1,b17fa2a25051aa70ad849cfcf9779dff720d2de88e27ad8fa71183236b41db46,1920,1080,14,historical_train
bb_V0004_I0001720,bb_V0004,,data/train/images/bb_V0004_I0001720_jpg.rf.0adf3dc033f316b44b2bca327e126351.jpg,legacy_train,0adf3dc033f316b44b2bca327e126351,c19a2a2a6d56a1ed600df67e113ca1ef30330894273496a7d2879304c85ff466,5612182176965b7c1c34c15311f2027fee5c253baa591dfb5d72ad8cb4daddf6,1920,1080,13,historical_train
bb_V0004_I0001720,bb_V0004,,data/train/images/bb_V0004_I0001720_jpg.rf.7d3d0817152f92273b354d29fedc98ae.jpg,legacy_train,7d3d0817152f92273b354d29fedc98ae,0c2bb80730db712839f61a7e0308242a3f46eda3fd73726f3132558457ceb808,d29e06de7dd7fd8c0e0b6a7aa6caa8d3c11116f85790a7651d7ce0b73ff97cda,1920,1080,13,historical_train
bb_V0004_I0001720,bb_V0004,,data/train/images/bb_V0004_I0001720_jpg.rf.8edc5b2f9ebd4adb1b5959febcaf31f3.jpg,legacy_train,8edc5b2f9ebd4adb1b5959febcaf31f3,874d09543783d95c1caee694f662ddd69ec4de5ab5997414e77cdd6434944c74,a8d13240822c2e8202f7536d533f73b4e50733a7afea35710c4f5013494364e9,1920,1080,13,historical_train
bb_V0004_I0002600,bb_V0004,,data/train/images/bb_V0004_I0002600_jpg.rf.3e14dc823e0aee44518a345afcbcd06d.jpg,legacy_train,3e14dc823e0aee44518a345afcbcd06d,8861c533575a7804cff2c8de3a87d9c65e29f8e0acaa6b6210037a6a7716182c,846b66450e6983ddceba2c5dc79b593140ff063df1bcfa1716e25c0086d7288d,1920,1080,42,historical_train
bb_V0004_I0002600,bb_V0004,,data/train/images/bb_V0004_I0002600_jpg.rf.503ec1b5a6e03b15636b3eb8ab505de7.jpg,legacy_train,503ec1b5a6e03b15636b3eb8ab505de7,f1e37a41d455f6fed1055e4b2742e265627de8a1badfd435aeb13c76d131c5c6,e3da3ccde8435519e68a56847d9352570067749e2dda4c902a684d0298627ff4,1920,1080,42,historical_train
bb_V0004_I0002600,bb_V0004,,data/train/images/bb_V0004_I0002600_jpg.rf.7ae26c09b9b59fb3ba967bf79057cc73.jpg,legacy_train,7ae26c09b9b59fb3ba967bf79057cc73,1e8c8c2b94b817fe255eac11085021d9f8707d10347514825567d19282f94bdf,1b35d89a72bbe0d1a7b688612b8e140edf05d7150e2e322fbd6cfcb31587e18d,1920,1080,42,historical_train
bb_V0004_I0002720,bb_V0004,,data/train/images/bb_V0004_I0002720_jpg.rf.101e2f8ece05f970cef3eb9a81307015.jpg,legacy_train,101e2f8ece05f970cef3eb9a81307015,849cacd12d6b38b30353bd8ce61b0e9190b1b1be10a8b0a04d0b807b0247921d,f42a5fc9a5c7e63191aa93c3258835380b6bb9fe9c4282cbc737a4f9cedc9b43,1920,1080,56,historical_train
bb_V0004_I0002720,bb_V0004,,data/train/images/bb_V0004_I0002720_jpg.rf.d79d4ffbc46533dedb3196a7b53d7443.jpg,legacy_train,d79d4ffbc46533dedb3196a7b53d7443,99b37711af14c8dfd5c2db64c230d6e4c136dda391067b399832dca22d0c562b,4ce078b5053aa43a06782ecd77c3e7c599f9447eda0e5907c3ba3ec54f2f55cf,1920,1080,56,historical_train
bb_V0004_I0002720,bb_V0004,,data/train/images/bb_V0004_I0002720_jpg.rf.ef2ac0783057fa7b24c298484b02e89c.jpg,legacy_train,ef2ac0783057fa7b24c298484b02e89c,b776ea237c3f44ddcf0e7c91fa3358f3a491330309db9de8824cf4b6aa498660,9d622f2d1fb8bde8c548af102e0646abe910c04fdd4037fd171b82484271e664,1920,1080,56,historical_train
bb_V0004_I0002840,bb_V0004,,data/train/images/bb_V0004_I0002840_jpg.rf.82605e2449d03fa9b7a8d131efc337f3.jpg,legacy_train,82605e2449d03fa9b7a8d131efc337f3,e161b80202f9d3b9a2964ac17e4d2ba22c30526814ebf853e45c73b959999a0e,bba2d444971c0f8b43894cc2b213b27f83e2869a4f5a167645b7545c99ddc696,1920,1080,75,historical_train
bb_V0004_I0002840,bb_V0004,,data/train/images/bb_V0004_I0002840_jpg.rf.d722bd6524e867cd3395f363a4295525.jpg,legacy_train,d722bd6524e867cd3395f363a4295525,b536f840f92550d70e51739175dfc75609bacaa6a299ee0896deaf2f97eefe98,16234fe031be33f9c6eaa9d6e370f71afadfd1fc6bb87c5a1573fdc7d0d0d723,1920,1080,79,historical_train
bb_V0004_I0002840,bb_V0004,,data/train/images/bb_V0004_I0002840_jpg.rf.ec3b65ec52ceef8c1588e9ec15dc481d.jpg,legacy_train,ec3b65ec52ceef8c1588e9ec15dc481d,082261c6e847b2db8096c2e9d94578fd94352c3a2f6c8dee881d6bc1c41a725f,915109f4048094428c5e82c9a5f6d8a207b93826cbfa4c6c1de72150eafa4378,1920,1080,77,historical_train
bb_V0004_I0002960,bb_V0004,,data/train/images/bb_V0004_I0002960_jpg.rf.128c3abfa19921f00666d0e6000a9a36.jpg,legacy_train,128c3abfa19921f00666d0e6000a9a36,6f15a196c510412e023af456ab37f645548ea3913d94a4e664b9651c50885221,16f8445eb43b2c8a5eeddf4b24cd760082ff17181cc7604f9e18df3a28bdfb0a,1920,1080,90,historical_train
bb_V0004_I0002960,bb_V0004,,data/train/images/bb_V0004_I0002960_jpg.rf.16c69ea87239506fe38248f9fe773c26.jpg,legacy_train,16c69ea87239506fe38248f9fe773c26,196c27b29c7486c9f3ddaff13019143c758ecc0e66dae30adc8bfa7d1c2f5ede,be8ea47ca11965d94e167ca15d6a9feca589b95d5a7d19790c4023326287bbb4,1920,1080,90,historical_train
bb_V0004_I0002960,bb_V0004,,data/train/images/bb_V0004_I0002960_jpg.rf.290e51b1dfe4d828f3c23658cb78b3fd.jpg,legacy_train,290e51b1dfe4d828f3c23658cb78b3fd,59a54cbe9e91e62b824e59e6544af7b870308c97d9bd487abc9fca5d560c1cea,4ed4f3eb8de3798760b84ca681bfbc14be7527256182f12fd6441dc6bcd09c96,1920,1080,90,historical_train
bb_V0005_I0000240,bb_V0005,,data/train/images/bb_V0005_I0000240_jpg.rf.8dc0e1c0fc6db95fe9d54055669dde52.jpg,legacy_train,8dc0e1c0fc6db95fe9d54055669dde52,be0fcb5e3ff931e41127262e19f5edadabe6a2072caf1f13b0bd8c16bed2534b,af28b50a2a7de8e30a0e5da66ff5710869697eb30998276ddbd9303b4de456ac,1920,1080,5,historical_train
bb_V0005_I0000240,bb_V0005,,data/train/images/bb_V0005_I0000240_jpg.rf.e01fc699dfc631ea0c19abe114975714.jpg,legacy_train,e01fc699dfc631ea0c19abe114975714,53f75377c067bf27b2e8bb55bb331cd10c197f232c72f3174c677594fa7cb4c1,9695a0a0d006569f1aa34dfdcb55f127531876f6b3c11d1800d13cd1cfe7c035,1920,1080,5,historical_train
bb_V0005_I0000240,bb_V0005,,data/train/images/bb_V0005_I0000240_jpg.rf.f1b62df259fd53bd4fcbb098613abf7a.jpg,legacy_train,f1b62df259fd53bd4fcbb098613abf7a,60cffa13fcdf4ee4917fa39bfba4ab56528265b12e0e4814c852c7be316a674a,967cb1c067debbc7237ed781a22d25aba3e55ce44c455dc44f100249eb6855d1,1920,1080,5,historical_train
bb_V0005_I0000880,bb_V0005,,data/train/images/bb_V0005_I0000880_jpg.rf.04b407c23a0c13688b553ec9460183f0.jpg,legacy_train,04b407c23a0c13688b553ec9460183f0,20c8898204e97b492bd86985d5250cea4bae039fe9a4457c2597f625ce6b5a56,d82d5febb94da018ebf49386b4a505f8e59815b95d90a681db7e6092a2143c6f,1920,1080,48,historical_train
bb_V0005_I0000880,bb_V0005,,data/train/images/bb_V0005_I0000880_jpg.rf.e1eb84e2f11916adadceba9499b0b688.jpg,legacy_train,e1eb84e2f11916adadceba9499b0b688,94ccd7205b04e25b38692a1b3090403fb95c508b61bf407fcdea85eee8a85168,1c75a85380e099eb8f40d09241a365843d08644b47df81db780bdb09f9792808,1920,1080,51,historical_train
bb_V0005_I0000880,bb_V0005,,data/train/images/bb_V0005_I0000880_jpg.rf.f0178460619d0564b4477537c56c5359.jpg,legacy_train,f0178460619d0564b4477537c56c5359,0326f6511875b6c099628c615c8d49a17b002e5b1144fa29255cff4433f8e935,bf03410541eb0351a7df009829b5ad2bf03b690ee208456565fb39a0e486920e,1920,1080,51,historical_train
bb_V0005_I0002560,bb_V0005,,data/train/images/bb_V0005_I0002560_jpg.rf.6d72b659e26bb59f6d98aa3324f770ce.jpg,legacy_train,6d72b659e26bb59f6d98aa3324f770ce,bb06fa28c5b70f5f888876f7639a8093a6e8f4846582d5ed11bc9f814cd00558,46cefb25b995a5432c08d1322ceeee53643f4657066e93c84d70e4c33cd67c9a,1920,1080,7,historical_train
bb_V0005_I0002560,bb_V0005,,data/train/images/bb_V0005_I0002560_jpg.rf.72bd30359e3b718793b132b3d2248619.jpg,legacy_train,72bd30359e3b718793b132b3d2248619,ddb7d0c01e255d58c8cdbc2d42c65c16d6dee0aa76b46507d3a838173ad4ca41,f56755db92b41a1c46e80eb3d526abdf50d93040219bf8ca476a3ab2a6542430,1920,1080,7,historical_train
bb_V0005_I0002560,bb_V0005,,data/train/images/bb_V0005_I0002560_jpg.rf.92afdeeb024ed513b36d7eef85e41c7a.jpg,legacy_train,92afdeeb024ed513b36d7eef85e41c7a,827ec1aa27f18b0e63031dc7d46fb83abd9c4879c95cb56242e973eafee70c4f,eb855f407cbb35d5a76e4381f917c8cfadb698b4e9520bcd4264d2570c785bb7,1920,1080,7,historical_train
bb_V0005_I0002600,bb_V0005,,data/train/images/bb_V0005_I0002600_jpg.rf.55b9c745c41b65d82bd43d87dca98bfe.jpg,legacy_train,55b9c745c41b65d82bd43d87dca98bfe,112a97c549e0c09d91e0cba8d8f94cf8a5288845776746b3056d42ba08db1e93,4733c9ed1d9fad0de7cccf9ca8968bd7942999ab1c25c2a8f1cedec9045589c8,1920,1080,22,historical_train
bb_V0005_I0002600,bb_V0005,,data/train/images/bb_V0005_I0002600_jpg.rf.a221dd308592743b01257ecbcbe2cef7.jpg,legacy_train,a221dd308592743b01257ecbcbe2cef7,469e0fc031d53d5d8bdca1942bfd8c595ebde352406930d7e4686d2050965287,1b20604d09c45f9c91d111c54a7d9de25253bbf52f3731004922e8f2c7a53157,1920,1080,22,historical_train
bb_V0005_I0002600,bb_V0005,,data/train/images/bb_V0005_I0002600_jpg.rf.aaf0e5260c70c322b44969f59cb82e7f.jpg,legacy_train,aaf0e5260c70c322b44969f59cb82e7f,53ee42b39061091e95180174ad49f7b8441f7ab66809a572bc7f434551da7d43,61231ecf9919cb04cc9512e808f52e9dc18625db75b228a6fbcd2e37af82a619,1920,1080,22,historical_train
bb_V0005_I0002680,bb_V0005,,data/train/images/bb_V0005_I0002680_jpg.rf.1471436c163c5a69a642384591189d51.jpg,legacy_train,1471436c163c5a69a642384591189d51,0b5d1fac9bb11a53915b0676ae40fac8b20b0451f257a27699bf4eb0b0a0ebdd,e768a9537b128c79b0b4c25cb6a0ad9073b2ef9ef13ad1eda280f53ad43dd021,1920,1080,24,historical_train
bb_V0005_I0002680,bb_V0005,,data/train/images/bb_V0005_I0002680_jpg.rf.b0bf85f81da8bd2084f6c750d4fbe055.jpg,legacy_train,b0bf85f81da8bd2084f6c750d4fbe055,28bbab39b4dbeeaf25d3389ecaa7af1ed9657ea63bbc668a64612f1b9c099167,e2e851df8f8572729a4b0207346a68c378cc76b0d9fcc3e0a18ca317e3d2c049,1920,1080,24,historical_train
bb_V0005_I0002680,bb_V0005,,data/train/images/bb_V0005_I0002680_jpg.rf.b24dfd15e5cf2ff359f48aa9fa44d844.jpg,legacy_train,b24dfd15e5cf2ff359f48aa9fa44d844,4e1e185ba69313c0aa1264e5c6984a50fed78c05aedaac0edfb68b3207975be3,16ad465b06daafe19474a20a181037c9bcecdf08d536d1a45bfc6229dadf441f,1920,1080,24,historical_train
bb_V0005_I0002720,bb_V0005,,data/train/images/bb_V0005_I0002720_jpg.rf.72b87a8d550ecb063e4d5e1c7a63c850.jpg,legacy_train,72b87a8d550ecb063e4d5e1c7a63c850,085d30df33e91ca3b4b9a338e6e951c11b09e656a976770e4b5ae152515c3ba0,2d4d84248712fb09d528256351ba500936f0daedd3eff163d2ffb56fab722c2a,1920,1080,1,historical_train
bb_V0005_I0002720,bb_V0005,,data/train/images/bb_V0005_I0002720_jpg.rf.bae1d8d62040259b7db661ab285858a7.jpg,legacy_train,bae1d8d62040259b7db661ab285858a7,82703caef6e207dfa7b89fdcf49b0f57f4468e39e6f34e01fa213443c2128341,d9beca74131e05c12465b2991b36501376f07d536582a7e8e6ca0bb3f0ff2d74,1920,1080,1,historical_train
bb_V0005_I0002720,bb_V0005,,data/train/images/bb_V0005_I0002720_jpg.rf.d126729a10ca86a5989c7ac2bb1bd43d.jpg,legacy_train,d126729a10ca86a5989c7ac2bb1bd43d,ee6eec57256b18daead3b546c2d69861d72b4b58231e0ee7eccf3a7838c28c8e,2f401b1f1a10f4fe1e3f2ace8af6f472128cd598ce060b88e5b80d1f09102899,1920,1080,1,historical_train
bb_V0005_I0002800,bb_V0005,,data/train/images/bb_V0005_I0002800_jpg.rf.1dbae3ba63ae2ac94ccbaa75ed9cd18d.jpg,legacy_train,1dbae3ba63ae2ac94ccbaa75ed9cd18d,b0bc6494b54cabe95bd35332b45de655c08961632df127fe1ef6f38c81cb13c2,17392f2fd8a3abff9aa88a026bbe3bbc549bc1d313682e89477737f6693ce1b2,1920,1080,33,historical_train
bb_V0005_I0002800,bb_V0005,,data/train/images/bb_V0005_I0002800_jpg.rf.1f3479ca986fcd09d60068ee3b2b9f93.jpg,legacy_train,1f3479ca986fcd09d60068ee3b2b9f93,b3765f2227c77288b36a20da7a4d38d9b38fcb1af9c9aeefb90cf36407ad099a,0eb559c14cfe6a148c3d0f752cdd805ce384ff260c2159e99c5583952ba95d6b,1920,1080,33,historical_train
bb_V0005_I0002800,bb_V0005,,data/train/images/bb_V0005_I0002800_jpg.rf.9db9f314e2a4f0348d5edcdbe6e70c34.jpg,legacy_train,9db9f314e2a4f0348d5edcdbe6e70c34,6e21454adaecb0d42cb195995591a0b7c37ad71a5ffdba1290fefead4e5e244f,dc3717c90b69c3ffba11bc10e243e71567193d2e31723673669f220e58a114cb,1920,1080,33,historical_train
bb_V0005_I0002840,bb_V0005,,data/train/images/bb_V0005_I0002840_jpg.rf.05cca95967acd50ff27582c9a104bd4c.jpg,legacy_train,05cca95967acd50ff27582c9a104bd4c,9c95568d1775bdd11b4174c35c3f33781a154bc8d4cd73256889320a4e36292c,dd76a3a0e042af2ae717538242e45d2f5d75bf356bf067dcc8ca840110befbba,1920,1080,22,historical_train
bb_V0005_I0002840,bb_V0005,,data/train/images/bb_V0005_I0002840_jpg.rf.ef9c28aa95a49108e1ed9fd8701c1b62.jpg,legacy_train,ef9c28aa95a49108e1ed9fd8701c1b62,3d5851a265478b07868466ddc7580572b7bc84928ed85d942384b5a3d421aad8,31697d2028e1f3a3a11ecc77673c446dc78dac5532f54c09ad14a6d3a428db28,1920,1080,22,historical_train
bb_V0005_I0002840,bb_V0005,,data/train/images/bb_V0005_I0002840_jpg.rf.f530383f1698e6a7d18247495e3be9b5.jpg,legacy_train,f530383f1698e6a7d18247495e3be9b5,b8cc8bafde561ffdd3a453df23dbd5a4fa42e0da8c0ebee3a1ff673853326ea9,dadd17fe1fc7238ec265a093974d78dd42ce9f5b676d1bb94a24a036b22fef73,1920,1080,22,historical_train
bb_V0005_I0003280,bb_V0005,,data/train/images/bb_V0005_I0003280_jpg.rf.1a7cf2c0f09c94a27598896d6bccac94.jpg,legacy_train,1a7cf2c0f09c94a27598896d6bccac94,c6a9203a7f38f32bdbc7a6679371c6df12cc64166d954c4cf1bdfee187bd4630,500f226bd7e49b2490901307fb143cb9016361f08d42dbc77a12a6b14f50abd3,1920,1080,3,historical_train
bb_V0005_I0003280,bb_V0005,,data/train/images/bb_V0005_I0003280_jpg.rf.2fe51964c92d0f929a8084a31638c1af.jpg,legacy_train,2fe51964c92d0f929a8084a31638c1af,91e7ad2b062e03dc0735c2f8dadda6f3400e98cc345ece44ccdcf40a9d8e08c8,808721060a887b72fbd2d3d5e48d79c9357351978917c6889a743909d5e2f1c6,1920,1080,3,historical_train
bb_V0005_I0003280,bb_V0005,,data/train/images/bb_V0005_I0003280_jpg.rf.765115074cd13f514754cda3a31e5be4.jpg,legacy_train,765115074cd13f514754cda3a31e5be4,7824741ceaa0bbb8f160580cda62d5fe38bba7eabd28e038a72f57666389d039,89d6c1ec2e3f511b1c7fc48bd0feb0f7dbc1f9ca0d7d5996f6d085341e6d70a9,1920,1080,3,historical_train
bb_V0005_I0003600,bb_V0005,,data/train/images/bb_V0005_I0003600_jpg.rf.60cc9fdfe6514a547919fa20e6857c9b.jpg,legacy_train,60cc9fdfe6514a547919fa20e6857c9b,2f2e1ec0a29c072609490928f494a47f0f54571523b8fb9aa617c6ab89a21f81,39e3759e94e8bf2b829510578cb2bf0c8883e2d356c91ab257ef6af9136b410a,1920,1080,26,historical_train
bb_V0005_I0003600,bb_V0005,,data/train/images/bb_V0005_I0003600_jpg.rf.7532d7b472c05e6787355c411c850176.jpg,legacy_train,7532d7b472c05e6787355c411c850176,5115fa1b11b8dd99692a3cbaace29197734872f814ddc1561f102caf62182e42,f7ca6554fc0d0beb43f08401c34e120db1826c37456cb8f5b119e797343e56e7,1920,1080,26,historical_train
bb_V0005_I0003600,bb_V0005,,data/train/images/bb_V0005_I0003600_jpg.rf.f36886ff4fba831f46b4efdadd3ed2ac.jpg,legacy_train,f36886ff4fba831f46b4efdadd3ed2ac,9a135df33ff4e0e32f035eab0fd42e47efed34d8bc096005f566cfa59b8b3dba,dc3e54fc7c30da22a3d061bd707cb6fe00af353701a4bfdd4d78f404bc3675ac,1920,1080,26,historical_train
bb_V0005_I0003640,bb_V0005,,data/train/images/bb_V0005_I0003640_jpg.rf.95aaf0c8dc3e08800733a6ab594ff94b.jpg,legacy_train,95aaf0c8dc3e08800733a6ab594ff94b,ae0dcfa34d459c8fad6a08d454de6932dc4612217b297bd4fb18e40109f40392,6c74b4ef5595e20fe6e0aaabd5d84ac53c87b51620b91993cf58f2b4f7b395f7,1920,1080,15,historical_train
bb_V0005_I0003640,bb_V0005,,data/train/images/bb_V0005_I0003640_jpg.rf.e78382357f862747495dabae921db9fb.jpg,legacy_train,e78382357f862747495dabae921db9fb,a576c0331b05cfd25aa7c8c04f32d7060f52af8d2c2c54b8234c0b1a7c52d55f,6e346049238be5191cf663bb04b25e7fe25c39c0068c83be3854b2917ef0020a,1920,1080,15,historical_train
bb_V0005_I0003640,bb_V0005,,data/train/images/bb_V0005_I0003640_jpg.rf.f734b63562bbe6b980aa549e202bb0c3.jpg,legacy_train,f734b63562bbe6b980aa549e202bb0c3,0fb6ef05bcae0ed18b29e8fa8abc0fbbd5564c1aa88a882681a143c599ea4946,da6908b5ca4e79a55ecc5ce701048fb8afe3da7c3fa1da10015bdc3dd90f3037,1920,1080,15,historical_train
bb_V0005_I0003760,bb_V0005,,data/train/images/bb_V0005_I0003760_jpg.rf.334576ef788dd29d0d19e7c25c97cf77.jpg,legacy_train,334576ef788dd29d0d19e7c25c97cf77,152cc827b3ee2ef83f7e9417543bf30c9c54b0fca3e431ad0bb180f1f5ff70e0,6e5705209a1546bed583e043a59b3b807dfa6ff66ce12bf4f99f1ea6612383c5,1920,1080,20,historical_train
bb_V0005_I0003760,bb_V0005,,data/train/images/bb_V0005_I0003760_jpg.rf.b9e276ae534baf3bf2cb10be14daaf2e.jpg,legacy_train,b9e276ae534baf3bf2cb10be14daaf2e,4f607ba7c890c299fd74f3dc2ceac3b0d8fa2740206b18adc85ad464b9cb7637,6de0ce2729af75028f25ca0a246ab891d33f2953828686d63cfba4e51d314c02,1920,1080,20,historical_train
bb_V0005_I0003760,bb_V0005,,data/train/images/bb_V0005_I0003760_jpg.rf.ddd5b201327fa98e0ea2383726e131b4.jpg,legacy_train,ddd5b201327fa98e0ea2383726e131b4,936512b905e8fb983ec1f512246dd4872efc32441ff05b24ae095d5ade3cf6e8,58b1e7a89871ce04c591365346e82aa85c72b5639023d3e3f53a9848c2c121a7,1920,1080,20,historical_train
bb_V0005_I0003800,bb_V0005,,data/train/images/bb_V0005_I0003800_jpg.rf.4b58fc43b1ece474595e5526dd557af2.jpg,legacy_train,4b58fc43b1ece474595e5526dd557af2,3a912b49872b9744e720ba69bbc9130cf2a3df40f5234dd0549e7e30fd7c1579,c5a34cd1a9b377695b59bb36597755d071767d488dde8553ca145639ee5eb02c,1920,1080,22,historical_train
bb_V0005_I0003800,bb_V0005,,data/train/images/bb_V0005_I0003800_jpg.rf.76c343590ef531d0a5848ef1e6ac008c.jpg,legacy_train,76c343590ef531d0a5848ef1e6ac008c,1440b478f9a4f92b7b45bb81bb69422785baa9a1f1c8bcfba44c5db09dbb030c,038094a3cc565bc3930b3193310888e4e87e9be4f8078a2ba02eed794924247b,1920,1080,22,historical_train
bb_V0005_I0003800,bb_V0005,,data/train/images/bb_V0005_I0003800_jpg.rf.fde12181dc438948c83df142b70a01b9.jpg,legacy_train,fde12181dc438948c83df142b70a01b9,ce32ffdeaa6f4d0f76365197119719fa7dcc00d77ca2e78b8b5c0d22fef6d3e7,fc21ba3676210512a88c735898f4d069ccbc8580df0fa56008211a2839660a66,1920,1080,22,historical_train
bb_V0005_I0003960,bb_V0005,,data/train/images/bb_V0005_I0003960_jpg.rf.056c495d4a8f37e946fe9ae0ff2e4cbd.jpg,legacy_train,056c495d4a8f37e946fe9ae0ff2e4cbd,b54550c8fd687d07e19f810e2afbf51b6550921629bec7d57ce761a68b5aac0e,0b3b6b70e35938e9b456ec466c315a5f2da311c707794e071820e86b11557568,1920,1080,43,historical_train
bb_V0005_I0003960,bb_V0005,,data/train/images/bb_V0005_I0003960_jpg.rf.29790f5587a015f26a0c25f9ff463b59.jpg,legacy_train,29790f5587a015f26a0c25f9ff463b59,05a83b0d6d174ba23657066520d44857b2e90cc448778170f10332204ab2a565,8485181230321d4703532ad7c6aa1dc961ffc2b29aaaa2ffa327a2fda0391e2a,1920,1080,43,historical_train
bb_V0005_I0003960,bb_V0005,,data/train/images/bb_V0005_I0003960_jpg.rf.62e5858f1d3b50bab113dd8320d4b423.jpg,legacy_train,62e5858f1d3b50bab113dd8320d4b423,5fc1fed0bcabec11b464dfa5030d27184bb47eccc6955ae85b2d0feb0169570a,91047140e8360b5243e4f13f475eba1e98f50d19e391350304a3f076df81757f,1920,1080,43,historical_train
bb_V0005_I0004040,bb_V0005,,data/train/images/bb_V0005_I0004040_jpg.rf.28341f263f1dedf284b25a6508152e19.jpg,legacy_train,28341f263f1dedf284b25a6508152e19,505ced6d7830b067000f6dea112791f7417f7d6b9920713c2a1d031db898928f,58a1c4f5c0f3f2387d4b55c7989c0e79b5e772a00fed2eac633fc1754d360986,1920,1080,31,historical_train
bb_V0005_I0004040,bb_V0005,,data/train/images/bb_V0005_I0004040_jpg.rf.618311524151afb838282bbb9fdbeb13.jpg,legacy_train,618311524151afb838282bbb9fdbeb13,cf2a92d68582e19f66e028c9c1f41b4b15c391e97c2c56ffc4255d3b834b690f,42a2f00b2b27ed7804902318263553c3d12283b01c191721284037acd4dc575b,1920,1080,31,historical_train
bb_V0005_I0004040,bb_V0005,,data/train/images/bb_V0005_I0004040_jpg.rf.de0a36aefeea790a0c0bb6d1ad00efb4.jpg,legacy_train,de0a36aefeea790a0c0bb6d1ad00efb4,35f98e761562db8ddf8551933cdb05025a4f0f8dc5bf58762c00c56c16bf5347,ebd2527fbae4f7ad00879386ddf10e737efab6b8d2a90fa46b0981e251b0c6f4,1920,1080,31,historical_train
bb_V0005_I0004560,bb_V0005,,data/train/images/bb_V0005_I0004560_jpg.rf.0f978bcae59d10ca5d2ed3430a222396.jpg,legacy_train,0f978bcae59d10ca5d2ed3430a222396,6007f8e8574e67d52f305c4ffbad83a1329178fd5e5f953695ab8c2df65d1cf9,1998f2f7a29108f155ad745a902b7a4861bae4a22cf3176056aa5298c05ff0f9,1920,1080,7,historical_train
bb_V0005_I0004560,bb_V0005,,data/train/images/bb_V0005_I0004560_jpg.rf.9d93c32f392ae3aeb07e33b1d79613db.jpg,legacy_train,9d93c32f392ae3aeb07e33b1d79613db,83d59ca6bc27e9ac401b2c45bbd96577b4a732a92a18a006f5bc623ee175694f,c2bafa4cb34f6169fcffee7f8e116add97b8625feaa9f597acb3a46e0cce5b92,1920,1080,7,historical_train
bb_V0005_I0004560,bb_V0005,,data/train/images/bb_V0005_I0004560_jpg.rf.b61091a4fe3fca798c47cc4f9625de5a.jpg,legacy_train,b61091a4fe3fca798c47cc4f9625de5a,307ec21b95c2e201265162ffd897b1797ba87bb9bdf5103b0adf27fdf3267db0,8cf692412dd7eb3357b4fefbfce079d6105b745e88db9f84900d239473fe941d,1920,1080,7,historical_train
bb_V0005_I0004640,bb_V0005,,data/train/images/bb_V0005_I0004640_jpg.rf.4936bc5af618266ce6983192a8abd4f9.jpg,legacy_train,4936bc5af618266ce6983192a8abd4f9,fe1d9ba8b30bceb4ce937b9d030c6fc30901543d7f3204b60d590972640ff371,65a44de677694386b14e0cb5897c60f9469f264e7f2b313f6ef8f7048f5a9820,1920,1080,7,historical_train
bb_V0005_I0004640,bb_V0005,,data/train/images/bb_V0005_I0004640_jpg.rf.5569d8637f789f2abd06038e64726694.jpg,legacy_train,5569d8637f789f2abd06038e64726694,7186df525f1115e73e2f60c02c7e14c455143944ce15e7790c0ee5eb15ffa987,91b803211ac357b921d82d9d24dac6988cfa20b7ac605ecec86bd9ada6fa8a68,1920,1080,7,historical_train
bb_V0005_I0004640,bb_V0005,,data/train/images/bb_V0005_I0004640_jpg.rf.d2a414450eab868cf7761d8e115834f1.jpg,legacy_train,d2a414450eab868cf7761d8e115834f1,2b117344b89b90a841ab0f5f584833fcaabd94763e3cf2f796ea74d2fb48088b,3ef7201d3cb29fed2dd79827adf4350d8020e8d3c6a1357461b57b9459b243ae,1920,1080,7,historical_train
bb_V0005_I0004720,bb_V0005,,data/train/images/bb_V0005_I0004720_jpg.rf.5965f32c5250a289d331e88581c17ab2.jpg,legacy_train,5965f32c5250a289d331e88581c17ab2,a2e2de52c06d4761335a725e4479f8a5c2381d7c95cccd0ac4cc09d0e7c745fd,ad41cfe00b7995d69396827c96bd746dc9332cd94601daf766cb030163e32f35,1920,1080,26,historical_train
bb_V0005_I0004720,bb_V0005,,data/train/images/bb_V0005_I0004720_jpg.rf.9bc69893a9999014ce5df78dd60de60a.jpg,legacy_train,9bc69893a9999014ce5df78dd60de60a,ed75e8d5152dc73003cd9780ca9cea0fde2d01f1f234ca45b5a7bb1b4a8a0fc6,7343d68e010c4155b6a157a9716d513f14bbf997bdd1fa7598e81320d2eaf6b4,1920,1080,26,historical_train
bb_V0005_I0004720,bb_V0005,,data/train/images/bb_V0005_I0004720_jpg.rf.a55d67cd9dfbda28f74128c9a1eea7e5.jpg,legacy_train,a55d67cd9dfbda28f74128c9a1eea7e5,2aba67be90e098713e39b87523b234831063abd7e76cc863407d1a1e99a032e7,d206bb026376f8a40d96dd09a733f8de42191161a22bb8950ad3a200fad99f1f,1920,1080,26,historical_train
bb_V0005_I0005040,bb_V0005,,data/train/images/bb_V0005_I0005040_jpg.rf.5f0f8d86dd7d1be2067273101df91c0b.jpg,legacy_train,5f0f8d86dd7d1be2067273101df91c0b,9404f48585e6c829ff97983dc8ccfa7713e9b179949940d984f4f15a1811f28e,baf125fc7f0aef3f4f305c9ffe3c584f513da034cb2c7e9e2fb27b3d43cf7f40,1920,1080,8,historical_train
bb_V0005_I0005040,bb_V0005,,data/train/images/bb_V0005_I0005040_jpg.rf.96e2e63566e39a9eef5f5a955d9a1eec.jpg,legacy_train,96e2e63566e39a9eef5f5a955d9a1eec,df531a47ed35ecc27a1c6bd546963e1c6c0c61fbcfefcd11814450011ca22eab,24065f07a6cf1587f3ad94b23625b081d65636fe72de009e875a28b605d5ed5d,1920,1080,8,historical_train
bb_V0005_I0005040,bb_V0005,,data/train/images/bb_V0005_I0005040_jpg.rf.b18b16fcfb62f0e6a457fa1967dd573e.jpg,legacy_train,b18b16fcfb62f0e6a457fa1967dd573e,74ce85b691da6972c81659e5bb40f904fef99c9df6d6f79369b4bfd48cd8ca36,de80b61ef3a4dfff5e80fddefdd0cd6164ad06cf9d0561b883f6bbdf327a27fd,1920,1080,8,historical_train
bb_V0005_I0005080,bb_V0005,,data/train/images/bb_V0005_I0005080_jpg.rf.28ed13dc8c37fd698590be9b462919bb.jpg,legacy_train,28ed13dc8c37fd698590be9b462919bb,8c2a66e0dcbbc0e42fc0a2cf275aabbfb154a21c0c4634d0404fe50935772705,180b69b2df7f8f504817537779c93d1b19995314eeedfd3c73c004736ed86e9c,1920,1080,1,historical_train
bb_V0005_I0005080,bb_V0005,,data/train/images/bb_V0005_I0005080_jpg.rf.2d52b83f77f0ac7dc70d5ecb6af038ae.jpg,legacy_train,2d52b83f77f0ac7dc70d5ecb6af038ae,c8b89c3162ae60bde68b687a6db5aef54abafecd7537e8ffbd3838cb256ad855,bd08330ace457974e5da79b25126c40e2eaae43211acc2078cb451719bbe409c,1920,1080,1,historical_train
bb_V0005_I0005080,bb_V0005,,data/train/images/bb_V0005_I0005080_jpg.rf.e12abfd4bf2c253dd3e0a0ab98f316b7.jpg,legacy_train,e12abfd4bf2c253dd3e0a0ab98f316b7,57a19765fba886b63b207cf8df626daee0b59c41fc6d9703de32d0a90ba79951,0e296f5d4d7f60425abfbc560f41bcf7d56dfc28418deb424793dcfb1a7935a2,1920,1080,1,historical_train
bb_V0005_I0005120,bb_V0005,,data/train/images/bb_V0005_I0005120_jpg.rf.1147313b70b1e2d537ff0f8a586defa0.jpg,legacy_train,1147313b70b1e2d537ff0f8a586defa0,8568cdf0486c18a2dd8e4f8e2aeca3e683ef4a2e9b1a50b61ffe456487d9d6d5,4e560f2b1dd5cca2827af1498c26e4785f4a1c2fbf8bdb71a00cb313600abc05,1920,1080,1,historical_train
bb_V0005_I0005120,bb_V0005,,data/train/images/bb_V0005_I0005120_jpg.rf.dc15ef56785d7b896b74db3934a18ec7.jpg,legacy_train,dc15ef56785d7b896b74db3934a18ec7,ff22387e7241cbec7728aa04f0a5bf47ae7d4a2c6be52faf48c957da520f52b6,46f7684a44c65f32efd514dbfa0d5d0181fdf232f577b8367e23d60950914ef8,1920,1080,1,historical_train
bb_V0005_I0005120,bb_V0005,,data/train/images/bb_V0005_I0005120_jpg.rf.ea57d99327160d24e4e1a037c54f76a0.jpg,legacy_train,ea57d99327160d24e4e1a037c54f76a0,3610c931c7b9f87f17e5df0a820b3adaefe5005e5d59b0a80c1765b7b98b9a00,340693a46d82a318c0d95be38ca6df2d274c806b42a3c5ec1c055757f475864f,1920,1080,1,historical_train
bb_V0005_I0006360,bb_V0005,,data/train/images/bb_V0005_I0006360_jpg.rf.37cc9a4a21be0adf533c52100787760c.jpg,legacy_train,37cc9a4a21be0adf533c52100787760c,d543ea727a30ef8baafe738d91e6b0874cdd5e2dc49c4dd7bd4e93e2f348d191,255cc2de909955f33380dc5a450fba8ebc094effda3a2e94f8ce724f23926e9a,1920,1080,29,historical_train
bb_V0005_I0006360,bb_V0005,,data/train/images/bb_V0005_I0006360_jpg.rf.44c16307d57cd0583f33cfd313689a37.jpg,legacy_train,44c16307d57cd0583f33cfd313689a37,60aa18a178c684f59d768c67878a935aed185c5ba8ba0b1740bed03c73aabded,4d9b157642c43258a0c2bc1466ed5e0cb8690637ae4bec22ef42a25f5d9bcea1,1920,1080,29,historical_train
bb_V0005_I0006360,bb_V0005,,data/train/images/bb_V0005_I0006360_jpg.rf.a5086ac6c66cb2d0a8366e8c9b2b332e.jpg,legacy_train,a5086ac6c66cb2d0a8366e8c9b2b332e,d9e86bfbe51599199f4cade333f0ba0c46860488365f6809fa47723ddf868d5a,7b8b40e153cc4c7e2c5145a3a573815dee19fe673cc9e60ee553bd223bd6af94,1920,1080,29,historical_train
bb_V0005_I0006480,bb_V0005,,data/train/images/bb_V0005_I0006480_jpg.rf.200dcfd5e8bd1c34eb8d696d80b22834.jpg,legacy_train,200dcfd5e8bd1c34eb8d696d80b22834,78f59fe5bb4736978ba8fe4388137bbadfa450b44a97491a2062a1d3adf1ed7c,7f08266925fb1f58d3ab9cc0aef7f528b05da99f4bd2ff7a6d67e52964c69e23,1920,1080,26,historical_train
bb_V0005_I0006480,bb_V0005,,data/train/images/bb_V0005_I0006480_jpg.rf.4751c98b8653542d7db696b7c954b0f1.jpg,legacy_train,4751c98b8653542d7db696b7c954b0f1,d79b17f8fd618509805523b937adc8a39aba1d834afcc7430df1594f408c2f34,d456d58f657fe531db405fdeacec8c324f3e19742932327970d316e0eb60bf83,1920,1080,26,historical_train
bb_V0005_I0006480,bb_V0005,,data/train/images/bb_V0005_I0006480_jpg.rf.975ae37d1ad38e0a7833f61b37481dd8.jpg,legacy_train,975ae37d1ad38e0a7833f61b37481dd8,7c2c4c4cc17dcc4307dd3921b2265547bd279dda98cdac78711fc15fb273de4d,4e4138417d84e79067a22be884c2c56ae8ec12a4a71c9ba811e6c7cf02fd96ea,1920,1080,25,historical_train
bb_V0005_I0006520,bb_V0005,,data/train/images/bb_V0005_I0006520_jpg.rf.0631f54e0796e73b1d99c869603508e9.jpg,legacy_train,0631f54e0796e73b1d99c869603508e9,f1d406c59c885d1b6508bae4ce633e724e8d49b6c450c8e741923357843ed2a6,19e99c7c2ce62b7238008872fbb2819e6b9e520a650448c87192e17125aecb15,1920,1080,29,historical_train
bb_V0005_I0006520,bb_V0005,,data/train/images/bb_V0005_I0006520_jpg.rf.4198276c2d86b560a4fa184cccdf5e32.jpg,legacy_train,4198276c2d86b560a4fa184cccdf5e32,1b7a7f888e0eccd11403f3e3af937b38e82d1fdadb3a2dee646e5040a38f80ad,2340de6b9147f169f751529e772b4c275c29d4c30c8b35f218d0b99a0f9cc826,1920,1080,29,historical_train
bb_V0005_I0006520,bb_V0005,,data/train/images/bb_V0005_I0006520_jpg.rf.e0c75ae6a81c58443718ef544bac0702.jpg,legacy_train,e0c75ae6a81c58443718ef544bac0702,a2088d9359c093c1fe630b9385e0c3bcde1c67895ee162c54efadd3ba17aa8c9,9bc6f87c78c65edd34426a230d944317573b8d28e79bc8a4279289c6403a5107,1920,1080,29,historical_train
bb_V0005_I0006560,bb_V0005,,data/train/images/bb_V0005_I0006560_jpg.rf.c6933bc67488292fc516d0d06bb1a8c2.jpg,legacy_train,c6933bc67488292fc516d0d06bb1a8c2,dd3795fbe6d04a412785e14d6d022d46e7dde711b08b7aaf52d384daa1b6945c,68773c019beba0d2745d1df65642f117191a4eb3b41faba41ea005e01c1efdd6,1920,1080,22,historical_train
bb_V0005_I0006560,bb_V0005,,data/train/images/bb_V0005_I0006560_jpg.rf.d9bd130fd8917f14118ce1ac71268630.jpg,legacy_train,d9bd130fd8917f14118ce1ac71268630,4a63ce34bb079c1a43021e00afdf522e8f882ccbf400b725cb7cfb10540fc355,c0acfdff38fb97c4c29717a8765841dee6ee9e547b6af5d0a7a2375da9521529,1920,1080,26,historical_train
bb_V0005_I0006560,bb_V0005,,data/train/images/bb_V0005_I0006560_jpg.rf.dccdd88ebc3cc06401882d63ea70454a.jpg,legacy_train,dccdd88ebc3cc06401882d63ea70454a,cf7fd7ad594a773299368fa361d73f9f82e01cc64f50ef3f549a6444993229e0,6088130f986e44c668fde1cfaa5d31d4be9e390fde5a5c5d57be26701f617458,1920,1080,26,historical_train
bb_V0005_I0006640,bb_V0005,,data/train/images/bb_V0005_I0006640_jpg.rf.9ec7a9d2030e4146b5772fa1754943ec.jpg,legacy_train,9ec7a9d2030e4146b5772fa1754943ec,bef5d161e1e8e84727ea219793d4bad8bb67aa6ce1f4fd868d189818b0d43520,1bc94f5316c91e28927a0581fe0adc7fdcb5e7b896cc421e6d0efb6397840b22,1920,1080,17,historical_train
bb_V0005_I0006640,bb_V0005,,data/train/images/bb_V0005_I0006640_jpg.rf.d3fe09c20f8dd56a59f59509ee9ec2a7.jpg,legacy_train,d3fe09c20f8dd56a59f59509ee9ec2a7,cd64e5b4637e53efc52abbf0d903470961702cbf13b1f820f20906cf13eea90b,0afb7375a8ae61ceba0f9bfcb95a463ec6913d1289556c12be44dc9a4ff6df9b,1920,1080,17,historical_train
bb_V0005_I0006640,bb_V0005,,data/train/images/bb_V0005_I0006640_jpg.rf.e77dfd7abadf61e910bfece93d4113f0.jpg,legacy_train,e77dfd7abadf61e910bfece93d4113f0,1399266227aa02b96a317dd13423feed224f5e54be59c30f1ed6723f3daf2352,fcd86f6c7563c24933a625aaa6dc206921c47bce2fe78b904c8a289c5a9b6413,1920,1080,17,historical_train
bb_V0005_I0006680,bb_V0005,,data/train/images/bb_V0005_I0006680_jpg.rf.421f7799771599902266c2c508f27b6c.jpg,legacy_train,421f7799771599902266c2c508f27b6c,c26bd4f91e63c84933f3ae2142c9a89b8511d8321c2ef896a718dfa2a17a6763,b810198f6c7fa51868b76cb5175de3bbd2fd0a86d1870da86f074f62eeb9e6ac,1920,1080,21,historical_train
bb_V0005_I0006680,bb_V0005,,data/train/images/bb_V0005_I0006680_jpg.rf.750280408b209d6b631276f043904889.jpg,legacy_train,750280408b209d6b631276f043904889,7b52373896e4c267a67d799b6d1e7c498c8fcbd392ffef9c58201306895a436e,f491ed2f8f83643411fcbb46684a5be4ba627e795a2b4fe53c904262b91848cc,1920,1080,21,historical_train
bb_V0005_I0006680,bb_V0005,,data/train/images/bb_V0005_I0006680_jpg.rf.bcf6e77dab7201a163122f0e2ca32bc0.jpg,legacy_train,bcf6e77dab7201a163122f0e2ca32bc0,7a21504ffb9a58eaa6c5f015eb7fdd8c0d85921f9f3ed4688088c3f5bf8fd154,abbe5e164d0d8b815ec77a26854d5fedd07bcefc03fbcfcae51a5f17c1a5330f,1920,1080,21,historical_train
bb_V0005_I0006720,bb_V0005,,data/train/images/bb_V0005_I0006720_jpg.rf.04a4a13bbcb77f10540116b2a2bf6505.jpg,legacy_train,04a4a13bbcb77f10540116b2a2bf6505,73674970835d0e0107b3b24c9a4262161053c3d772e1e8bb5e10fb412c804f41,fa67621e3bb6e1cdc851e0ebbf8b1a813217d13252f09417f3437d16e79c669a,1920,1080,33,historical_train
bb_V0005_I0006720,bb_V0005,,data/train/images/bb_V0005_I0006720_jpg.rf.1c403aa99e9b6329dd4f210517e185b9.jpg,legacy_train,1c403aa99e9b6329dd4f210517e185b9,e9947f48385ce4e2d6ff18e19218f3beb200f60b00b740c2fae69e466205b7d8,4afd6a6d3d3795c08c3cc099ef5433d5530bd5981ad96db67ddfbccd55a3c1e0,1920,1080,33,historical_train
bb_V0005_I0006720,bb_V0005,,data/train/images/bb_V0005_I0006720_jpg.rf.28516d6ea04341ab0469fdbe80574016.jpg,legacy_train,28516d6ea04341ab0469fdbe80574016,47e14fb811d239683039951cc121fcbf27a6de7d5880f1085f9cf421cf3003ef,315690bb67a704b4034201f2b3c20aff24d219dbab62b3e8e0da5a391c518f2f,1920,1080,33,historical_train
bb_V0008_I0000840,bb_V0008,,data/train/images/bb_V0008_I0000840_jpg.rf.bf270059b4f007f11ecea392f19dc8ba.jpg,legacy_train,bf270059b4f007f11ecea392f19dc8ba,851b00a041df8a25d048153ba1491c574fab3bbe2424637f78fe7b16a9d3c29e,402934b6de1e25da887102d64cef721b3002c259fad21bc9bf347310cdc95ec6,1920,1080,1,historical_train
bb_V0008_I0000840,bb_V0008,,data/train/images/bb_V0008_I0000840_jpg.rf.c3a23d5e4068794b0fa263ece26e4c54.jpg,legacy_train,c3a23d5e4068794b0fa263ece26e4c54,36dd4726c9fc0f0e9a718965fe03212d5f71407911b3fac44ad68e39ef3154f7,e7b78004f35f7659100c4a8f439348675c22a03736cfee8d686e4dd9a1dde4e5,1920,1080,1,historical_train
bb_V0008_I0000840,bb_V0008,,data/train/images/bb_V0008_I0000840_jpg.rf.df5b22eb9fb62b744be93e58a067493e.jpg,legacy_train,df5b22eb9fb62b744be93e58a067493e,7212eb741b460ff62a4ce02ca6c5a31935694a1e2dfba5e004bd75415daaac4d,faa525970f7a993ae65b9e9fcf4c92ad6dff9685e25f68789a068a5cf9443288,1920,1080,1,historical_train
bb_V0008_I0001920,bb_V0008,,data/train/images/bb_V0008_I0001920_jpg.rf.0954c78e3768aa4d2e1859325585d77d.jpg,legacy_train,0954c78e3768aa4d2e1859325585d77d,76010df505b4e0d6438fe965613fbe85a83c3fa61ff807afb76452b69b4738e6,e15e2baa0dd3fd862bb5222fee2b689a62cd800b0e64fe6a6f6d0cb83e7b490c,1920,1080,1,historical_train
bb_V0008_I0001920,bb_V0008,,data/train/images/bb_V0008_I0001920_jpg.rf.33ca20e318aafe3224b9417162f3610c.jpg,legacy_train,33ca20e318aafe3224b9417162f3610c,2c0efd54a8fa728204ef1cabeadd48d420b33e3ea21039ceb9f0906733f6954b,cef252a87434a3898528169dc5df06ff6c4a9ab4b5f1c48f43f4a2690d6290a5,1920,1080,1,historical_train
bb_V0008_I0001920,bb_V0008,,data/train/images/bb_V0008_I0001920_jpg.rf.ceefa442f699c9f7a40690f4ba6fd071.jpg,legacy_train,ceefa442f699c9f7a40690f4ba6fd071,28bdce5771a8872d72e675d603226e1f802c3654187ef367db8341ffa340b877,81e4683577255c4a56201ebcb6baf935ec33c80782ccf4340f686dcbceb8faa2,1920,1080,1,historical_train
bb_V0008_I0002040,bb_V0008,,data/train/images/bb_V0008_I0002040_jpg.rf.68c715b18fba550c7a3939c596a81416.jpg,legacy_train,68c715b18fba550c7a3939c596a81416,e59c134a8fcd82094b4c22576893b5ed54415243c5132714ed5dd7468093cca9,86716508407c21bad410b35b81d64cb5d45f6be30ea5da5932a0244f8fdac572,1920,1080,1,historical_train
bb_V0008_I0002040,bb_V0008,,data/train/images/bb_V0008_I0002040_jpg.rf.97b022aa52e6859a28db9c0d6319649e.jpg,legacy_train,97b022aa52e6859a28db9c0d6319649e,5d6a59b9886615ee70578ae4c597c638eb45f831eadcce9d458968cb47ef4597,6c2cae15823875bb3e6c15e7c0a370319e0efd72d5a7ef9deec6ea4605bb54cd,1920,1080,1,historical_train
bb_V0008_I0002040,bb_V0008,,data/train/images/bb_V0008_I0002040_jpg.rf.fb07945e7aa208d404528de6a54252c7.jpg,legacy_train,fb07945e7aa208d404528de6a54252c7,3b2abb52cb220af705dd4473115ebc55b558b647f6fe67e1ba5e9462619ff575,d9615bbc925d4b51732013372a7ac513833525fde81ed5c8b4b1583024bbd604,1920,1080,1,historical_train
bb_V0008_I0002840,bb_V0008,,data/train/images/bb_V0008_I0002840_jpg.rf.7755162648565a9b497551386bd669d0.jpg,legacy_train,7755162648565a9b497551386bd669d0,98938011c50faa0b204240936acb63d6c8b937adcd2cf43c2bbd84df5440c57e,542ba20dc71054dc5f1210a1865b6b4449ed4ddd4db1e8a7e894281651eafa18,1920,1080,1,historical_train
bb_V0008_I0002840,bb_V0008,,data/train/images/bb_V0008_I0002840_jpg.rf.91e4de86a5b91f5e1cd4528a85c76867.jpg,legacy_train,91e4de86a5b91f5e1cd4528a85c76867,d57a0f62c694115c1cc3e9a2796b411d9c1fd581c92af73ba833ae59dd73d690,b4c2c79abf06eef211fe1fe46e9681bbd1a4d8064f0106d2ef9ff4b96a817aee,1920,1080,1,historical_train
bb_V0008_I0002840,bb_V0008,,data/train/images/bb_V0008_I0002840_jpg.rf.eddca59370f4cf3fe97adf556e23b0e3.jpg,legacy_train,eddca59370f4cf3fe97adf556e23b0e3,0b4a03727b3b91a49cc7d74f3262cfd2ff8cec1baebf029b85797f854f75d915,0bccf3a30ce782c42828954f2b60305c02fc7a05e7f2d1db6885e2cc9784f2f2,1920,1080,1,historical_train
bb_V0008_I0003440,bb_V0008,,data/train/images/bb_V0008_I0003440_jpg.rf.2f8e60b6cf9bfe1c7f7e3c23a9d06b2d.jpg,legacy_train,2f8e60b6cf9bfe1c7f7e3c23a9d06b2d,cba4d8c29536de7a38d569f60788976cd65a5ad1c1f70fc7fcf10800c7cd79cf,2e0bd24a8989a0d1292a92ea061ac3b609b6614d46294616518108da4b63051d,1920,1080,1,historical_train
bb_V0008_I0003440,bb_V0008,,data/train/images/bb_V0008_I0003440_jpg.rf.5c5adb299c0b1a5b86e80b255ba5eadf.jpg,legacy_train,5c5adb299c0b1a5b86e80b255ba5eadf,b32324bd84af2e105971c31d21f33707e9405e70be3186ca9d913f012cd1f7cb,70ee3a4e6a14a1e021656db73120a677be8d7aeb2902266f720f74f4e994b8a7,1920,1080,1,historical_train
bb_V0008_I0003440,bb_V0008,,data/train/images/bb_V0008_I0003440_jpg.rf.f7eee2e5845d4ebec3e6ff229a30d572.jpg,legacy_train,f7eee2e5845d4ebec3e6ff229a30d572,dcf8131176e3492a457e2f99235032e32343fad6da78bdebe6f6ff0de4455378,74d65d29259b1650bd5b7ee9721ead4ff40f54a79267497b30e229d6cf836478,1920,1080,1,historical_train
bb_V0008_I0003560,bb_V0008,,data/train/images/bb_V0008_I0003560_jpg.rf.1b88e7e1ef0e2b9bd3c41861935c9f9d.jpg,legacy_train,1b88e7e1ef0e2b9bd3c41861935c9f9d,9c940c261141b8620665a806e1561084a16efe70e6b4b44de6cc2b6d97187ab6,4aca0d4469369698d1d1015c570c4e983e4b2f9e5bee0b637cfa640b037c3546,1920,1080,2,historical_train
bb_V0008_I0003560,bb_V0008,,data/train/images/bb_V0008_I0003560_jpg.rf.45023266dc9f1e54bfc6549655aadc63.jpg,legacy_train,45023266dc9f1e54bfc6549655aadc63,fc1822ab161bab072d4c6c3db8d7a8d5e67106fe418462d477c5313cbfd821b5,d610bd5cca841f83dbbebcc9bd0d76a215eac55f384af1eb729655d56ed5c930,1920,1080,2,historical_train
bb_V0008_I0003560,bb_V0008,,data/train/images/bb_V0008_I0003560_jpg.rf.dc2ff48eb27f7429c2cf85b633808f40.jpg,legacy_train,dc2ff48eb27f7429c2cf85b633808f40,fcfcba3968c817b933902a05ced6185547b3807d2b1b2d3004f3f85e80c58972,466a5fecdaf9fa850a41787d7bf852dc3f1e40ecb6f1a273af2ca03201465a23,1920,1080,2,historical_train
bb_V0008_I0003640,bb_V0008,,data/train/images/bb_V0008_I0003640_jpg.rf.aa91abd9e6e7d63c7c3db72c5b512859.jpg,legacy_train,aa91abd9e6e7d63c7c3db72c5b512859,de2f3ac9ad564421aee245f97610df1b0bf1f11510adb1102b308eab486b1916,937b5990b26424d660f18276bb778bc9e23c77b4f8c74b477cecb7688f731b2e,1920,1080,1,historical_train
bb_V0008_I0003640,bb_V0008,,data/train/images/bb_V0008_I0003640_jpg.rf.d29e0264f12969eebd96c924759c02b3.jpg,legacy_train,d29e0264f12969eebd96c924759c02b3,beffabbc1693e00e6e0cf980d9247c2479068073a6ff99428b9249f6ea1718ef,07372b7f3746d1154bc5bf79ee6acf4d328489718883ecfc8f6bca210e8bd7bf,1920,1080,1,historical_train
bb_V0008_I0003640,bb_V0008,,data/train/images/bb_V0008_I0003640_jpg.rf.f6a8a8fc7faaa4958674ae28a489e23f.jpg,legacy_train,f6a8a8fc7faaa4958674ae28a489e23f,25ec648ffa50d9eaa0d3c223c7e7f60b4a3979de8699d874ec218bfeb30568a3,e04c3e766775503cd2630ed1097534dadba32a7c0beb818e480f4775873ccb3f,1920,1080,1,historical_train
bb_V0008_I0003680,bb_V0008,,data/train/images/bb_V0008_I0003680_jpg.rf.80fbe12bddda30bc58ddbe8581910909.jpg,legacy_train,80fbe12bddda30bc58ddbe8581910909,b5af93462063add702c7c3e2bd0d053e9bcd9d770762bda1a38864d886592e3f,d56667cc357d837510bd46f4c949d3df99742ec40b1b142916c921f6f4043de1,1920,1080,3,historical_train
bb_V0008_I0003680,bb_V0008,,data/train/images/bb_V0008_I0003680_jpg.rf.9f2db4900e40d76d3eaddd47d23c771c.jpg,legacy_train,9f2db4900e40d76d3eaddd47d23c771c,021014bd7192af0d4df1443d02361ae29610d9be3b013c6c2ba21f5992383729,9b48a2c7709f972e3a952069ee5458a8e78367764e4f6dfb80829dcf290df3f1,1920,1080,3,historical_train
bb_V0008_I0003680,bb_V0008,,data/train/images/bb_V0008_I0003680_jpg.rf.db7c35e59736c405b95eccb0521db062.jpg,legacy_train,db7c35e59736c405b95eccb0521db062,a9724e93bafe1467c25bfe66705172aec434366c91df29df5b2118d1a2f5ea1d,64e125236482d827688570c1a41129255884d389d27e3167b7a40b6b267c365f,1920,1080,3,historical_train
bb_V0008_I0004000,bb_V0008,,data/train/images/bb_V0008_I0004000_jpg.rf.107c13690b697e1c96c4ec9cf45a0bb0.jpg,legacy_train,107c13690b697e1c96c4ec9cf45a0bb0,fcb1fec137056dced1e4ca2416969e0af7059373e131afb4f35551b8b4f3fc56,49bb86e9ff1deaba079048317a81ab660ff3138666b2bd241255acc7f2b00d63,1920,1080,1,historical_train
bb_V0008_I0004000,bb_V0008,,data/train/images/bb_V0008_I0004000_jpg.rf.4edbf4cccbf9918358c17e8a5a23204b.jpg,legacy_train,4edbf4cccbf9918358c17e8a5a23204b,42c175850c29c8e86022c29bd0180044d6373a9acfb8e63df6decfd878533894,041872b3d22218e8f2ffefb9e40a00158ee6debc9feb1e059cbb662cb2afdd15,1920,1080,1,historical_train
bb_V0008_I0004000,bb_V0008,,data/train/images/bb_V0008_I0004000_jpg.rf.f4afff005366e52c6eaa67d1d7e7b859.jpg,legacy_train,f4afff005366e52c6eaa67d1d7e7b859,8dda052fcf9b6a34fb6f59ba97498f05965cd9bcba3f135621e76671f287034e,e4c6795a8306bcd7c2375adb223841465ae1790e7e73642a646c99834d60acda,1920,1080,1,historical_train
bb_V0008_I0004440,bb_V0008,,data/train/images/bb_V0008_I0004440_jpg.rf.3992771f81b6a60909114e1e5e1d1369.jpg,legacy_train,3992771f81b6a60909114e1e5e1d1369,fbdee7a902491eb48bcac83a01a74100e175cc7db961f99638730e4bb4a8d835,5be451e7f4b03f0e2fac11b50e3bb4dffd3bec3fe461b93885a2d13e2a2198b0,1920,1080,1,historical_train
bb_V0008_I0004440,bb_V0008,,data/train/images/bb_V0008_I0004440_jpg.rf.d4f9caa5104a0d0de5af89708585eeeb.jpg,legacy_train,d4f9caa5104a0d0de5af89708585eeeb,235f5566a371dc35421416c0329f3c58ef66f3a699b894e58d3ca219392efce8,a77c55dfc747bd446b56af89bb77428e5bf72edc0e2f40fd09250d6b3fad1439,1920,1080,1,historical_train
bb_V0008_I0004440,bb_V0008,,data/train/images/bb_V0008_I0004440_jpg.rf.f7d3ffc429f8329382943413acc4fb52.jpg,legacy_train,f7d3ffc429f8329382943413acc4fb52,0a2ff2f2ea552d9d4492f76216840c94ceb5419957afec698687ab430e7f022a,241bbc76c6b6858ee7a4ad284798dfbbba9f7549eecb6ed96bf5af944d543997,1920,1080,1,historical_train
bb_V0008_I0004640,bb_V0008,,data/train/images/bb_V0008_I0004640_jpg.rf.bc9657805b327b996fd0c87e319e8e8c.jpg,legacy_train,bc9657805b327b996fd0c87e319e8e8c,f472e34b720842b12e44ec2428b95a7a7d79b120c7a835d5c0b377d0d816c51c,2a60d02f018e3674e4cac7b947aa6b329f7d47faee127aa7b2b83939427f2f8c,1920,1080,1,historical_train
bb_V0008_I0004640,bb_V0008,,data/train/images/bb_V0008_I0004640_jpg.rf.e8958a5f9cbd01c3e1a82da47d385cc0.jpg,legacy_train,e8958a5f9cbd01c3e1a82da47d385cc0,23e51201efa5c8c7ccf240905e56af603f4190ff035f217aea0cf06c9f47363e,f051dc32aba383f4741bd68027255453f49177981bcf6264ce807fc53e03f069,1920,1080,1,historical_train
bb_V0008_I0004640,bb_V0008,,data/train/images/bb_V0008_I0004640_jpg.rf.f82e0b23887ddf848a31527a09ad9b4b.jpg,legacy_train,f82e0b23887ddf848a31527a09ad9b4b,67d9481bb41ae56e26d857b9bd207e21d841c9c6e55fd0e32cb4dd2b91f78d9b,2c54eea8fb4a6c1aad232e30b5ddddc7d30364894a7ffab990fcd25d94ecdc37,1920,1080,1,historical_train
bb_V0008_I0004800,bb_V0008,,data/train/images/bb_V0008_I0004800_jpg.rf.92b032d798df30df3282826dc9dad705.jpg,legacy_train,92b032d798df30df3282826dc9dad705,a5c8bac8559cb16f92639c463cbb59e053a803803e3a0abbeebcb8bef07d3dfe,1868cb9b88157c9fe4921a74ea764ffe061e974b0b03699413e9a4bf7dfee64b,1920,1080,1,historical_train
bb_V0008_I0004800,bb_V0008,,data/train/images/bb_V0008_I0004800_jpg.rf.bb1c13934861c46b912606900f770cb6.jpg,legacy_train,bb1c13934861c46b912606900f770cb6,1576789f71a9f31e1453ff83cf6f3ab1e95577b301089c6c28daa896b2e3eada,34c8a16a38646377c5bdc673a0b08ebb0cc9033b0fe45072903af7e66db6c082,1920,1080,1,historical_train
bb_V0008_I0004800,bb_V0008,,data/train/images/bb_V0008_I0004800_jpg.rf.f6d1b992ec186bd19b33bcae46669b95.jpg,legacy_train,f6d1b992ec186bd19b33bcae46669b95,034fa79fe7192e4146942e5e16d90c322e10556b869aeb78ab1183397e35fbea,62076c4e715fb5a6c85958b7960ba2cd2a82ef5ad88e481df41ff265bbe530ef,1920,1080,1,historical_train
bb_V0008_I0004840,bb_V0008,,data/train/images/bb_V0008_I0004840_jpg.rf.275e3b36f33a19319b323a2d3c330a8f.jpg,legacy_train,275e3b36f33a19319b323a2d3c330a8f,7b049cbd082b2deb97f84086cea900fa3677b3d37eab66e566abeb4b60d42520,138e95f1067c35dbc49508f20b569fa0a06a3610ebd69467313a53dee81f973c,1920,1080,1,historical_train
bb_V0008_I0004840,bb_V0008,,data/train/images/bb_V0008_I0004840_jpg.rf.3abb4ebbe65efc591fef7d6f61946893.jpg,legacy_train,3abb4ebbe65efc591fef7d6f61946893,d1c863ae0facc33875688979af813db13b3741ab853e737d45d233299743f386,d978bff24cbd67f271f6c56d87a43d5dccf35154712f2d2e8be37d8753f20891,1920,1080,1,historical_train
bb_V0008_I0004840,bb_V0008,,data/train/images/bb_V0008_I0004840_jpg.rf.a24eaef1ec0d5da9a5fb1ea83b3ad785.jpg,legacy_train,a24eaef1ec0d5da9a5fb1ea83b3ad785,59d6ad9cd3bb40fd69e6bf08e4aebec5a5329666b368b2af2390274f2b6c5abe,b9da1ab6deb1dab4b2fddafb07119966b25bd1c2ab53e55712d2354cad268e87,1920,1080,1,historical_train
bb_V0008_I0005320,bb_V0008,,data/train/images/bb_V0008_I0005320_jpg.rf.27d38276b205e3d7dc2b997a1cf89c6a.jpg,legacy_train,27d38276b205e3d7dc2b997a1cf89c6a,31b1a8fd47f9a7c8264f23a691da586d0f60c375ceb3c1f8e376f22002c10894,67f7e19285f12bafa6fe8d1a45ce3d177c8908a883dde7d8e3c57841b0efed8b,1920,1080,1,historical_train
bb_V0008_I0005320,bb_V0008,,data/train/images/bb_V0008_I0005320_jpg.rf.a6d49fd7edccbb91dd3fdfb71e60da63.jpg,legacy_train,a6d49fd7edccbb91dd3fdfb71e60da63,765a70cbd468830e22c67a9d93f5b3f04c929047888cb3be516f973211553019,c09818a7477f95d9ebbb08a37c52d04aea4c246bdff86bb23d110edfe0c6acaf,1920,1080,1,historical_train
bb_V0008_I0005320,bb_V0008,,data/train/images/bb_V0008_I0005320_jpg.rf.b9358156729ab191c8a3dc4b707f76f7.jpg,legacy_train,b9358156729ab191c8a3dc4b707f76f7,59e8e314cf271456ccbb34067e842cbece69230de8c46f0fcd1846cde4c49f1a,9e4cac53f8672b88c7adb22676451a9cff1cb4b8dafb4c36794611d617980be9,1920,1080,1,historical_train
bb_V0008_I0005440,bb_V0008,,data/train/images/bb_V0008_I0005440_jpg.rf.1beb824d085ba2b7a952738c10305ba8.jpg,legacy_train,1beb824d085ba2b7a952738c10305ba8,0902a072944f24a071ab4478666a3e1649a616ff4f39a3defcc313d583c04d72,d987cf836293f18627feb6fdc5207b8b9ff40fe96723cd8c1d8980fb8aadc88e,1920,1080,1,historical_train
bb_V0008_I0005440,bb_V0008,,data/train/images/bb_V0008_I0005440_jpg.rf.3f089b7db747f8813af95c530c146afe.jpg,legacy_train,3f089b7db747f8813af95c530c146afe,1511527cf9390407d023d3e1ea19f1da6198a4d752f63ee4e09b4aa897c0924d,b948cfd460da0851786978c190d5a847ee34ebe63a4024fcaf13060db2ba6d8d,1920,1080,1,historical_train
bb_V0008_I0005440,bb_V0008,,data/train/images/bb_V0008_I0005440_jpg.rf.816c90a24f6c5d0ce946bac2d70b5d53.jpg,legacy_train,816c90a24f6c5d0ce946bac2d70b5d53,796d601700de1d2034383d61999faa1c98591ff2264dbf780d65ec76727d10a8,46a2f9a03aaacfe8c576869db3bb8030d3471beeabf64d4abc89e58e428c9584,1920,1080,1,historical_train
bb_V0008_I0005560,bb_V0008,,data/train/images/bb_V0008_I0005560_jpg.rf.1f512dd03c17d8da81cd813a59e3c7db.jpg,legacy_train,1f512dd03c17d8da81cd813a59e3c7db,deec0edb9075625ceb2a569cae8be4e94432d5170c69bd764ce77f9208f26aca,3bd3bb0f82deceea03f3ee9ea064f24a5e11b507351d3e0d68fe07ad71ad5719,1920,1080,1,historical_train
bb_V0008_I0005560,bb_V0008,,data/train/images/bb_V0008_I0005560_jpg.rf.21d0f1057050b59b0830f2e4dc134b5c.jpg,legacy_train,21d0f1057050b59b0830f2e4dc134b5c,5dcd71ab4be01a4b4d0aa6c53f956d41eb16a4fe0c365f27298b3d095b3432fe,e1f43f166f00b2324728457df77027aac251fd9a05d9763f5f39cc52a9d9be90,1920,1080,1,historical_train
bb_V0008_I0005560,bb_V0008,,data/train/images/bb_V0008_I0005560_jpg.rf.83f6a7145fea01038f211eb91827a3e0.jpg,legacy_train,83f6a7145fea01038f211eb91827a3e0,f64990585148e9bbdc0c700b16598f7440ceae64184f9b5c80782c432b7d0da2,590c6bfc072608a9f338e70ad15218b78060a251970f73bd406ffd01e2b1a50c,1920,1080,1,historical_train
bb_V0008_I0005960,bb_V0008,,data/train/images/bb_V0008_I0005960_jpg.rf.0855ff29a5bf8456c5d272dc3708c6e8.jpg,legacy_train,0855ff29a5bf8456c5d272dc3708c6e8,d6a1bdc7e0ba8dfbd97b18f6f33cd59443b96a1e5defab8ee1036988e5114bb1,88bc44ccc5e2b96ac170c849ca7da0d2f20fc7dc6bfaf8d8c66ed02e0fe5d768,1920,1080,1,historical_train
bb_V0008_I0005960,bb_V0008,,data/train/images/bb_V0008_I0005960_jpg.rf.5a3c287c0b010d325ead1a7ced682157.jpg,legacy_train,5a3c287c0b010d325ead1a7ced682157,a161be8b834a114960a72fde69b7bd190ea4bb2150aa91eb22ca79c86e6e2a15,1fc734d62319619b3c37d1fdf93b98cfda3c9a58cd8729040e6fa1b158d76292,1920,1080,1,historical_train
bb_V0008_I0005960,bb_V0008,,data/train/images/bb_V0008_I0005960_jpg.rf.70124b948f07e7fc86e1dd0cc011827d.jpg,legacy_train,70124b948f07e7fc86e1dd0cc011827d,d25fb6166314650e16ac8a68558a92a35078a0c7f8f9c0ead49cbcb33343e3ac,b3db23d1296f1fc7cf568249800e0298d9d1141c564a1ae53baebeae65daaefa,1920,1080,1,historical_train
bb_V0010_I0000040,bb_V0010,,data/train/images/bb_V0010_I0000040_jpg.rf.4f0a81f84e18a60ad31e44eab1a695c4.jpg,legacy_train,4f0a81f84e18a60ad31e44eab1a695c4,9120b6f37bbb3eca5c1f8aa143c108f68ead67f8cff15fb992907c6efa961350,8abc534ced5031b044cf0ad03615171ae1d0bb59be320b89b3281725827dfc5e,1280,720,7,historical_train
bb_V0010_I0000040,bb_V0010,,data/train/images/bb_V0010_I0000040_jpg.rf.9f615baec8724e9ef85c8867b4768296.jpg,legacy_train,9f615baec8724e9ef85c8867b4768296,9c5dac6ef68259fe3a6c1a328cfe9179902c07dc729d6337b81d78f200d9de72,28eba4229b8ef60e93abe825e27171efaea72da459ce82f626e2173d06ef91cc,1280,720,7,historical_train
bb_V0010_I0000040,bb_V0010,,data/train/images/bb_V0010_I0000040_jpg.rf.d4ddf60d70deb29c7e8d5cda9fb8bbae.jpg,legacy_train,d4ddf60d70deb29c7e8d5cda9fb8bbae,8f2ccb7e29d1b8bde00b35168d91f04239b511ea24a4f64e37f7755cd36c2e46,bbfd42c2d28f3fc53314d961f6056317143c655ec0628661bebf4fd63e6d9a0a,1280,720,7,historical_train
bb_V0010_I0000360,bb_V0010,,data/train/images/bb_V0010_I0000360_jpg.rf.1e5986ef55a8b77ab2241e2175273204.jpg,legacy_train,1e5986ef55a8b77ab2241e2175273204,9bdd58c3666a4baa300e52569900729e1b4e8d58aa6a8fa5a765fcaa99b8cb9d,521283d5bdc8399cdd2a6374dee775d80dd7c0d463d4a2889d3382c941ed3386,1280,720,3,historical_train
bb_V0010_I0000360,bb_V0010,,data/train/images/bb_V0010_I0000360_jpg.rf.8582302a439efe1a2a39bb266891b32a.jpg,legacy_train,8582302a439efe1a2a39bb266891b32a,89df827ae4f8a41c4a076df789e3324c6932addcdc3a6ce3e0fa56e5d0e6481f,972201af08a2905b8f3dae27bd6c91241deab93b21ceeb2d5ce855079494a278,1280,720,3,historical_train
bb_V0010_I0000360,bb_V0010,,data/train/images/bb_V0010_I0000360_jpg.rf.b30a89ceaf91c6c92329bf94a9256d44.jpg,legacy_train,b30a89ceaf91c6c92329bf94a9256d44,ebc7f281886fa3bc126284e5e66386c65a9a2298bf5fd1abd8c474c479bb217d,ce368a5803c6010281a4e9ed8a6d7e984b5d99875cbe7ca73ba7e2492843872d,1280,720,3,historical_train
bb_V0010_I0000400,bb_V0010,,data/train/images/bb_V0010_I0000400_jpg.rf.4354df2cff9b46e0f734bff785dc9500.jpg,legacy_train,4354df2cff9b46e0f734bff785dc9500,b3c57729a5ba13868d4baf0478ec86e14d5bfc93178ece2209fe4767e570f19c,9d549b24e3cace7c01db9e6d019d9e307493d2edd0b1d34eb399b18f7429ee21,1280,720,2,historical_train
bb_V0010_I0000400,bb_V0010,,data/train/images/bb_V0010_I0000400_jpg.rf.a553be4af8c01d77bdf1915712e43606.jpg,legacy_train,a553be4af8c01d77bdf1915712e43606,bc0327e3bdea0ee0c7a740452c38a1490ca2e9b5b1b0d353efbe9a4cf1756176,72a29fe57ccf3a3304e2d76f3a25f6e702272188632b4c7a6e573be0e8ef5c7a,1280,720,2,historical_train
bb_V0010_I0000400,bb_V0010,,data/train/images/bb_V0010_I0000400_jpg.rf.da8af7820c02e45ccfb9152eacee0bd2.jpg,legacy_train,da8af7820c02e45ccfb9152eacee0bd2,9ff4c43b42768f248df912b23999a8d5c025d48bc38e2b92f75cfd3558906d1e,89468f2ca912298fcda7cefcf006741c70af3147c86b2fdebeca00f0e7f43d58,1280,720,2,historical_train
bb_V0010_I0000480,bb_V0010,,data/train/images/bb_V0010_I0000480_jpg.rf.08980261c8d9d2c6f02f41fed8b4dbf6.jpg,legacy_train,08980261c8d9d2c6f02f41fed8b4dbf6,7c5ed1b71a3da0edfb6a28b175cf3ad695ed22bf2e9a0ebe454c674cfbd04001,32bdb0130aa9053f4275cdce09d2c794ee9591a6d389b0a78d79327f94020aa6,1280,720,11,historical_train
bb_V0010_I0000480,bb_V0010,,data/train/images/bb_V0010_I0000480_jpg.rf.7fd6f7377e7ed9b9ba36f141103e600a.jpg,legacy_train,7fd6f7377e7ed9b9ba36f141103e600a,36948e24e0df5be2fe874d7959964e72c126a1f459696ab4c7ac10771d8c73cd,e05848607e7b2deec80182849577b082d01154a9ec47ca059d24832c2bdbdd47,1280,720,12,historical_train
bb_V0010_I0000480,bb_V0010,,data/train/images/bb_V0010_I0000480_jpg.rf.d4bf47aa91b10b28ec96c6dadd27c558.jpg,legacy_train,d4bf47aa91b10b28ec96c6dadd27c558,a90548cd714a8e3954acea465bc74595d906af86d7536f6a13644118cff96f59,fc7443cfc3ac2bcd0bc9b3da6dc7400127770186c15a44fb13f36252164f1ea4,1280,720,12,historical_train
bb_V0010_I0000520,bb_V0010,,data/train/images/bb_V0010_I0000520_jpg.rf.0b6cf8b8f8ecea70f70d03f70c5eeb3e.jpg,legacy_train,0b6cf8b8f8ecea70f70d03f70c5eeb3e,e02769bd22e69f4612c75920cb17dce090be611c56c47ef65dbcb05ea635d834,bb508e1196cfefe35f086d36d2a568127fc99b4df7d53b1c9ac9ab1164a58032,1280,720,9,historical_train
bb_V0010_I0000520,bb_V0010,,data/train/images/bb_V0010_I0000520_jpg.rf.50363351a8b84fef2dee77fcba09c282.jpg,legacy_train,50363351a8b84fef2dee77fcba09c282,dac4acb53a50601ca1f3e2e0bf5325bf04612ebf0e55310244fa7222a0548fb5,366ae1eb44e759c511ef0b484c0398a595320c45ee89bfd2abb49413327858f9,1280,720,8,historical_train
bb_V0010_I0000520,bb_V0010,,data/train/images/bb_V0010_I0000520_jpg.rf.c3a0c02dc192dbe147e5153b27ce0040.jpg,legacy_train,c3a0c02dc192dbe147e5153b27ce0040,0bd97ea970334f5d0b99a06ee1f10e67dc513865c982bf252335202b156cfe28,de7db041a852e09156361e822277dd4c9f751550b6ee86efd5a854907a34e4a3,1280,720,9,historical_train
bb_V0010_I0000720,bb_V0010,,data/train/images/bb_V0010_I0000720_jpg.rf.298cb005e9202d4f5d65dee4266235c3.jpg,legacy_train,298cb005e9202d4f5d65dee4266235c3,3dfa50386561a23aa221d4359bbeefd8d50ccb05cbf6db099e397b8bd0a46c45,7b96e521d09f57a8cde69d095b1b59b4846c29eb8367358bdcbb73bb4361b23f,1280,720,1,historical_train
bb_V0010_I0000720,bb_V0010,,data/train/images/bb_V0010_I0000720_jpg.rf.74647b6dfb4fa126dde1afa95c3ceacd.jpg,legacy_train,74647b6dfb4fa126dde1afa95c3ceacd,30aa6b6a2f079c69b3cb2eb84c2b3b250bff980d8fdbe0c43780eecb0d7e5f78,6bbdae84cbc1040212c9adfb89ffa7f29835dc4a756d3b02bc4032845bd31c64,1280,720,1,historical_train
bb_V0010_I0000720,bb_V0010,,data/train/images/bb_V0010_I0000720_jpg.rf.c92de6f03d815604e812b94b2289c51d.jpg,legacy_train,c92de6f03d815604e812b94b2289c51d,3fcefd47d555691a342b462ff455f78c4bac8f6337b5c8878623994eeb79c037,f4a6f7f4b351b361415decfb27a8a8a1fe29b4b9942ebf4623a23a8cac0223d5,1280,720,1,historical_train
bb_V0010_I0001480,bb_V0010,,data/train/images/bb_V0010_I0001480_jpg.rf.127794be83817769e00e0d6c806b6152.jpg,legacy_train,127794be83817769e00e0d6c806b6152,bbc5d91eda9614829fa42d94ac12178fed7c47f9e041f6b6767569b91173fa76,1f355d80e550ea91d3ac1aa24cfdc9c25b40366a49f811e4e755b66c26e1050b,1280,720,4,historical_train
bb_V0010_I0001480,bb_V0010,,data/train/images/bb_V0010_I0001480_jpg.rf.6e811dfe4be0c061129b238adcad870d.jpg,legacy_train,6e811dfe4be0c061129b238adcad870d,fc6cb0300970313aa0cc2029cae8d379797ac76c321df18a7b8c38441a9c974e,2090ce611cc96148e097133e88807d533c43d2ebe20eacd9b54470b9a112a628,1280,720,4,historical_train
bb_V0010_I0001480,bb_V0010,,data/train/images/bb_V0010_I0001480_jpg.rf.bb64ab048848008023a7194b982d9672.jpg,legacy_train,bb64ab048848008023a7194b982d9672,8635919a669b4bf23d6f441b74034cd2fbc2dbcffa8ac813149c131a89ee2d77,5c570a0279bbab238aeb80d5d48e7a4b78c61a996a1c40f30d64f075c393ddc1,1280,720,4,historical_train
bb_V0010_I0001680,bb_V0010,,data/train/images/bb_V0010_I0001680_jpg.rf.16f89cd3761dc78a33418795fe3fbd1e.jpg,legacy_train,16f89cd3761dc78a33418795fe3fbd1e,cb314a2ae05b244505b190fca89a20d8130f363aa73ad8e1b9e4fc41258f6f62,959ba2047071f6fd6d364fab6a56fef1b14e7c676ed6fd819a52830b8de3403c,1280,720,11,historical_train
bb_V0010_I0001680,bb_V0010,,data/train/images/bb_V0010_I0001680_jpg.rf.1bc33a4eeac00b9ff04b3879148a33a7.jpg,legacy_train,1bc33a4eeac00b9ff04b3879148a33a7,4d0745a83b0763d1cc2e593e2c1773f40305b13fd04754a21ecf006c61d277a5,737799d1ee61e7eec821cd2141d2d9502c5f0b60ee7509de5c25f76ad78f27d7,1280,720,11,historical_train
bb_V0010_I0001680,bb_V0010,,data/train/images/bb_V0010_I0001680_jpg.rf.a591834483d1b298a88d4b2c091272ca.jpg,legacy_train,a591834483d1b298a88d4b2c091272ca,c469893207ddad97610baf710a7987d5784425f10c881c5261e7739303893318,7d63cbd8459caf890c2c3fb0347f1c6782b34ec04c9def5e1f2c6047e50f249f,1280,720,11,historical_train
bb_V0010_I0002160,bb_V0010,,data/train/images/bb_V0010_I0002160_jpg.rf.0b8bc1be790d01bf67d290b9af515cff.jpg,legacy_train,0b8bc1be790d01bf67d290b9af515cff,12071e6ec373f12a863aa3df25fb8752df28cdd10dd297e95787b73cf373c9af,1991ec3e68aed0ab0846986971d1fc03f9dae3d6e00a84f94ae18ba7588568bd,1280,720,5,historical_train
bb_V0010_I0002160,bb_V0010,,data/train/images/bb_V0010_I0002160_jpg.rf.16574c69dfda1b94489fed15fc2c0762.jpg,legacy_train,16574c69dfda1b94489fed15fc2c0762,59fb6d641a86b9fce082b5cd662cd4c75f483cd743c09b50ce1327318dcb4a8e,23af397fcc45fff16f9072af8aeaf2d31413d5b759f4efc3517c0f1e69b77272,1280,720,5,historical_train
bb_V0010_I0002160,bb_V0010,,data/train/images/bb_V0010_I0002160_jpg.rf.3d12af16a6c3cc8138ff080f3820c803.jpg,legacy_train,3d12af16a6c3cc8138ff080f3820c803,d1194ecb9159c409a8eaf18714e7fc6b0246cfd1a07c64084e52eb0698f35adb,e908a642731b507ba7c0044082fbf9bc95d4991c39d26c03d7f9b1eb140a8a06,1280,720,5,historical_train
bb_V0010_I0002360,bb_V0010,,data/train/images/bb_V0010_I0002360_jpg.rf.191445dc341a931bf0bf4eb4000a7ed0.jpg,legacy_train,191445dc341a931bf0bf4eb4000a7ed0,62021f2034b99be23de4aaa69f9408fa244f8e9f803e8dc125676e78d123d909,b01760c9d84ec72ae1adb563c679850dcf614076d06b2015129b42d7ff6d6a8e,1280,720,29,historical_train
bb_V0010_I0002360,bb_V0010,,data/train/images/bb_V0010_I0002360_jpg.rf.9ee15a6e194ae1216e29977768eac608.jpg,legacy_train,9ee15a6e194ae1216e29977768eac608,a3d491c9b5afae0afbec6e8c1d64be3800caca9138fd8af4be439f39a6e5ace4,b79e289ed36a5f95b26f8451b3beed4912254aa0eaae7d83cd82bc5408165ebe,1280,720,29,historical_train
bb_V0010_I0002360,bb_V0010,,data/train/images/bb_V0010_I0002360_jpg.rf.d041565d4fdfb7b288d065bb968029ee.jpg,legacy_train,d041565d4fdfb7b288d065bb968029ee,71ad380d469436a8df77786fa21cc487539996d389e87bee32d1f29eefc6f3c7,adfb313f7d17710be6c3a2190201e83f8121bc2ea78075b2370e855333c9dde0,1280,720,29,historical_train
bb_V0010_I0003360,bb_V0010,,data/train/images/bb_V0010_I0003360_jpg.rf.32756edb75ace35858db26c97053b715.jpg,legacy_train,32756edb75ace35858db26c97053b715,f6dd5b86b9d02e3dee92f45a6fe5623e2944cfd2448e55e2cd96192572d3d32f,163a84cbe7c0303051bc75d065028065a67af60197c1aaab089706f354b13ec8,1280,720,46,historical_train
bb_V0010_I0003360,bb_V0010,,data/train/images/bb_V0010_I0003360_jpg.rf.553cf6f29825f22309006a8f9f0bbd26.jpg,legacy_train,553cf6f29825f22309006a8f9f0bbd26,938740487a8b33136b0e3c2827665dcfa7fc81cea8c7f444aed86c0bec6f9502,72440cd8676fb3cb23ee541764e78a136b8b7175ac617d50cabb4cfb3c1398df,1280,720,50,historical_train
bb_V0010_I0003360,bb_V0010,,data/train/images/bb_V0010_I0003360_jpg.rf.cb9b54676f3427c1a57d70196b8ae9b8.jpg,legacy_train,cb9b54676f3427c1a57d70196b8ae9b8,707e62d468eeb97d8fa2fdc1fc40f96a6643a5e87147cd0f3c088b1c75ac2c67,d21b6e50c657cb3a4592ec19bc76e036bc3466a58060003584ebfced99029c2f,1280,720,50,historical_train
bb_V0014_I0000000,bb_V0014,,data/train/images/bb_V0014_I0000000_jpg.rf.207487319f0f6b7df9cb67e532d70982.jpg,legacy_train,207487319f0f6b7df9cb67e532d70982,674f18be8c757bca9aacc95a18ecb69392b0ee22cd6b855a3a15241380087eb4,66a10d7d29ed6879d1100660421821f4410d387113eca0b08d0737d768dbf4dc,1920,1080,15,historical_train
bb_V0014_I0000000,bb_V0014,,data/train/images/bb_V0014_I0000000_jpg.rf.675bcf7ddb24e8c6052b5fb34abff36d.jpg,legacy_train,675bcf7ddb24e8c6052b5fb34abff36d,3053ff31fcd41728b69063f0f1a0edf217c6bed9567c650cbd945a5ddb52abbe,9688e8c45105d37d9332c4941c4a31ba93b0108b2cbbcc68e140b5f9cc1d4ffc,1920,1080,15,historical_train
bb_V0014_I0000000,bb_V0014,,data/train/images/bb_V0014_I0000000_jpg.rf.952f8db4168f5772b2acb3997c12845a.jpg,legacy_train,952f8db4168f5772b2acb3997c12845a,65181ac59d19fb3757547e073421e621363dea3a8ae04f8c02b36333d656840d,60fbabc3731361f6141109ff68901cb38086ecbfae1c54364442f3fa2b6a96ad,1920,1080,15,historical_train
bb_V0014_I0000120,bb_V0014,,data/train/images/bb_V0014_I0000120_jpg.rf.0e3525081224b250e42b0bec49dc2034.jpg,legacy_train,0e3525081224b250e42b0bec49dc2034,bc205d33794dc9e1f7518b15c91bec0f8ada5c2dba57904876131b2c38b4992e,c241b9c01886557b4249dece936555d6ea808743984b72d06dfb719887cab46a,1920,1080,14,historical_train
bb_V0014_I0000120,bb_V0014,,data/train/images/bb_V0014_I0000120_jpg.rf.8a8b3b2180b475d64a596cc00d673ff9.jpg,legacy_train,8a8b3b2180b475d64a596cc00d673ff9,1d60dc96d9dee1b1de683c81925a31a1c33f1ea30eb75f6d0cf618cc9f3c6222,3b396ce4e62978f9c1be657ba513b2f3e23ca8949883857d37477119c18f6889,1920,1080,12,historical_train
bb_V0014_I0000120,bb_V0014,,data/train/images/bb_V0014_I0000120_jpg.rf.c808d55a503b8c46291ff9d1d970aa50.jpg,legacy_train,c808d55a503b8c46291ff9d1d970aa50,02b5e4d8369bddc70b1fdd9f789315e6e4add737238652a525c7b52501c781d7,c1b009089feac0f212374fde2a3d072cf69f686ae10a08b9622f2e0fa46e4b4e,1920,1080,12,historical_train
bb_V0014_I0000240,bb_V0014,,data/train/images/bb_V0014_I0000240_jpg.rf.40a93afb406ae8d0001b0cb4589131f9.jpg,legacy_train,40a93afb406ae8d0001b0cb4589131f9,d7550ce39fdf75f56960339c953f9bef4787a42f65b4d925b25e59d642c72e16,c87e2a9e70896d810ea3d9b7ae407a1f0ecbd01334e75f064eee412a445196d4,1920,1080,16,historical_train
bb_V0014_I0000240,bb_V0014,,data/train/images/bb_V0014_I0000240_jpg.rf.432cc7a63fb00a7fe4e42d2c8f572532.jpg,legacy_train,432cc7a63fb00a7fe4e42d2c8f572532,abc015121f8ae5b9fd2fcc98cec577d7b4c00584243d148893c6abdb62990f98,a75165b9fce92e6a312d19de81c6ae38743f715583beaa9145267a8cb624c34c,1920,1080,17,historical_train
bb_V0014_I0000240,bb_V0014,,data/train/images/bb_V0014_I0000240_jpg.rf.d7a5a3cf22817d25b34087fe2a56962d.jpg,legacy_train,d7a5a3cf22817d25b34087fe2a56962d,ccf4518072853ce776074e7a2b8a3bae50a488000d1a04ca9efa9ccb87bce126,58cb91c9e2254563d36a8d1e168626dba515684d4c7c0db475dbff6f8296586f,1920,1080,17,historical_train
bb_V0014_I0000480,bb_V0014,,data/train/images/bb_V0014_I0000480_jpg.rf.61c6b203381dc5964c566fcf35c02eca.jpg,legacy_train,61c6b203381dc5964c566fcf35c02eca,5b77c46f2353d261ac38ee4a86b4a9cc11e257b6ecec8a7b57857b0c412d9ee2,9e8aa9a607b9340c5b88adba99209152eda108214d7b927075c3a416c0266cd9,1920,1080,27,historical_train
bb_V0014_I0000480,bb_V0014,,data/train/images/bb_V0014_I0000480_jpg.rf.ae1c4a4e96d588ef97cded8222d8cc72.jpg,legacy_train,ae1c4a4e96d588ef97cded8222d8cc72,4f673951cc79677d9e194588103fed53cad3cb3dc67dfe7723c6929d95d9307b,7326914370845f5dd5bddf69c7b55deb0a2e3684624d75dc473ecb8e2593a4cf,1920,1080,25,historical_train
bb_V0014_I0000480,bb_V0014,,data/train/images/bb_V0014_I0000480_jpg.rf.b704394229c3858a8b50bd6db6e27959.jpg,legacy_train,b704394229c3858a8b50bd6db6e27959,a155d50cd3c63b76b1a5bd8428b2562734f03bf1f8d3a626b3a0cdfe6c99155f,843b41f73de66d8c6df27b95bb1915751c1d2f6e7c6286f46750c6c25ae3f3a3,1920,1080,27,historical_train
bb_V0014_I0000600,bb_V0014,,data/train/images/bb_V0014_I0000600_jpg.rf.29c9373c6e58290bd4392c8a9b2c8d85.jpg,legacy_train,29c9373c6e58290bd4392c8a9b2c8d85,59b80d8cd2c6ccb88b6ba3d9cb93b147eec34a347e4bc7edc265108563098254,bc59bd9c249ad5cee73076de494219bfea1ff37e36eb1afb75d0236d9f3f5673,1920,1080,21,historical_train
bb_V0014_I0000600,bb_V0014,,data/train/images/bb_V0014_I0000600_jpg.rf.3558702bc726c9e5aec993ab8976e915.jpg,legacy_train,3558702bc726c9e5aec993ab8976e915,67143d1924b7bc67a1ed812d23115914b325491b3f5c2fb4067c24f6f46f46de,a3ca1ccf402dd83af28462f909f24a032197c18fe6089dcafb3fffc09897a4ec,1920,1080,18,historical_train
bb_V0014_I0000600,bb_V0014,,data/train/images/bb_V0014_I0000600_jpg.rf.7beec0810043245a5e0382dde6ced91d.jpg,legacy_train,7beec0810043245a5e0382dde6ced91d,ea374414a471a9ced681d6007424031ec85288d89a8d8a89b7049aaf15e52e5c,379ad68af169ec8c76b4ca6a6b60d19c9b8e267aad3aa81851e25d25425996dd,1920,1080,19,historical_train
bb_V0014_I0000720,bb_V0014,,data/train/images/bb_V0014_I0000720_jpg.rf.3fd5bf5081106ce6b22e7d9db6de1b1e.jpg,legacy_train,3fd5bf5081106ce6b22e7d9db6de1b1e,8ca83d920b18438abb87e9fac7b481f746f05c9a95bc181a802459c5b9980ed5,27e82d374e5b51c9a84a69bbc21f9b2bf5deb495e93f0a62563dcea5bcaf50f5,1920,1080,17,historical_train
bb_V0014_I0000720,bb_V0014,,data/train/images/bb_V0014_I0000720_jpg.rf.4bbde91a8cd47b0a63a012e59321b0fc.jpg,legacy_train,4bbde91a8cd47b0a63a012e59321b0fc,6cbe823c08ddd17ba9a99a921643c65d3730baf21ee9bac2a806d57c8f01aa4f,b0eee36b7c0d0d4245c7964d149bf0715eb9ec9cbcbb93dcdcec8a5d35375164,1920,1080,19,historical_train
bb_V0014_I0000720,bb_V0014,,data/train/images/bb_V0014_I0000720_jpg.rf.cd6502b7a132abf8bb6888d6bbe5b85e.jpg,legacy_train,cd6502b7a132abf8bb6888d6bbe5b85e,d65d1cdc2adb8fdb63de19c4fe6e0e965688e3678a401a4dcee126fe89fe7739,7382de1e0807a7a5590ad08582f89899dc9233a72dacd426d05564c7a79d9a92,1920,1080,19,historical_train
bb_V0014_I0001320,bb_V0014,,data/train/images/bb_V0014_I0001320_jpg.rf.1f923a659ed4772fc637f575606c4d1b.jpg,legacy_train,1f923a659ed4772fc637f575606c4d1b,c2f807f0f639b4347468edbb5c01f3aa335c52200b4971ad21303fbd8462739d,1006d9e25b2b8c2cf20ab62caca90c7095b4799f9294fbc97ff43a917be3405c,1920,1080,10,historical_train
bb_V0014_I0001320,bb_V0014,,data/train/images/bb_V0014_I0001320_jpg.rf.2c9a2d8aeb27234645aca312368870b8.jpg,legacy_train,2c9a2d8aeb27234645aca312368870b8,caec80a725c5ad8839ac764137429cd002cf4ba4af380fe7b5910525192df264,cbcb39c291b9c23a636cd1b15c1f32496ba7e1bd067b3ec7503f5422e8c05da1,1920,1080,8,historical_train
bb_V0014_I0001320,bb_V0014,,data/train/images/bb_V0014_I0001320_jpg.rf.308ebef36520c22a96f94c7a80d7b6cb.jpg,legacy_train,308ebef36520c22a96f94c7a80d7b6cb,8c066b8d075daaa971f0bbc4976cacca5a284c7b06ca53f989000777b135d146,c54ede658dfbf78d69c0a50448646929c68f188b59cd8de03f93f3e7897be7e8,1920,1080,10,historical_train
bb_V0014_I0001720,bb_V0014,,data/train/images/bb_V0014_I0001720_jpg.rf.281a871a7cd3cf634c8c4abf57850acb.jpg,legacy_train,281a871a7cd3cf634c8c4abf57850acb,7c2fad05d66cf3d6b014f6b80dec4e1d87e69d9003cd28a2534a5277343ad06d,6fe32d432be4d43e68221babc4a1ea2a1c56557ba2cf6b3cfa5cdacea1fc4857,1920,1080,65,historical_train
bb_V0014_I0001720,bb_V0014,,data/train/images/bb_V0014_I0001720_jpg.rf.5af03adb6ba3a42b5f69aad6942d3ec8.jpg,legacy_train,5af03adb6ba3a42b5f69aad6942d3ec8,18ad78244f8dbc21b4f3bd87b297204f3d9ae51f91e5f16574571c8bb40a84da,880a64a7dc8b31ff6d468b9729e980edec6db13112df378f77d729ed65680302,1920,1080,62,historical_train
bb_V0014_I0001720,bb_V0014,,data/train/images/bb_V0014_I0001720_jpg.rf.5b0856921382bf4c8093ea1b15ff6a14.jpg,legacy_train,5b0856921382bf4c8093ea1b15ff6a14,9e1e77b9e2e1fde5588ff52724bb9e2c4736ad988eb8a0a161ad37a51a1bff9d,d745fdbbd72c550e1f023bc32243b0bebf0b34a852e5973ad3e1199f6cef8a14,1920,1080,63,historical_train
bb_V0014_I0001840,bb_V0014,,data/train/images/bb_V0014_I0001840_jpg.rf.c334b5249d35f251b8097423eec2e45a.jpg,legacy_train,c334b5249d35f251b8097423eec2e45a,f8b3db8e5f6d6961b53244581f07d89392355bb1c1f870f80c9caf8d25f05bc0,8e190c9f49d067adee88680f160d3179dcc5be7daa708ff42332648d5df6fff2,1920,1080,91,historical_train
bb_V0014_I0001840,bb_V0014,,data/train/images/bb_V0014_I0001840_jpg.rf.e16389fd52d3854ee991ba1a3182e6b9.jpg,legacy_train,e16389fd52d3854ee991ba1a3182e6b9,0d23d1eae65bf2e1caac228cb08f894ac6392f9865b8e6ed62a10c7e9624561f,786e06ff2ba2712061a4ccaa9470f9125c554f1943d273d139840ac47c7be45b,1920,1080,86,historical_train
bb_V0014_I0001840,bb_V0014,,data/train/images/bb_V0014_I0001840_jpg.rf.e8194900a6270aca20a1bb3f8109e71d.jpg,legacy_train,e8194900a6270aca20a1bb3f8109e71d,32d45a263f967a85c43fd66dfe79f9549ae2836b7b5f811e9b3e091bbf6fc36a,ceb7398a8c113cb14a2ab6ef92c33a7881d171f7cae570b3f686897436106a18,1920,1080,86,historical_train
bb_V0014_I0001960,bb_V0014,,data/train/images/bb_V0014_I0001960_jpg.rf.32ed009c6b7a75b991db2dcb9e10ddfe.jpg,legacy_train,32ed009c6b7a75b991db2dcb9e10ddfe,0a1cbfad1b859da91134ec66eb4bf03eb4812f4b882332edfcfb07a8ef13fdfb,b3d1d05933b0f73ff45e3a46fba3ab8b9933ef9b59bd5a3fedf18530bd5294a4,1920,1080,91,historical_train
bb_V0014_I0001960,bb_V0014,,data/train/images/bb_V0014_I0001960_jpg.rf.6e617269eda21977aa717f9f664630a2.jpg,legacy_train,6e617269eda21977aa717f9f664630a2,7dfafba6ecbce973c2a4e9aaac1346d4faddab5b0c484fa1a4f9b6fd7d54aa61,13be55387ba8aad7208d1f53bf2bebe0aa69f2331832365b2d98e5494f0a4b8a,1920,1080,90,historical_train
bb_V0014_I0001960,bb_V0014,,data/train/images/bb_V0014_I0001960_jpg.rf.b57233c4a1430e6f50c47ed4f17ef1c3.jpg,legacy_train,b57233c4a1430e6f50c47ed4f17ef1c3,0ea8542a397b568479f5449b7d35413fdc4e5d0bb074b0fd4784fd3d9b998434,a598beca10a26b3281d3f7f5843f7f130e7ff15c045c60caa59adff50d611b06,1920,1080,89,historical_train
bb_V0014_I0002160,bb_V0014,,data/train/images/bb_V0014_I0002160_jpg.rf.13f5c234248ff7bd41ae9461d135cc4a.jpg,legacy_train,13f5c234248ff7bd41ae9461d135cc4a,03a85b8e64bf461f6ac75fd04ac4c00af94697f3297d0cca0d3b8bff704aef36,576217fe271e857043932e87c6e29d9926428787570c159bd3108ceab4329fa1,1920,1080,64,historical_train
bb_V0014_I0002160,bb_V0014,,data/train/images/bb_V0014_I0002160_jpg.rf.37cb40789308b6d8ade8d7c08f503b5d.jpg,legacy_train,37cb40789308b6d8ade8d7c08f503b5d,206a1383802896d5b84dff9d776c47505086e658d0902589da63275467e4cad5,63128516671901928707e3005eeab3be909a8dfc92287e29c655a5f89ed4c0e3,1920,1080,57,historical_train
bb_V0014_I0002160,bb_V0014,,data/train/images/bb_V0014_I0002160_jpg.rf.50fbd3c5c628b76f09e50cd6335d6278.jpg,legacy_train,50fbd3c5c628b76f09e50cd6335d6278,456d614e2c305a0f4b0d2ca6e84ba86f7b50ed97e038f83b929bde4d30487346,4b10ac0fd30aa971b5f3ceb2ea3e9cf6e92bc3c3d3e5dd3efca91215d0595afe,1920,1080,64,historical_train
bb_V0014_I0002240,bb_V0014,,data/train/images/bb_V0014_I0002240_jpg.rf.0d78956739dbfb15be98a649345116a0.jpg,legacy_train,0d78956739dbfb15be98a649345116a0,4400c514fb425b65c50f75394c4f720b4b89981a06456d799f055694dc64fc5d,adba6430ff7287726297c4ae505adfa6c419940996d91a438c991dfff0ddef64,1920,1080,23,historical_train
bb_V0014_I0002240,bb_V0014,,data/train/images/bb_V0014_I0002240_jpg.rf.56f83aff911517ce944eee0e09a7c38b.jpg,legacy_train,56f83aff911517ce944eee0e09a7c38b,2064a1d2be01513eda20698590b7827e50ba072f8a932f3b0089edb4da2bf30e,2d61592abb482f6c6d4b6ec07c2ee127d3f9df0e29780b7027ebe5ab09d05b86,1920,1080,23,historical_train
bb_V0014_I0002240,bb_V0014,,data/train/images/bb_V0014_I0002240_jpg.rf.851bd22e3975d4a5737df1bca9a474e9.jpg,legacy_train,851bd22e3975d4a5737df1bca9a474e9,90f4c37018753019839ae3ef5ec7acfbeb1c61c43fbecb3dfab1a9d95c269f7c,320a721aa2a4f206df2c83769a7eb02539c17f4afb5dfaf2d937932032623a28,1920,1080,23,historical_train
bb_V0014_I0002480,bb_V0014,,data/train/images/bb_V0014_I0002480_jpg.rf.35aca6bc5f2385b3e54054e144d5d93a.jpg,legacy_train,35aca6bc5f2385b3e54054e144d5d93a,6e755570680037f8fa770d2e4f9e1324f42789a19e0c297f5ea6b29ab019c035,a18278d267d12465de4c08e6b720ac8c7d144a4b1c21830767e7c796f5dd479a,1920,1080,123,historical_train
bb_V0014_I0002480,bb_V0014,,data/train/images/bb_V0014_I0002480_jpg.rf.51e30ac1d05f945b781ef9658f68b122.jpg,legacy_train,51e30ac1d05f945b781ef9658f68b122,c3e80e62d71038938a25df35fbc319b2ebeaad40ef2bf8b46bbe5ecfa26b0fe5,544d0447c950bf41b0961d155431087cf9a2960f31e5b3f8ec7f203987515e9a,1920,1080,124,historical_train
bb_V0014_I0002480,bb_V0014,,data/train/images/bb_V0014_I0002480_jpg.rf.7bc1f4f3a46db6ab4360ec631a5b940a.jpg,legacy_train,7bc1f4f3a46db6ab4360ec631a5b940a,b6c7a1c2e5031a8a74c65ec58e8331b663e208ae4ccb4f2aee4e6279a73e2fd2,a21b331f7078b84afafcf2dbf628a585a2d06c7e1808d2ebbf34bee9ebe4f4b1,1920,1080,125,historical_train
bb_V0014_I0002600,bb_V0014,,data/train/images/bb_V0014_I0002600_jpg.rf.317bdba2321ea7ea0922058b9fbfa03a.jpg,legacy_train,317bdba2321ea7ea0922058b9fbfa03a,cd2e4a657809d7f02a1120e7792d59a1cba21e29a1631f123a111eb48203f414,ab3e87ca2b6dfaa8af81d6ac585cdef7d8e687e32f26df0b1de06b871f9c140c,1920,1080,84,historical_train
bb_V0014_I0002600,bb_V0014,,data/train/images/bb_V0014_I0002600_jpg.rf.9d042a556b07252636f29d4f8a99e10f.jpg,legacy_train,9d042a556b07252636f29d4f8a99e10f,0f1d7b3ddeb6652d3aff9abf628efda38613f782d5abe73c90c47cb63b927c8f,a42ad957fe024f50bcd92a67522d5f93478b1f65bc1afa434cec26e44f9b288b,1920,1080,84,historical_train
bb_V0014_I0002600,bb_V0014,,data/train/images/bb_V0014_I0002600_jpg.rf.a44438c9de5ad6c60abcfb48d690d6b3.jpg,legacy_train,a44438c9de5ad6c60abcfb48d690d6b3,c3842f054b738858bda176c26275d55e1180eb3c77452c28b4307fa0d339df4a,53e6448a5efd64787f6a8343f98c1ed71e3354f098c3c5b68307c02b33eee0fc,1920,1080,84,historical_train
bb_V0014_I0003160,bb_V0014,,data/train/images/bb_V0014_I0003160_jpg.rf.327348511bebbed18b356e35ee8c9433.jpg,legacy_train,327348511bebbed18b356e35ee8c9433,58f9d5bc5c6c8e7c7aa5111dca2e40b79c26c478ab6dfa228cc108716085824b,75e4eb04a4abbcb0c556c5e6bfe0ba0970892f841d6d1bf03dab9c3cd85f324e,1920,1080,3,historical_train
bb_V0014_I0003160,bb_V0014,,data/train/images/bb_V0014_I0003160_jpg.rf.42facd05a475dd05ca960fe480d91dc9.jpg,legacy_train,42facd05a475dd05ca960fe480d91dc9,986e7f466910df958a59bb2b97e16c818c85cb4c3ec50bb76a56a0831337b0fc,5158d5060e12c836ce74b92e90979c9e551da5997aaed4d94beb4a67af36dbe5,1920,1080,3,historical_train
bb_V0014_I0003160,bb_V0014,,data/train/images/bb_V0014_I0003160_jpg.rf.cabee8d2dd55fd950b78d7440dd191e5.jpg,legacy_train,cabee8d2dd55fd950b78d7440dd191e5,983ab9d8fcf79db50ac323fe3f2d6ccc17cab9ed4906a6f4824484dd7202b97a,87a0bb509254e6a3c38097b4d67f87ec3807ff18fad1577c11d1827580b6a7cb,1920,1080,3,historical_train
bb_V0014_I0003560,bb_V0014,,data/train/images/bb_V0014_I0003560_jpg.rf.0dc3fe85d9f36947f9983321c76c96f6.jpg,legacy_train,0dc3fe85d9f36947f9983321c76c96f6,60bb9d8537cafd3f4245a080e1c9367390325a15c8313b9563d2f1c8e62e4e00,40d48959f3bb29fe1ff16f5c338a512b4de8ee02ec9000c7e634c9c9e1cc3e14,1920,1080,5,historical_train
bb_V0014_I0003560,bb_V0014,,data/train/images/bb_V0014_I0003560_jpg.rf.8cf010125e59c3050d0dd5692ec500cf.jpg,legacy_train,8cf010125e59c3050d0dd5692ec500cf,c370d2507a303b9ccc46c911684ab300e4cb3a08d719b87d9fedd6be705a6d43,2587b18fc57f926fa59d1e8962188b3d6ee8e1bac1bdc72213b701661bb268c3,1920,1080,5,historical_train
bb_V0014_I0003560,bb_V0014,,data/train/images/bb_V0014_I0003560_jpg.rf.e0bc98350afc5a3cc58bc9abe79b1b95.jpg,legacy_train,e0bc98350afc5a3cc58bc9abe79b1b95,3246eda318ed81244bac10b34f1840d77c263d5df397555318eaba0b7816654c,39e7d8a143ee690f5be86b58226108e9fae9398f7c0a9a1a24a70ef936acdd9d,1920,1080,5,historical_train
bb_V0014_I0003680,bb_V0014,,data/train/images/bb_V0014_I0003680_jpg.rf.357fdd1c1f1460b9f54d935e25a4b181.jpg,legacy_train,357fdd1c1f1460b9f54d935e25a4b181,baaf4b76399d8dd53ddd7fac89f73e3b18c0b6468169aa34d279284976ed647d,4f49f5c7bc58940e7170611081730ab38dc4d15eda6f111f3a9ab1dff2ed0f65,1920,1080,4,historical_train
bb_V0014_I0003680,bb_V0014,,data/train/images/bb_V0014_I0003680_jpg.rf.51dbb2d07be4bd7a117edc0fa0da6622.jpg,legacy_train,51dbb2d07be4bd7a117edc0fa0da6622,f393de1e1c14b983c6f2b537542f2383d1bd4f30eff8eb5c7a704aff141617b6,a8b5afb7e67cac284f49df70df424f47ff5f1a7c00670eabc79fbe77a1228c6d,1920,1080,4,historical_train
bb_V0014_I0003680,bb_V0014,,data/train/images/bb_V0014_I0003680_jpg.rf.926549ab2b80c22b5a259e4f4c5e56d8.jpg,legacy_train,926549ab2b80c22b5a259e4f4c5e56d8,3c6fc145a414d790af6fbec141f5d33afe7b1839b9c15d413f7ba9f366788048,71fb28dffa042000d22a183f10bc51fa48549d9abbc09e041a4b88dfda69eafa,1920,1080,4,historical_train
bb_V0014_I0004280,bb_V0014,,data/train/images/bb_V0014_I0004280_jpg.rf.8805f425f89819c10a12e7237848f37a.jpg,legacy_train,8805f425f89819c10a12e7237848f37a,8ae5ea27bc66754a8ac4594322c5db4f0ffc72d1c04919dc2453920f9ce54922,967d58313db3df6814d780699ffd71e325582fc11382f4fb5df072beb9fc76ff,1920,1080,4,historical_train
bb_V0014_I0004280,bb_V0014,,data/train/images/bb_V0014_I0004280_jpg.rf.a43b57284d10a4ace2feb14f62ce7177.jpg,legacy_train,a43b57284d10a4ace2feb14f62ce7177,f93e2607881ca99cdc5f2d34d64c65e47113d3876a4061a0bf4e41e5ef894ceb,73a482bbd63a79f8bdcd94d833d72bcef0742102588ba02a7c22fa2309d99186,1920,1080,3,historical_train
bb_V0014_I0004280,bb_V0014,,data/train/images/bb_V0014_I0004280_jpg.rf.c27166d26396facd09f791adfeeba250.jpg,legacy_train,c27166d26396facd09f791adfeeba250,22f2d2c06d56bf376c6e4595423bfba9e39d9fd13d70ed1dd162e37784e32460,ba725ed048f7cb993ea49eed729dfd0b9c0db51b5a1feb2b819d4cb6e43b44f4,1920,1080,3,historical_train
bb_V0014_I0005160,bb_V0014,,data/train/images/bb_V0014_I0005160_jpg.rf.31a5cdb9734c7c5d8cb77f3da2976369.jpg,legacy_train,31a5cdb9734c7c5d8cb77f3da2976369,00acfc3d1e13ff3f1e59938253b0075db43eada050f060afed3704da2d4ffd4c,6800d84c5e03e17590e97c726965d98b8cf2908d40fab5bff1e7208f28e2bdd0,1920,1080,26,historical_train
bb_V0014_I0005160,bb_V0014,,data/train/images/bb_V0014_I0005160_jpg.rf.65cd2250c83663d4c7fe1e757dece1df.jpg,legacy_train,65cd2250c83663d4c7fe1e757dece1df,27a01c7ffb9c9b48c16e993fb466c7c78e15c1c419a7aa6e62a25d8fc58fa85a,640444450f80454f8caaff0bc4ec4390b080f0cb6ce8afd2520bba94f0b3b7b4,1920,1080,26,historical_train
bb_V0014_I0005160,bb_V0014,,data/train/images/bb_V0014_I0005160_jpg.rf.6b9c14e0e6fd7e15d3e14acdf8f5b907.jpg,legacy_train,6b9c14e0e6fd7e15d3e14acdf8f5b907,2e32e19ae2a4ba2f9a976dc8f6ec6804205e9818a7d4910772c781335246b03e,40322ecc987aaad40776830a3abb786d1bab2b1f44ba76848aaa65fa42298d87,1920,1080,26,historical_train
bb_V0014_I0005520,bb_V0014,,data/train/images/bb_V0014_I0005520_jpg.rf.4112a62f9cb78cef0f1b5cce06d0aa98.jpg,legacy_train,4112a62f9cb78cef0f1b5cce06d0aa98,065a1448321d8dc602552d7d352300cff7bad0e3ba6f3f94a69009e4794ff0e0,7a3cfd0d8744644a6699b1c5ac66de5eb66d1ff12b017bb2616ca48fe587f0ea,1920,1080,30,historical_train
bb_V0014_I0005520,bb_V0014,,data/train/images/bb_V0014_I0005520_jpg.rf.6a81058d0679d71c37ffd6220c7a4d1c.jpg,legacy_train,6a81058d0679d71c37ffd6220c7a4d1c,a0ba3509034183f4062f1b9aeedaf9fb08c88e377923db5c9a62c99c44047643,aa614b403abf210e653752692c23da4de26333d36f8d423ab2925c39793eba11,1920,1080,30,historical_train
bb_V0014_I0005520,bb_V0014,,data/train/images/bb_V0014_I0005520_jpg.rf.83c3ec0043241163ac290eb57fac7d62.jpg,legacy_train,83c3ec0043241163ac290eb57fac7d62,e5384f7dd00faa13f75071886c1eaa7543e2f03436e4f1a0bf1436d582581772,bf9af9f8fab054165de95c936ffc125957e8fb3fa6f51e217cc83fe30e3391ca,1920,1080,30,historical_train
bb_V0014_I0005640,bb_V0014,,data/train/images/bb_V0014_I0005640_jpg.rf.20a49ac3d4972a72047537d4d8079c8a.jpg,legacy_train,20a49ac3d4972a72047537d4d8079c8a,70ee79839a53b844cd8f87d854766ad866e082302f74c1c8208a679be8d20f37,82de34f847a261a0c98e614555a65c24765dd3c70e32c4257426a01269a722d7,1920,1080,28,historical_train
bb_V0014_I0005640,bb_V0014,,data/train/images/bb_V0014_I0005640_jpg.rf.bb375c504bb3c28effdc258041b95ca0.jpg,legacy_train,bb375c504bb3c28effdc258041b95ca0,97ea5fabd86f8f76a0b6a2faf892ae1929100f0af9203f04b53b730f1a033573,a190a90917d23be27b6e1e11ad3a4b174b917ff8956ee8725ab97decca2866cd,1920,1080,28,historical_train
bb_V0014_I0005640,bb_V0014,,data/train/images/bb_V0014_I0005640_jpg.rf.efa1ab70e89c57c3dea40cbd5a140ce3.jpg,legacy_train,efa1ab70e89c57c3dea40cbd5a140ce3,d3ceddbde26158268d1ecc1b2e6daf7a1a3cb73cfb03a72abd0539639e3f0ef9,827b5a2e5a595c628f61f3c86f8a191094e02d7ec4b87b68457122ba4f2fd961,1920,1080,28,historical_train
bb_V0016_I0000760,bb_V0016,,data/train/images/bb_V0016_I0000760_jpg.rf.32a7cdf2051c09d7e592b086419ca98e.jpg,legacy_train,32a7cdf2051c09d7e592b086419ca98e,43bf30f8ecacf091b9f33a21a8a72b0595ce77b3bdef4abd4b2b4a637bbfe890,6ee79f8ccf63437aff5dbc7bc892ecb54507f7cd0de075cfafea4b6f1a3b666a,1920,1080,4,historical_train
bb_V0016_I0000760,bb_V0016,,data/train/images/bb_V0016_I0000760_jpg.rf.8a26d14a110dce072cb8961f4a896f54.jpg,legacy_train,8a26d14a110dce072cb8961f4a896f54,e0b03781e54c7c4c67b5b536dcd3aaa80a7e33719e013be312d64dde55ea8e45,e69afb7cfd34b548bc9e8769bd8bf07b0f9f988d76652543f0266ab0966537e3,1920,1080,4,historical_train
bb_V0016_I0000760,bb_V0016,,data/train/images/bb_V0016_I0000760_jpg.rf.d91fa66c76acd26a4d47c37c88882905.jpg,legacy_train,d91fa66c76acd26a4d47c37c88882905,a8c35f63dd877a25744e20dc57afbff36b42ba72d5f9b01c2dd838bc99754327,f51b401c3dd0d27ce20c969c5e73142f2053b10d22447d2ea9e5b727f4e07d4b,1920,1080,4,historical_train
bb_V0016_I0000920,bb_V0016,,data/train/images/bb_V0016_I0000920_jpg.rf.0590d0a0f574be8ca67901bc5088cbcb.jpg,legacy_train,0590d0a0f574be8ca67901bc5088cbcb,621fff431cf71718fccbe0c40a858af7f5df530d7a120780fdb07d184e94846c,24880d52713fcb8bf3fe823865e8b1cd5e126dad0f4d7c6be88f98a695fd7dc5,1920,1080,2,historical_train
bb_V0016_I0000920,bb_V0016,,data/train/images/bb_V0016_I0000920_jpg.rf.8e12bb9152fae5a760e4571d7efa74e5.jpg,legacy_train,8e12bb9152fae5a760e4571d7efa74e5,a1cfb450eed7056d57b97e77a634084fb2d04a1e5af37c1f572673c81d388a6c,a465f1753988307c54bb1fe8655676207020f154e09c5fc9c6381f8b4a8b4b1a,1920,1080,2,historical_train
bb_V0016_I0000920,bb_V0016,,data/train/images/bb_V0016_I0000920_jpg.rf.f27045715f19e0ed9eab9486b0528cf4.jpg,legacy_train,f27045715f19e0ed9eab9486b0528cf4,abdac890628c307158a1d96cf53e80825d14d9428581819936f5a8a72f11f26c,f32b7248f8bd9b12962fda790d7dbfa967677c8e9aeeb4530952b06c86bdd654,1920,1080,2,historical_train
bb_V0016_I0001280,bb_V0016,,data/train/images/bb_V0016_I0001280_jpg.rf.26d3e9b44890984cdebb35da584882c6.jpg,legacy_train,26d3e9b44890984cdebb35da584882c6,992b24865f4e422b999bd03a789388fd8e3a44476e2741312555f376f5a52afc,953bd850fdab30f08952125428f98fb89bb057b1d16847429a9a7bea67d6e668,1920,1080,4,historical_train
bb_V0016_I0001280,bb_V0016,,data/train/images/bb_V0016_I0001280_jpg.rf.ce550d3f8b07d7bb3b3ac28c606f8aa1.jpg,legacy_train,ce550d3f8b07d7bb3b3ac28c606f8aa1,72ac96068a977c07c3326fe0a647e20a8ee4e95a60d219c51c47604c0574dcef,21200dd2e71698bccd71e396de4f105f92b9f754780599ead8ca970107122d99,1920,1080,4,historical_train
bb_V0016_I0001280,bb_V0016,,data/train/images/bb_V0016_I0001280_jpg.rf.d23e0b72a7d62e0a3ad37e0184c52855.jpg,legacy_train,d23e0b72a7d62e0a3ad37e0184c52855,07b49a98af7532c2fbe753e4c60a4082e66f6d20938d177001dbd2d267a4c5a3,086708a816e010267079271c6d9961ebe3b145ae19ee0a15b0b1e33567d3439c,1920,1080,4,historical_train
bb_V0016_I0001440,bb_V0016,,data/train/images/bb_V0016_I0001440_jpg.rf.2b7b9883241f28ce6d4ab4c938db9462.jpg,legacy_train,2b7b9883241f28ce6d4ab4c938db9462,6a29032fb3005bb1738696fd46f0d190b5e33e335f8762fcd89c67f64d4b3253,eae4fbf06f5cae6b8cbb8359981166d2fb42b206704d07567dc8346f62e75e4f,1920,1080,4,historical_train
bb_V0016_I0001440,bb_V0016,,data/train/images/bb_V0016_I0001440_jpg.rf.53d1c931f62f6c11e2eeffb6269bae7b.jpg,legacy_train,53d1c931f62f6c11e2eeffb6269bae7b,d51154eb6cb07a72096df10a73df7bd5200300f19dbca8f8cdd78bb6c8687d37,8caecfd2a90ff695599c4f322ae962cbc0778a4ac3322ec59028aaa41cab6659,1920,1080,4,historical_train
bb_V0016_I0001440,bb_V0016,,data/train/images/bb_V0016_I0001440_jpg.rf.e2622183223cbc1c8f53f4b19b8194ff.jpg,legacy_train,e2622183223cbc1c8f53f4b19b8194ff,7745a9f825e9518dbae25cdcd4b35c5563e17c3cb078406b05258592bfc27d42,354f14029219950acb978122c55637dfc380f5c265657a3ddfab9d2f15289c95,1920,1080,4,historical_train
bb_V0016_I0001600,bb_V0016,,data/train/images/bb_V0016_I0001600_jpg.rf.218c40a07ab700bad74cec7914a05c27.jpg,legacy_train,218c40a07ab700bad74cec7914a05c27,974d52dc2622ee5b03c8fdb5a40afbbee3dc0f741ec6918146eb4e3f5a0fc93c,d6fe5a37d940c4e89e3984d2eed6653e639ddaefde03f06cd677033021eb9559,1920,1080,4,historical_train
bb_V0016_I0001600,bb_V0016,,data/train/images/bb_V0016_I0001600_jpg.rf.891cb8dfa9e5c1e0d5cc8ac9dcf40735.jpg,legacy_train,891cb8dfa9e5c1e0d5cc8ac9dcf40735,a62d690e10cda5bbc045f031a3986ded774e31341467a0ef79835fd4e6b9c255,527112537032afa4d9b564aa975d7d956db85b0be69bc69099bef21756b55183,1920,1080,4,historical_train
bb_V0016_I0001600,bb_V0016,,data/train/images/bb_V0016_I0001600_jpg.rf.bb00fecc48c8456386ffae83a36821d9.jpg,legacy_train,bb00fecc48c8456386ffae83a36821d9,ba42824561f49527d08adc2bc173ce690144dc99445d2558e2febd8eeabab08e,b42e857f87c737f53c4f2ebc1bdd347ff680c9e63351b2c4dc7b23690d8856c3,1920,1080,4,historical_train
bb_V0016_I0001760,bb_V0016,,data/train/images/bb_V0016_I0001760_jpg.rf.5c9c18d33fc34a946183af62a6b75016.jpg,legacy_train,5c9c18d33fc34a946183af62a6b75016,61ded37d4c290d8932fd0a02e52f32e3b818a225148fa6911f7c02dac8cd7fd8,bb1ee7b883592264f2ce0791dd234d315bb3bb6d6752096862af4a9f622a2956,1920,1080,4,historical_train
bb_V0016_I0001760,bb_V0016,,data/train/images/bb_V0016_I0001760_jpg.rf.cb591f23e0c5c772da63522d2e565a7e.jpg,legacy_train,cb591f23e0c5c772da63522d2e565a7e,d15639d6fce0c106016cc731197289b2f91c00693baf39afbeb1292c6a77ed4b,f52897528d1f4f997578361cc3d9dbe95715d75645f2fe37c8e0da738e1a54bc,1920,1080,4,historical_train
bb_V0016_I0001760,bb_V0016,,data/train/images/bb_V0016_I0001760_jpg.rf.fab10371431955c30386bb6a92ec4268.jpg,legacy_train,fab10371431955c30386bb6a92ec4268,d3abfb4a44606a21a70c759174889ac00cf416f9513d241a1f5b3ffc586a8615,083a233c3fb6e35d3212d11ddcfb663e93cebacc9bbe726c0794e65bf9c70d31,1920,1080,4,historical_train
bb_V0016_I0001800,bb_V0016,,data/train/images/bb_V0016_I0001800_jpg.rf.c83f4c32562e94b4c2926ec3f65bbebc.jpg,legacy_train,c83f4c32562e94b4c2926ec3f65bbebc,4ebb4bd41437109d60e1b7a9d2725f00dcacba2339d5550cb38cc54884aec248,f76acdeeeab167a53bbc8ed37e4f7c0bde0ce4cedfd8fc84ec97e5f9c22936ab,1920,1080,1,historical_train
bb_V0016_I0001800,bb_V0016,,data/train/images/bb_V0016_I0001800_jpg.rf.d99ae2ca2aff8a929c03fc1b6f51ab4e.jpg,legacy_train,d99ae2ca2aff8a929c03fc1b6f51ab4e,6fd1016446f3a34b152f627240f2e73bfcdd137bc9e5286d9007405de9f4863e,3a4af52a40ea5a2c7eab09504d3756e1989b8a1c93c25d10f7ff6467e884398d,1920,1080,1,historical_train
bb_V0016_I0001800,bb_V0016,,data/train/images/bb_V0016_I0001800_jpg.rf.f38357f516bb6f39c085e49189c2158e.jpg,legacy_train,f38357f516bb6f39c085e49189c2158e,a58b16d1f2b2764cfed67110b09c16666ae64e18213edfcf15cf3a9bae871a0a,83e315234cd5fb83ab00f69965777e26311167c8d01c618fe494a3e63fc1f3e3,1920,1080,1,historical_train
bb_V0016_I0002720,bb_V0016,,data/train/images/bb_V0016_I0002720_jpg.rf.376838333e0a877335941c4726933e81.jpg,legacy_train,376838333e0a877335941c4726933e81,d2a188b5c338ad84c410411d980a0b1ae7b0ea7bbb8484cc2d8c2b73b9f1e3f4,cf375fff24ae54ade3346d63790062713f6151a588aedab3dc1355bb99a35e40,1920,1080,8,historical_train
bb_V0016_I0002720,bb_V0016,,data/train/images/bb_V0016_I0002720_jpg.rf.433907d17996fe613546c4dfc7c3d6da.jpg,legacy_train,433907d17996fe613546c4dfc7c3d6da,61f09c39efe67c912dae3b9d4fca8ffda5b8d82d232260332f7928412190b705,250dc88ab60312f88a451b611984d41cfb60e8bacfa2fa4de386aab8ddee4bf2,1920,1080,8,historical_train
bb_V0016_I0002720,bb_V0016,,data/train/images/bb_V0016_I0002720_jpg.rf.f768f9f2017b013e28a846328f28b901.jpg,legacy_train,f768f9f2017b013e28a846328f28b901,7aac5dad12bb57604960dda6e4ece99c415d59b92772edd448fe6c894c4621dd,d9821f3d4f092c0a9af95b26523dd1b856ad23ffaca569c867e3b37d5a771f37,1920,1080,8,historical_train
bb_V0016_I0002760,bb_V0016,,data/train/images/bb_V0016_I0002760_jpg.rf.0f51f3423832dafd60bf900643adc695.jpg,legacy_train,0f51f3423832dafd60bf900643adc695,06f7cacfbbc2b509ce6254e0cd68d28ccb2172ba501d8f17105070297394359d,f549c034b7bf04bd577d702866307312cc702e09c2f35231777190219ff3b944,1920,1080,31,historical_train
bb_V0016_I0002760,bb_V0016,,data/train/images/bb_V0016_I0002760_jpg.rf.6422cd8af95d5b0fa9d94aaf516eab44.jpg,legacy_train,6422cd8af95d5b0fa9d94aaf516eab44,3d241d31c8f54d7d361b836239f856fa317984387488704e8eff6c66a6ffa4fe,455904f9a8a2d39fa770ad0a910ca82e389369fb8c7ca54c752bdc7dcdc643fa,1920,1080,32,historical_train
bb_V0016_I0002760,bb_V0016,,data/train/images/bb_V0016_I0002760_jpg.rf.7516d5af29b4db63906b7f8a6450ec95.jpg,legacy_train,7516d5af29b4db63906b7f8a6450ec95,60534190c39376773baa560e9bcc5a79f72714a996154b0f84b124a38503de9c,76344a86a12b21bccad2cf55b5d48ab1bc714ab4ca526a4f0a16fea77f1a27ab,1920,1080,32,historical_train
bb_V0016_I0003120,bb_V0016,,data/train/images/bb_V0016_I0003120_jpg.rf.0059ee993b92f434e6175ed7648936b5.jpg,legacy_train,0059ee993b92f434e6175ed7648936b5,8a6ff080f91ae86b51a3d46845ea6d3905b884c97b82fe245854a7a2e7c600eb,116ab72b73588bd919d1710e8828c47d166aea88931fb7af0d39c2ebc1d9a05f,1920,1080,10,historical_train
bb_V0016_I0003120,bb_V0016,,data/train/images/bb_V0016_I0003120_jpg.rf.7184977479e29ea70d2ce615fd8ed11e.jpg,legacy_train,7184977479e29ea70d2ce615fd8ed11e,a767e127b6ecb5bfaac95e429bcd081eeb1d668d24ddbd414b34a0dac8121e71,f1332467c1754bfd5362340460a396dfdfd3d187220839ffdc42f8421a6d729e,1920,1080,15,historical_train
bb_V0016_I0003120,bb_V0016,,data/train/images/bb_V0016_I0003120_jpg.rf.fe0b0d4397a58acf58685cb4be09f350.jpg,legacy_train,fe0b0d4397a58acf58685cb4be09f350,aa10c1dd3c3e1189586f3babb1f759a3c9bfcd1f0998eed46d2261d76a6734db,c86af6dee628f4fd7e709f314e98771c30237044f5c27c0ce78f21a39b41396e,1920,1080,13,historical_train
bb_V0016_I0003240,bb_V0016,,data/train/images/bb_V0016_I0003240_jpg.rf.a19053cd2ce67574f6744ff1477a8df2.jpg,legacy_train,a19053cd2ce67574f6744ff1477a8df2,806b1d61b8b073744ac79f2a6fd9a16aff8b3fa901139db5bd77aaab983520e8,986d64a75fd725d1509f517a9c5636ff2ac48164e0c2dfe28e1cacb2e14ffc1e,1920,1080,2,historical_train
bb_V0016_I0003240,bb_V0016,,data/train/images/bb_V0016_I0003240_jpg.rf.c78ab4677860cc583d8500af2147ed3f.jpg,legacy_train,c78ab4677860cc583d8500af2147ed3f,4a564b998f636751c0f9608942a9da8b12fe969f9826b8b673e96c65d35281f1,ad635cde66a3a48dc48ec2d8a631a2390688ed6cda761d4cd2f92274266b60dd,1920,1080,2,historical_train
bb_V0016_I0003240,bb_V0016,,data/train/images/bb_V0016_I0003240_jpg.rf.f29a28ed260b33463065fbccfbeb8e0e.jpg,legacy_train,f29a28ed260b33463065fbccfbeb8e0e,e159fd6c09486cbf178620a542259b834cba3cd464790bff4d4de2f0dae90e77,c21f77bd2e8634c285e91382a5508e70049d083a59ef4d2946588056581bcb95,1920,1080,2,historical_train
bb_V0016_I0003720,bb_V0016,,data/train/images/bb_V0016_I0003720_jpg.rf.3c5ce92422f2d087c053638c3c783609.jpg,legacy_train,3c5ce92422f2d087c053638c3c783609,475a6f1ac4f0e2563eef73a8786e08f0eaa00f68f9e43ad4c38824cbb3b25914,934a76813ac95fe3f559c9d8e75c1a63e241afd3549a3ca67ae5f2aec79fbaa6,1920,1080,14,historical_train
bb_V0016_I0003720,bb_V0016,,data/train/images/bb_V0016_I0003720_jpg.rf.71d10e248d5e9d9ffe3b77e7d116868f.jpg,legacy_train,71d10e248d5e9d9ffe3b77e7d116868f,9df2c8ed298763c6a39b92dda369f1ff78870365463ef64588bc840a18b8adcb,a0cedd4a7b10b4c66cf9336cde74089126de716423cfd1f5e33aea56efc51de4,1920,1080,14,historical_train
bb_V0016_I0003720,bb_V0016,,data/train/images/bb_V0016_I0003720_jpg.rf.78d5b87738b1d34af19de5bb07039ebe.jpg,legacy_train,78d5b87738b1d34af19de5bb07039ebe,013608e5ad2fc0b862085e6b42935174b9a862ad54690262e1a757a9ac4df234,ea83dcb19db73edb35a0faa85a494745e06cb6598a0b5d5f1aa3b9c35df1ee68,1920,1080,14,historical_train
bb_V0016_I0004280,bb_V0016,,data/train/images/bb_V0016_I0004280_jpg.rf.88fe31cd7eb1ec44cc46adee75a94186.jpg,legacy_train,88fe31cd7eb1ec44cc46adee75a94186,1fca185cfd9d346b338bffd0cec9d0e29c8b0a2cc0efef4885b0f6924d94c71c,be479ed3f0c2d3bd33f699898f1249647f4ba16676cc10d38cce104d2d6863d7,1920,1080,4,historical_train
bb_V0016_I0004280,bb_V0016,,data/train/images/bb_V0016_I0004280_jpg.rf.cb7677924b83f21235b63392315c7cf9.jpg,legacy_train,cb7677924b83f21235b63392315c7cf9,4cf0e64b2e45ee4a94f0e7812b6f6883d7bb5a30c622afe90396c39c7801cdab,502c3e2ab7a7af43c5ad84cae198d568fb711d2060acc2add69d2a3bae5ae174,1920,1080,4,historical_train
bb_V0016_I0004280,bb_V0016,,data/train/images/bb_V0016_I0004280_jpg.rf.ef529b75ec6a2c2d8c28cef9468876ca.jpg,legacy_train,ef529b75ec6a2c2d8c28cef9468876ca,194a8d403858af3dc9403fcaf5e8e9f31c71f682bfd5aa45bd25bf0c48eaae99,f4dddd5b16b1fdccaba48eea3c0552bef42c6b329c49752f37cab80df14b68f0,1920,1080,3,historical_train
bb_V0016_I0005000,bb_V0016,,data/train/images/bb_V0016_I0005000_jpg.rf.6d733fd0f1692d6645d031a6732ace60.jpg,legacy_train,6d733fd0f1692d6645d031a6732ace60,9d5917ba195bc3be70998b3f12e16fcd9e87b27cd170e31af66600101ed5bfb6,6d920080f11374600cd5b65e8294520a1df49e2c6f895d5b6673e45c71814650,1920,1080,3,historical_train
bb_V0016_I0005000,bb_V0016,,data/train/images/bb_V0016_I0005000_jpg.rf.e28811798aa9d651f57f28f5cc6f183d.jpg,legacy_train,e28811798aa9d651f57f28f5cc6f183d,7f58d40161b2b34e407067e927d26fb02e37a54f9958e827781abb7c2e11deaf,cb4aad021530c84f172470e7842189450a9a48e7281259cb56f9acacb94b456e,1920,1080,3,historical_train
bb_V0016_I0005000,bb_V0016,,data/train/images/bb_V0016_I0005000_jpg.rf.fc3be0f19a66b51af1de0f1844012102.jpg,legacy_train,fc3be0f19a66b51af1de0f1844012102,54867af095994b2198165af99c9daa646e52a3ffdf27719e42d6cd1198dd0673,19ea266aa29e8d9358c07fd4036e25ad1e608c2ed62fbe6815a11030849270b9,1920,1080,3,historical_train
bb_V0016_I0005480,bb_V0016,,data/train/images/bb_V0016_I0005480_jpg.rf.8d87939b3d90cb2519812b7e3e871e51.jpg,legacy_train,8d87939b3d90cb2519812b7e3e871e51,b92f63ed20340d3f43b9bf37b8d7353869b925ee7e2cce5b62a37d373400fec6,b961bad78f99671b779f95c4aa3aba778ca659255aacb9889741a4aa1547d230,1920,1080,3,historical_train
bb_V0016_I0005480,bb_V0016,,data/train/images/bb_V0016_I0005480_jpg.rf.c20b378dcada27f6520867b6a7687b4f.jpg,legacy_train,c20b378dcada27f6520867b6a7687b4f,7e09871dbe902104a79634630b746bfacf21599aa1c4bd3815e2ba0ca132998a,8c1d2fe5e9685574c0ad04f92ef4da493aac868345621d4af0c27bf029a476ab,1920,1080,3,historical_train
bb_V0016_I0005480,bb_V0016,,data/train/images/bb_V0016_I0005480_jpg.rf.f1e84ffd662b417933ba2308ccb74f5c.jpg,legacy_train,f1e84ffd662b417933ba2308ccb74f5c,20e8b1e8faf80d48322f5394cedfdaac4926046ab46cd2e6c1f422ab83864840,29973c890b08c2bb479058296d3ec7cd46b0ea97638bbd7453ede2b1fab611e0,1920,1080,3,historical_train
bb_V0016_I0005640,bb_V0016,,data/train/images/bb_V0016_I0005640_jpg.rf.9b82fa980b91cedb154a856605c62278.jpg,legacy_train,9b82fa980b91cedb154a856605c62278,000d0b7e616095e8df33362d993ed78ec28e8dc121a847b94ca2dd6e459f7a7d,a7c0c15bf9ab5e176dc730026586fd44ebf318e9c862da8e3c0db7139427af6d,1920,1080,7,historical_train
bb_V0016_I0005640,bb_V0016,,data/train/images/bb_V0016_I0005640_jpg.rf.d3485fe6452fe69ccc43a64bc53db1e0.jpg,legacy_train,d3485fe6452fe69ccc43a64bc53db1e0,2eaab34cdcc38e09fb90dae00d4cc82868ec04f84f1b8f395cf2e128a8a50b99,32e4e52180ad7219d9a4f88f8ade5db24bf42b0f7b2c6d8aeb210525eeb4fa59,1920,1080,7,historical_train
bb_V0016_I0005640,bb_V0016,,data/train/images/bb_V0016_I0005640_jpg.rf.f1fa58c2c627c397e690da7b482e8f93.jpg,legacy_train,f1fa58c2c627c397e690da7b482e8f93,50744187f20399fb9cdae4e1f131dd73a43fa1ba2dfdf26fd49cdc30c857c94a,caf7f621c2093be62c8e27b222cf30222b1c1d6fbd60079dbfbd6d09f303bcf0,1920,1080,7,historical_train
bb_V0016_I0006120,bb_V0016,,data/train/images/bb_V0016_I0006120_jpg.rf.a4f45c96e005e63a634cb4c2d49d6caa.jpg,legacy_train,a4f45c96e005e63a634cb4c2d49d6caa,a7541ece43ae5d7580b255a9a0e659d0e15352da2e8f8f5e965c66fa2e1c9d8b,de23ad6e66925640ea35142adb2f58ff1ed014ff7bcb885ff7a6de6647c6129c,1920,1080,5,historical_train
bb_V0016_I0006120,bb_V0016,,data/train/images/bb_V0016_I0006120_jpg.rf.bf75af3942960aa62ff428d1b997a934.jpg,legacy_train,bf75af3942960aa62ff428d1b997a934,87fc701f3cf5eee9260498675d5d4f553dbdfedd173b5a18f5173d7ccabf38c5,11c999b6d529f44cb189f4635fc2d42acccf42593685ba17e1d9170002c9de12,1920,1080,5,historical_train
bb_V0016_I0006120,bb_V0016,,data/train/images/bb_V0016_I0006120_jpg.rf.f5cb7ab738318815fc8c7684ecc3a158.jpg,legacy_train,f5cb7ab738318815fc8c7684ecc3a158,f7f0d91d7961862c6bfd3ecd85dd0d3053f554d7a311d33eb6e8083fd3d17fa0,c107cce1aa7ac0eab688a4de2b8d56852f0a347646ac09d0d102867bc4143905,1920,1080,5,historical_train
bb_V0018_I0000000,bb_V0018,,data/train/images/bb_V0018_I0000000_jpg.rf.2a09b1760cebaa9adeb43b132608e8c9.jpg,legacy_train,2a09b1760cebaa9adeb43b132608e8c9,04139b4c8a50ce47c1f3b84415a862dc342b3b4e76e71f9eebf36c0f49d112b0,78028231f81e408cff4dda1ac5c78193605755849453f300b0ea7dedf2bdcbbc,1920,1080,165,historical_train
bb_V0018_I0000000,bb_V0018,,data/train/images/bb_V0018_I0000000_jpg.rf.db61ab10ad1eb25e6726b1f4ccb766de.jpg,legacy_train,db61ab10ad1eb25e6726b1f4ccb766de,791096967daebf193ba065c8238826acce763bd5aa858da35e9afb199bccc81a,8d78a229164ce4ec733c8e95f967a85f78e7a3c4c4c9c236049cf89f354959ff,1920,1080,160,historical_train
bb_V0018_I0000000,bb_V0018,,data/train/images/bb_V0018_I0000000_jpg.rf.fe85e62180bfac606985468bf8a932c6.jpg,legacy_train,fe85e62180bfac606985468bf8a932c6,76f852dc4efc0682172d3fe6ff6de4969dcf3be7efb310e79f23f327819b763c,e229c899484dd089ed2b1c584a27eafa6ac59b54d78972598e466ae3f33405f4,1920,1080,171,historical_train
bb_V0018_I0000680,bb_V0018,,data/train/images/bb_V0018_I0000680_jpg.rf.5aa71dd8f55b1d186b5e6a071c7c9096.jpg,legacy_train,5aa71dd8f55b1d186b5e6a071c7c9096,7b82c552775cf779d89b28424c822b3324e8d848936bd3a3b6b68a7cc836f0ce,4db2c3ff7d1eecce0960d4c6fed3b11200d1279f447597b6f475dac23c792b51,1920,1080,93,historical_train
bb_V0018_I0000680,bb_V0018,,data/train/images/bb_V0018_I0000680_jpg.rf.92353e0c1c230eecddaf616ec666eaae.jpg,legacy_train,92353e0c1c230eecddaf616ec666eaae,1711b502f844d953a9b9b641132466e35fa7b91e957ddbc2bb2480373dc22b85,40ab2b7cf21ffc339a34f3793216318552974a9542256a02253c3be9c2cdcbb0,1920,1080,95,historical_train
bb_V0018_I0000680,bb_V0018,,data/train/images/bb_V0018_I0000680_jpg.rf.ae93a7c1b486134d574cf7c02b7fe41b.jpg,legacy_train,ae93a7c1b486134d574cf7c02b7fe41b,5e58fa3c530a7f2c8a77ae00ed4fed488126068fb651a24f66cf1bdc0bf63ca8,c7a290b48aef71dadb1f0672cc3d4019a5c11950058f069d8a697141c352179f,1920,1080,95,historical_train
bb_V0018_I0000800,bb_V0018,,data/train/images/bb_V0018_I0000800_jpg.rf.c0824fbdec0e4634f4556aade9d748e8.jpg,legacy_train,c0824fbdec0e4634f4556aade9d748e8,6c06af178e2ec7a1bc4c349318e4cc40919c5541ccdb06e0999ba6bf01f29a4b,f3eb63a576d1df2d3e9488f13fe9f579b7326c5d58b1f5e4fc71ff7a4d9235f5,1920,1080,94,historical_train
bb_V0018_I0000800,bb_V0018,,data/train/images/bb_V0018_I0000800_jpg.rf.d5c835b9c3f036a7eb0cecac97f5f9df.jpg,legacy_train,d5c835b9c3f036a7eb0cecac97f5f9df,7221976fc4bb3256907b413db03785d87a1a64cfd12e88ad5d7da8cbd22ff658,cc6e6cf322374fd01a2cbe6712a2bee4bd455cb93b67211bcbe4b3f7f58e5e31,1920,1080,94,historical_train
bb_V0018_I0000800,bb_V0018,,data/train/images/bb_V0018_I0000800_jpg.rf.e2170ba00d7f49a62ff128f90639d52d.jpg,legacy_train,e2170ba00d7f49a62ff128f90639d52d,7e06c441101f64b3d449fedb62cb8c442ae20cc2a564a8737b6f31bbc97f1377,63e0ee88aa13bdb0085ad374be2049f8b61d11c0a6a05ac217993d98e54bb3c3,1920,1080,94,historical_train
bb_V0018_I0000920,bb_V0018,,data/train/images/bb_V0018_I0000920_jpg.rf.57ae32a70f92ac6fed318b282c9b9922.jpg,legacy_train,57ae32a70f92ac6fed318b282c9b9922,7a0faefa1eef24435c9752eeb9b99d3b3985206ae3c416f29db3a252270f82be,e63f8656306fd3985494b43e21d96ae32272c3ef2529c13f8cb530fa3b011b07,1920,1080,57,historical_train
bb_V0018_I0000920,bb_V0018,,data/train/images/bb_V0018_I0000920_jpg.rf.9fc5baba709795cf5b67d10cd94e842b.jpg,legacy_train,9fc5baba709795cf5b67d10cd94e842b,4340e10a12c378d3138530f696895038284f2309f1d0eb0cf1122a7171da3629,bd409ab7e3674b22f5927dae0b6869ebf2bdbd505622e45bd800dd554694e1bd,1920,1080,58,historical_train
bb_V0018_I0000920,bb_V0018,,data/train/images/bb_V0018_I0000920_jpg.rf.b9e827f4613d50e0ceff7c687435215c.jpg,legacy_train,b9e827f4613d50e0ceff7c687435215c,817f27dee4973caf06077bbe5500f6aaa6b104d6650fe8110e267aa529faa784,6e926fda2ad912d1104bc116af7c0245ec872e93ec325ce755ecb07d2f5454a8,1920,1080,57,historical_train
bb_V0018_I0001680,bb_V0018,,data/train/images/bb_V0018_I0001680_jpg.rf.5b6b9f4cfe1da7073f4d6ba100673cd9.jpg,legacy_train,5b6b9f4cfe1da7073f4d6ba100673cd9,73eeb790f3cdd11c36084f75ef33a250e0984410ec198ae4df8a9d266ce8ea95,9cb1a5177dfa1b69d4175593a41133ca1d61372243988b272cfd6007af61c716,1920,1080,286,historical_train
bb_V0018_I0001680,bb_V0018,,data/train/images/bb_V0018_I0001680_jpg.rf.a3ed038f5cfa96b718f5e3c0f6e81b90.jpg,legacy_train,a3ed038f5cfa96b718f5e3c0f6e81b90,1803bc9f0092e98faddf0bfbc7e545d3b8298b902b840618b5244502f73c8dc1,0e8fc5f256bc9f4e411df3b82287ef3f40155dba262b1e4f8aee69e7c1ee0bcf,1920,1080,288,historical_train
bb_V0018_I0001680,bb_V0018,,data/train/images/bb_V0018_I0001680_jpg.rf.fd7c566673c7b279ef39bd61d9127f32.jpg,legacy_train,fd7c566673c7b279ef39bd61d9127f32,65b88af89f0f94d280011d502b3ed2fb1cc73003845169472b5c744c6f3552c7,f91a4f837be9217d0a9f0c7313bcd29f15850756355cb5eb288e7e9e9deb3d8e,1920,1080,288,historical_train
bb_V0018_I0002200,bb_V0018,,data/train/images/bb_V0018_I0002200_jpg.rf.51ddfe0ef0c1fc02c3c26fb61327d73f.jpg,legacy_train,51ddfe0ef0c1fc02c3c26fb61327d73f,58757fac5ff1f07b96d56a6c67e6f704ec66391588f51e30d38067699cbeb522,2dcd675f61694a3d878a9f5682fedd3de9b49f7506e0e203244b68d139e732c7,1920,1080,144,historical_train
bb_V0018_I0002200,bb_V0018,,data/train/images/bb_V0018_I0002200_jpg.rf.5de8ca30c7b12e01e98a59a945164232.jpg,legacy_train,5de8ca30c7b12e01e98a59a945164232,b3ee512089ed69728a9d5279723da994c9dd73c63dce1aaf56c62bcf011c74ea,0021aa7b981fb54e79730aef2d493163ec84872ade290e4543d8d41948e65bcf,1920,1080,144,historical_train
bb_V0018_I0002200,bb_V0018,,data/train/images/bb_V0018_I0002200_jpg.rf.ad41a4c4dbc2fbd9a0bfc017ae3dbb98.jpg,legacy_train,ad41a4c4dbc2fbd9a0bfc017ae3dbb98,e1c8fc6cc45c790b6abee53a04158a272fe5764603ae95e78ce11a1136c9060d,e9d931bb978c4a097f1a1f7fa4f2d197de6f4006286cb14f213c3afa2b7f8e55,1920,1080,147,historical_train
bb_V0019_I0000240,bb_V0019,,data/train/images/bb_V0019_I0000240_jpg.rf.04fc05dcfe84670109bd9e4cf4727736.jpg,legacy_train,04fc05dcfe84670109bd9e4cf4727736,7be75f49af20bca1c4e768f8b977e014d9b6c0eafc58b4e14ab389a451018511,156e47247fde264ec19d36dab69911c73968b10f23147f894cfd21faba825753,1920,1080,38,historical_train
bb_V0019_I0000240,bb_V0019,,data/train/images/bb_V0019_I0000240_jpg.rf.2ad0bee57dbbd2cdce56565357905672.jpg,legacy_train,2ad0bee57dbbd2cdce56565357905672,9e84cd3765fef64843458d69c0e61675690685c1168d0f88ddb72805b3f1fa45,d92b049c2c36ad167ddabf83800aa1bc26cfddff04d07b82f8a135566dfc4ed5,1920,1080,38,historical_train
bb_V0019_I0000240,bb_V0019,,data/train/images/bb_V0019_I0000240_jpg.rf.60be602d25a884cc372f6cea0bf6046c.jpg,legacy_train,60be602d25a884cc372f6cea0bf6046c,8c16bffc001201e224135423533d7b7c70eb4d86ad8475ce7a61440172e957e7,8d83d95b8a14884c19369337822b44de53e6dba4d4cc362c3b27774917f2ba84,1920,1080,38,historical_train
bb_V0019_I0000360,bb_V0019,,data/train/images/bb_V0019_I0000360_jpg.rf.343da93f3fc995d19fd100d9c50c646f.jpg,legacy_train,343da93f3fc995d19fd100d9c50c646f,6254ffe580da853340dc4a83548bbfcd916d868574913f16c7f0472a86b58d29,6197cc04f4f05b0bae1c8ec5ad3b050d3ad11449488d1a5b640c9a30789f5405,1920,1080,3,historical_train
bb_V0019_I0000360,bb_V0019,,data/train/images/bb_V0019_I0000360_jpg.rf.46f3f7b3017aa3dd65b3660c89f85232.jpg,legacy_train,46f3f7b3017aa3dd65b3660c89f85232,e9d379d73276e3767ca6d88021f81f9f2d1aa0c178abb028c2a086eac6bc7686,d05c8067a666ccdd9f8dd4bb087e50afa173dde1f392391690b787447351f314,1920,1080,3,historical_train
bb_V0019_I0000360,bb_V0019,,data/train/images/bb_V0019_I0000360_jpg.rf.e92239ef1f384be096af0eecd96f13ec.jpg,legacy_train,e92239ef1f384be096af0eecd96f13ec,5bd7504a0c73b74abb17b57c7b97ed61195f66d3de45f7c6e5416784ec152e4a,dae4659c37c098c180f33aacb46203b60354bae396a6c7ad2a4dc4ef0610e66e,1920,1080,3,historical_train
bb_V0019_I0001760,bb_V0019,,data/train/images/bb_V0019_I0001760_jpg.rf.0213f9b7705857061e987ca258740013.jpg,legacy_train,0213f9b7705857061e987ca258740013,1c3d631be0ce964e047618d3be19c7be085f6631c8fb5d215a1aa2077ec95641,8b8109db7b65e8b32f658ec2556c2df9d5771f059d56e507219bbedbf4ae9765,1920,1080,16,historical_train
bb_V0019_I0001760,bb_V0019,,data/train/images/bb_V0019_I0001760_jpg.rf.12e7891a2fabc5338d5615e7ca332541.jpg,legacy_train,12e7891a2fabc5338d5615e7ca332541,335290c35d3176af6c8c840744ba9c810af2dd814f52ed330e2650a9373ef892,a39bdd2539f3294c25965ec48e54a7cefbce5a1245ddeec78cef3d67a3c55a27,1920,1080,16,historical_train
bb_V0019_I0001760,bb_V0019,,data/train/images/bb_V0019_I0001760_jpg.rf.e1e0715c7d060658d2ca4ff3f888d551.jpg,legacy_train,e1e0715c7d060658d2ca4ff3f888d551,412b021d5d6d72d389181f203a717e603ff70cb08fdf1c814159286bf5c95115,d2176fae7c77a15e1e62921166c3a088ce8b5f7c0b0c7b4ce5aef0535fb2eb93,1920,1080,17,historical_train
bb_V0019_I0002040,bb_V0019,,data/train/images/bb_V0019_I0002040_jpg.rf.060a181ce29c8d3b791f681c0eb59413.jpg,legacy_train,060a181ce29c8d3b791f681c0eb59413,a9e316b2b313aaf46d16aeef3dc5c0b1b490b23e65278d2472508564e6fde6bc,8e81f802dc78395ea53ba2e9dbc1f4cf0bb8168477dc1c13bc26c67e86961c55,1920,1080,12,historical_train
bb_V0019_I0002040,bb_V0019,,data/train/images/bb_V0019_I0002040_jpg.rf.287b30aea590202d551766b2550f55da.jpg,legacy_train,287b30aea590202d551766b2550f55da,08d4a6b9ad7103b03c54880ff747b7b2e159667a34fc9acd75046767f0ea84bb,bb33cd10e46b6bf976456caa911b82113b4b07d5e5f231fe36033590fa267818,1920,1080,11,historical_train
bb_V0019_I0002040,bb_V0019,,data/train/images/bb_V0019_I0002040_jpg.rf.ade7edafbd7d22aec8f4195a08fba4ce.jpg,legacy_train,ade7edafbd7d22aec8f4195a08fba4ce,8e1a5ed7037e17737728a174158d7f206c74506411dd16fac0407ae7c6db7927,4eb57310b5623985568bffa92cbb8669ef7c53dbefad7142561c0f101f24df12,1920,1080,10,historical_train
bb_V0019_I0002200,bb_V0019,,data/train/images/bb_V0019_I0002200_jpg.rf.3e76952cb116ccc262e26a89ec053fbc.jpg,legacy_train,3e76952cb116ccc262e26a89ec053fbc,30b705f1adb689d2db9ac937b2efb5cbbdf7716ac0794c232891323d795b0b83,1e7ff06658c3944029f6a9bac087c7b9a73725b922f3310d9846e4b25925cade,1920,1080,9,historical_train
bb_V0019_I0002200,bb_V0019,,data/train/images/bb_V0019_I0002200_jpg.rf.a78f30bb60e8e580272909c26872b97b.jpg,legacy_train,a78f30bb60e8e580272909c26872b97b,9d75d1ab5457c190a64b83b4892d3447892a49163cf0322b7cf536fed57a3ea4,8b40a12d69d7b61c618a2db4751bf601c7a5771bf0fcce3864a928aeecb8b739,1920,1080,9,historical_train
bb_V0019_I0002200,bb_V0019,,data/train/images/bb_V0019_I0002200_jpg.rf.a8647b5b7cefad541f72ef79e8675d81.jpg,legacy_train,a8647b5b7cefad541f72ef79e8675d81,984f077dfe8c345402d7815047750edda01617ca5aa5d14c2abbd9ca2d7e2b3d,f7c3c40fdc60a79c663eb62fa75fdba624e2f3626dc075143e1fe230e5f698f7,1920,1080,9,historical_train
bb_V0019_I0002280,bb_V0019,,data/train/images/bb_V0019_I0002280_jpg.rf.5f55834f2e9bd0f9f9314ef00bac204c.jpg,legacy_train,5f55834f2e9bd0f9f9314ef00bac204c,ff922f65a932fd421ac9af66fa7b3cacf588725e3bc66982b10db7fb7c73d857,20bc92f7fa47b90f096b387a64b1c7ffe97e43f327dfef8419a385b743267883,1920,1080,13,historical_train
bb_V0019_I0002280,bb_V0019,,data/train/images/bb_V0019_I0002280_jpg.rf.a7025f05ffd9317975590a31f39f1952.jpg,legacy_train,a7025f05ffd9317975590a31f39f1952,b2fa73970962f893b555d17eec911f2346b0e2536b4e3903095535ed12f2aa5e,4696c99b629770f7e5d8a734464a4e6bca634b617d83d3162c51eee9f3d9ec76,1920,1080,13,historical_train
bb_V0019_I0002280,bb_V0019,,data/train/images/bb_V0019_I0002280_jpg.rf.d4dd12ea9f531d5642a598f3fcceaf7b.jpg,legacy_train,d4dd12ea9f531d5642a598f3fcceaf7b,87133bb71f2bed65c7598629e1672985a1e8cf904e7f6fb84e4f0d395e1a8ed9,f0b4877ed7da1c8d25b636f38bfc6f54a99b3e576f8964b556c55c187a48c1c4,1920,1080,13,historical_train
bb_V0019_I0002400,bb_V0019,,data/train/images/bb_V0019_I0002400_jpg.rf.0196bfd05a617dbb17d3eb99436d3863.jpg,legacy_train,0196bfd05a617dbb17d3eb99436d3863,75c2f210bfcfcfcc7b218876cff8fc64bb7d4e4e3bcdac01cf8c1381f923da3f,76c935a18059e6d48398c648fb9f4b3c2b65c9b2c080e74acf4e8660362853f9,1920,1080,24,historical_train
bb_V0019_I0002400,bb_V0019,,data/train/images/bb_V0019_I0002400_jpg.rf.f0d797a93cb32bde872804306e41faf8.jpg,legacy_train,f0d797a93cb32bde872804306e41faf8,1f7d29ed61b8e9c9fd8626e7c08e47640e0b73aed968d7271f690c7039cd2562,a537c9b24351a7e46c762037c0c186a880aed057e6f94c8716eeae39aa4d9d0b,1920,1080,24,historical_train
bb_V0019_I0002400,bb_V0019,,data/train/images/bb_V0019_I0002400_jpg.rf.f5acff19c8c6e7b1ef11ecd3938ad11f.jpg,legacy_train,f5acff19c8c6e7b1ef11ecd3938ad11f,08fdc63cb2c20c1b8a3494276e5af5d5413ca02296c21f4d26d2ecce2b0a066b,a2409aa34db101480a737ecbc0bb12bb4543600e37d4b7e0a746ada246fb8a78,1920,1080,24,historical_train
bb_V0019_I0002800,bb_V0019,,data/train/images/bb_V0019_I0002800_jpg.rf.358692e3b923679872adc2949456c280.jpg,legacy_train,358692e3b923679872adc2949456c280,873f78d56a15a6f62b3359c7aa715ae7b6669c83c5c2cf14560bce60dcba6d39,b7f6ec823b018620870c86e17178c74e270283244466cb861e0a97a169c4b75c,1920,1080,10,historical_train
bb_V0019_I0002800,bb_V0019,,data/train/images/bb_V0019_I0002800_jpg.rf.65bbe1018a253241776373382eb415cf.jpg,legacy_train,65bbe1018a253241776373382eb415cf,cc21cebd7774b65b701247984e2f47d75dff956b55a9c26d06e6be4cd7caeda3,2c487442c39b9c43a3207e7f1e8f32bf94bee57b93ff23d40d7af9ffbef42911,1920,1080,10,historical_train
bb_V0019_I0002800,bb_V0019,,data/train/images/bb_V0019_I0002800_jpg.rf.72822555e8ef8bb02f4492b7d34e6ad8.jpg,legacy_train,72822555e8ef8bb02f4492b7d34e6ad8,30f3d50af9299b8eb0826ea17818a81ed027f43726d6e99b77a4c6f8f07d21d2,810150ae1bbe525c7aeffa708fd98c8669004c9140b258ae0420cd2b4883285f,1920,1080,10,historical_train
bb_V0020_I0000280,bb_V0020,,data/train/images/bb_V0020_I0000280_jpg.rf.3cb5090e3d5852b9af55aa9d7777f858.jpg,legacy_train,3cb5090e3d5852b9af55aa9d7777f858,7a79fb09dc8dc49f102afd1206b396dfa01ca723b0464bca5ab2531da5787de4,662c5f31a987d6420f752d561ad2e4ad3589a3eb56b03251dae15740e20d1ecb,1920,1080,3,historical_train
bb_V0020_I0000280,bb_V0020,,data/train/images/bb_V0020_I0000280_jpg.rf.ab2d15983a2935cfc957e5594739f3c8.jpg,legacy_train,ab2d15983a2935cfc957e5594739f3c8,ae88926eab03a08479b9739a996df98818c13e90f289f96c62295f6727cf11a1,3ea4c424201d375d93aa6504ce5717b2f9f2521b6ccd8ce98177268b1c203b46,1920,1080,3,historical_train
bb_V0020_I0000280,bb_V0020,,data/train/images/bb_V0020_I0000280_jpg.rf.c1cd41f65efb7334cff5fa14df1366f4.jpg,legacy_train,c1cd41f65efb7334cff5fa14df1366f4,bc5845310878ba1fceed45799e3d4997fc7a2304f4d5178fb4e9806b580a7072,ec58f0072296d2ced218e437841de46590e366346bcc679461b2dca274a44083,1920,1080,3,historical_train
bb_V0020_I0000680,bb_V0020,,data/train/images/bb_V0020_I0000680_jpg.rf.0bb061b9c885d77929d466581433735f.jpg,legacy_train,0bb061b9c885d77929d466581433735f,2961abea672306e508075438f05a772a12504e28d87b499718fde1af7c8ad01d,b7bde2dfe52dd009059e6299a6d4d4c17bd08230da181801b62e35a903e74fb7,1920,1080,2,historical_train
bb_V0020_I0000680,bb_V0020,,data/train/images/bb_V0020_I0000680_jpg.rf.71b713ea70d4c69fd29d91dedb49f602.jpg,legacy_train,71b713ea70d4c69fd29d91dedb49f602,44026d3dd9bc905330041b0c6862650b2b8a63e653404abf6484aa97992b162d,ea1f6fc5fc4221d744bc5767a29dc4833ea4c680c1b118af8ef0ff627703a492,1920,1080,2,historical_train
bb_V0020_I0000680,bb_V0020,,data/train/images/bb_V0020_I0000680_jpg.rf.a1336ccb5cda2fb0ef0ae39deb5eaab2.jpg,legacy_train,a1336ccb5cda2fb0ef0ae39deb5eaab2,217ad21b01b988db189801e956e16186b27de4e3dd9ed131f1d701ee95c673fc,e7f5f0e2c6dc9040f834df201e6713de555a477bd89c5d91228bbff415624735,1920,1080,2,historical_train
bb_V0020_I0002000,bb_V0020,,data/train/images/bb_V0020_I0002000_jpg.rf.4b891eb9e4ac8fd93c26c0000548316c.jpg,legacy_train,4b891eb9e4ac8fd93c26c0000548316c,1685fe13f0dc880dfe0ef40c7ff866a7e516f91dcbc581a4e72a7c61ffe86a3b,b507937854727b464bb68d4cca9a5df74c4ce8a802d3eed4ac063f6d21f8baae,1920,1080,1,historical_train
bb_V0020_I0002000,bb_V0020,,data/train/images/bb_V0020_I0002000_jpg.rf.bd17186d8821a12e4aac95a2d60eef15.jpg,legacy_train,bd17186d8821a12e4aac95a2d60eef15,862f210682428f37d779fc7e59cb3d10ccd20456cbb48a01e61e6686f18037d0,dda1af08957338eb21705637e938664d83cd794a0cc23609e40fd58c4eb310f0,1920,1080,1,historical_train
bb_V0020_I0002000,bb_V0020,,data/train/images/bb_V0020_I0002000_jpg.rf.f7c54825086ddede8dc0bc147a24f51a.jpg,legacy_train,f7c54825086ddede8dc0bc147a24f51a,24e3de8cbc981fc4b4affb938358e44a6790e69e42582be40026c60f0873b570,2ad5117310ffa5f77e22504959f3eb051a4879c7b63cd4b0f1f099b2461cc543,1920,1080,1,historical_train
bb_V0020_I0002040,bb_V0020,,data/train/images/bb_V0020_I0002040_jpg.rf.050b856c7f27dbd8527692f83ff3f34a.jpg,legacy_train,050b856c7f27dbd8527692f83ff3f34a,3a77121f176bef5568824fd888ee0ae88635c70ba8c26ce867557818a57fff58,f13a48a08cf5ab90972aeecf9c8e5ee7039a7780e29f904391fab50b30a225e2,1920,1080,1,historical_train
bb_V0020_I0002040,bb_V0020,,data/train/images/bb_V0020_I0002040_jpg.rf.97cabbde99f0ea4317095c090524f419.jpg,legacy_train,97cabbde99f0ea4317095c090524f419,fe2f10f8f62d8d189d57130eff89dd8d379d0c25d2eac84c69fab2e2af5b2483,7b6ca6c10d9a5c1980424fdd053104bb6a56dd530825c9a54b490472deaead54,1920,1080,1,historical_train
bb_V0020_I0002040,bb_V0020,,data/train/images/bb_V0020_I0002040_jpg.rf.c66ab43300ece588bba028f3e52375a6.jpg,legacy_train,c66ab43300ece588bba028f3e52375a6,8c3719fdc90df94225c0a2ad17d531b67f8b75f6d15e9406c622b00a37f40393,e504f3995030aa723d34a5621f2c86cd9b489dd6fc1fdd71ea307de26e4c3775,1920,1080,1,historical_train
bb_V0020_I0002160,bb_V0020,,data/train/images/bb_V0020_I0002160_jpg.rf.7584074bc441f5c16b155900be38719a.jpg,legacy_train,7584074bc441f5c16b155900be38719a,6acac31e9455acf66be72bb781e4e3be7e5c1a4daf44c6dc0136a4b387256b1a,40b21f37e2404e718bc64a1e7f6baa396fda6d44cbbc584265e4969baecf49e2,1920,1080,3,historical_train
bb_V0020_I0002160,bb_V0020,,data/train/images/bb_V0020_I0002160_jpg.rf.8b638755ea6c433e8944d8bc41fb7730.jpg,legacy_train,8b638755ea6c433e8944d8bc41fb7730,871f5fee106e9dbef91f514780dbaec5de80ae49100b09eecf10caf56979b074,ec7af37d12cd5cb6c6052ea62234035815c1d9218be418403798b138a2ba7241,1920,1080,3,historical_train
bb_V0020_I0002160,bb_V0020,,data/train/images/bb_V0020_I0002160_jpg.rf.af12d0e0d9783d301b0df5b9044b1147.jpg,legacy_train,af12d0e0d9783d301b0df5b9044b1147,5fe98188fbf46c634177d6d8c5404b833e05e587cf849696aedfb459fc779e92,7a546bd99024344805a004ebd086dfa543f51c8d7a872a9540fcc0a2a12c602c,1920,1080,3,historical_train
bb_V0020_I0002920,bb_V0020,,data/train/images/bb_V0020_I0002920_jpg.rf.6cec017d6ceac80d09cf6990de64fe31.jpg,legacy_train,6cec017d6ceac80d09cf6990de64fe31,1534d6ae169c795c9d01f288d8c4d0f14ab0c829e449fa2da75db3886d13b4b7,d212ac56a5b736cc62ce530ae0e4489bf8ae95816d2ab98b6942255f140ab575,1920,1080,7,historical_train
bb_V0020_I0002920,bb_V0020,,data/train/images/bb_V0020_I0002920_jpg.rf.a82bed2c87a00841dd6f6285a685524e.jpg,legacy_train,a82bed2c87a00841dd6f6285a685524e,fa47a9ca61c3a84f1b8ddcb650408bbfe190f9c9d29996181ca44778f922aa4c,2aa577d615608b859ceaf513405ab8ced98e288b35833df0085ef993bd8fc1b8,1920,1080,7,historical_train
bb_V0020_I0002920,bb_V0020,,data/train/images/bb_V0020_I0002920_jpg.rf.e31c7eef1f8d5937f85799c12757e9b2.jpg,legacy_train,e31c7eef1f8d5937f85799c12757e9b2,34416948d62902da3dd328ab95f44286c0e1a116a84881d3a019ee99798f83c3,7eefb732318bd3c6d7908c001f899e0500a9d72a1369a4b2b1e278fc9b7d7928,1920,1080,7,historical_train
bb_V0020_I0002960,bb_V0020,,data/train/images/bb_V0020_I0002960_jpg.rf.a6e51b91fdc7fbb33840f2fc40761b11.jpg,legacy_train,a6e51b91fdc7fbb33840f2fc40761b11,4b44745666657c76c4645bd88dc472ac589dd299ddb5293a0216cf5e2d90e34d,9ddc06b1d008d2bf6019cb3449edf9097444c684e366fb10803aec9c084c0c7c,1920,1080,15,historical_train
bb_V0020_I0002960,bb_V0020,,data/train/images/bb_V0020_I0002960_jpg.rf.b7ee607ffc520b9170a5d395bd5fc11c.jpg,legacy_train,b7ee607ffc520b9170a5d395bd5fc11c,ed1f3cbff48322d9dfe3a936bf6ece17feb37efbaee10c601eda6d32a1d3b814,194ad6f62de5ea7a9af81ab64bf1b6184c09c1c650b5c5f946bc5f0f90fc2abf,1920,1080,15,historical_train
bb_V0020_I0002960,bb_V0020,,data/train/images/bb_V0020_I0002960_jpg.rf.e5b9bca2a3d80b4f63771f9c39991d36.jpg,legacy_train,e5b9bca2a3d80b4f63771f9c39991d36,9a97a1170c2fcf6b00083d1f46c5a9bc75a5f19cfb6eeecb07ad35a54d06cff9,6df87fae2e6b557782e4c4da790557c077fd9ec2144c3cfea930114f7c499828,1920,1080,15,historical_train
bb_V0020_I0003040,bb_V0020,,data/train/images/bb_V0020_I0003040_jpg.rf.50a7f7248b48d5b3ade5d4463c1d6f8d.jpg,legacy_train,50a7f7248b48d5b3ade5d4463c1d6f8d,18995dc50f8b0541daac5b603a11bdb43d4ce074edf9bc42ec6e06d69c40bbc1,a47bac81890c4da37eae9a74e9dd3da5a35db262f761446a1e918e739ddc2765,1920,1080,17,historical_train
bb_V0020_I0003040,bb_V0020,,data/train/images/bb_V0020_I0003040_jpg.rf.62abd20e02715fca4b77f4726018d7fe.jpg,legacy_train,62abd20e02715fca4b77f4726018d7fe,9eca5c67438ce10788b93dad33217d73bc61a80f61a80f8e48bf2aaad849cf7d,775333069c183e9d4eeb94461d1f740b3789495c56e37e33b2d9bd3476907081,1920,1080,17,historical_train
bb_V0020_I0003040,bb_V0020,,data/train/images/bb_V0020_I0003040_jpg.rf.8aa40fe621d05f5aefd07e7d30855f6b.jpg,legacy_train,8aa40fe621d05f5aefd07e7d30855f6b,471d5ca24d92aa0246cd3be82a8195f5b60e009508c7d7094e7311f93dfe545c,1e0f23e6b8228daaabefb24688ab5ad6b79a0fa5bba64286c219567de8e46e32,1920,1080,17,historical_train
bb_V0020_I0003120,bb_V0020,,data/train/images/bb_V0020_I0003120_jpg.rf.6fe4282b0612495a85b6fab06796560d.jpg,legacy_train,6fe4282b0612495a85b6fab06796560d,b128c5528951c5f410496539b2e229b9e5f8a56f3e6dc33fc8fe785c5d62e3f3,515edd9d75091c2b43112895bb797051f5c6ef60a4b336ad8e8b6184921e28f9,1920,1080,14,historical_train
bb_V0020_I0003120,bb_V0020,,data/train/images/bb_V0020_I0003120_jpg.rf.70000bd94bfaff55545951d6c6ff0cc3.jpg,legacy_train,70000bd94bfaff55545951d6c6ff0cc3,c8dd6e0f8cab9c2221555349767d0b2c2b2b5d547a97a4034a9526b3e056208f,0e44f0eff766b220edb91dd8a53673f0052f1c204b6a6b0b27f691e1028b8bb4,1920,1080,14,historical_train
bb_V0020_I0003120,bb_V0020,,data/train/images/bb_V0020_I0003120_jpg.rf.cc0a517edd31b7769ae79213c25f3b69.jpg,legacy_train,cc0a517edd31b7769ae79213c25f3b69,6170e987082151ff6a39f23666a8c13df10ac69e0905e49c65d80e4748984f0a,a6565b789aba583f85c242cac88a0c16e3eb9e69d6996b2f4e293346538cc5e0,1920,1080,14,historical_train
bb_V0020_I0003160,bb_V0020,,data/train/images/bb_V0020_I0003160_jpg.rf.09342175d47c7a666ad7a61fa3d7b7b1.jpg,legacy_train,09342175d47c7a666ad7a61fa3d7b7b1,51c200c945059c3e7676636e4283bf39f675f68a80bbb7cd3a578e85602afd76,bb29b587dcea7aaafb6bfce678fff222123e35e879d04a4c754b9088feb49fb3,1920,1080,11,historical_train
bb_V0020_I0003160,bb_V0020,,data/train/images/bb_V0020_I0003160_jpg.rf.3665abd1152736f06df547cd8623d389.jpg,legacy_train,3665abd1152736f06df547cd8623d389,65fd0c5184279054180bd3a118b311fb890854ba805cadf03d9252d3eee23e41,4f67b40a534b15fa5dd0a1805dde2d693c4500d7dee12a784d837856700b1c24,1920,1080,11,historical_train
bb_V0020_I0003160,bb_V0020,,data/train/images/bb_V0020_I0003160_jpg.rf.801d025ad94c9ae994cc3213001735f5.jpg,legacy_train,801d025ad94c9ae994cc3213001735f5,d12ddeb3bb6338c190717365d533f5d98e7d15958404de4bb7cf4ba73ad45d03,d5882867a29a808b2c587488b7f75dc6af92e0c4d0e5419ed7c38f6816602ba7,1920,1080,11,historical_train
bb_V0020_I0003200,bb_V0020,,data/train/images/bb_V0020_I0003200_jpg.rf.5958f7197b0958bfc86789a2a5539d1b.jpg,legacy_train,5958f7197b0958bfc86789a2a5539d1b,ebb83ef902ebb2ad48d6dc4917deb1a2dfba4b1c42dc26430908a2ce3b2af8bf,2a596e4a56f26f23b28cbb7c34b4759aa9f47a1688396c7f43a4e124dd303de1,1920,1080,17,historical_train
bb_V0020_I0003200,bb_V0020,,data/train/images/bb_V0020_I0003200_jpg.rf.a1ae6e9f007f4723e8075454b81c0da7.jpg,legacy_train,a1ae6e9f007f4723e8075454b81c0da7,d807049f38526c4a333ca592081ba97e8a7a631c7596c4de7c0674639c7d5c72,8f2693f81eee25e0e87de1bae657a9205872f98e7f2e2c13c9bcb4a005b3ea23,1920,1080,17,historical_train
bb_V0020_I0003200,bb_V0020,,data/train/images/bb_V0020_I0003200_jpg.rf.b9bf0dcb7f161590f78dc66e888c33b0.jpg,legacy_train,b9bf0dcb7f161590f78dc66e888c33b0,d7fc7ebcb42b871358ce6158e92aa82499535bac039ef18d0099f7f7cbe630fc,d7c08972befd6dd12bd27522cbfef92059a726fd014704b590bf68b841afacd7,1920,1080,17,historical_train
bb_V0020_I0003320,bb_V0020,,data/train/images/bb_V0020_I0003320_jpg.rf.00990e42cfa3c190ef96be694c4268bb.jpg,legacy_train,00990e42cfa3c190ef96be694c4268bb,6180b53fb1f15929a5ff3460584c59837a3f17c8befe3c98a37a4e3f02054cf6,9b5169768e2b5a54e4d249005ed70219da2f6359db754fa36c7c2bc4b23f83c9,1920,1080,14,historical_train
bb_V0020_I0003320,bb_V0020,,data/train/images/bb_V0020_I0003320_jpg.rf.2f28c298a881500242d0ebce595a42c4.jpg,legacy_train,2f28c298a881500242d0ebce595a42c4,163b2d00ca9264e6e2653992eb94eebdeecd9c1421b62856ae84bdb0dd5bf6a6,c2334b34e5e2bc9a180091ca223e58bcc04dd6eea3cf55a32bc5f5a880d5e2e0,1920,1080,14,historical_train
bb_V0020_I0003320,bb_V0020,,data/train/images/bb_V0020_I0003320_jpg.rf.581ad700b6d950edec8d569c0f8b9a14.jpg,legacy_train,581ad700b6d950edec8d569c0f8b9a14,9ead9df850135d5c976688704dee45e702c5d250662d28b69fbf67d7affe1e3b,654b2e14b5cfffbc7827b8ed1747a7d3d15e84f3cd1094a5066dfe4f27a5657c,1920,1080,14,historical_train
bb_V0022_I0000480,bb_V0022,,data/train/images/bb_V0022_I0000480_jpg.rf.304ee31256144c7ad8a48fcc46bfcdac.jpg,legacy_train,304ee31256144c7ad8a48fcc46bfcdac,4257b71928d70494face7b4b4d85fb01782b5d7dff4bc4b43e57343c5332f1d7,e92d606fa28971bd81393fbb93bd67af744e5943ee72746fbbd219d88efed102,1920,1080,3,historical_train
bb_V0022_I0000480,bb_V0022,,data/train/images/bb_V0022_I0000480_jpg.rf.4bdda07575977f063b3855d3ffa1a0ef.jpg,legacy_train,4bdda07575977f063b3855d3ffa1a0ef,430ed9b6098d43109d22e914d3b92308da0c76c80f41cd9ce9dd4951b39ce14a,958ddbb08ad714e68bc2dad4efe2215cd121eb0ecbb854455d9e0136e555fdad,1920,1080,3,historical_train
bb_V0022_I0000480,bb_V0022,,data/train/images/bb_V0022_I0000480_jpg.rf.4d9a7d490751e7997d8ac82cb9d63cbb.jpg,legacy_train,4d9a7d490751e7997d8ac82cb9d63cbb,72e7aa8546c7360ade93aa7fa26829e0e1d06305c9db6a844458318a0efaa16f,f54cc7ac21ec58406bb75b2968af89e54ea3ff095123623324acccca7c1a0b51,1920,1080,3,historical_train
bb_V0022_I0002200,bb_V0022,,data/train/images/bb_V0022_I0002200_jpg.rf.86c1f35273ba4e135c8d22b46759ce23.jpg,legacy_train,86c1f35273ba4e135c8d22b46759ce23,476de4e5eaf0fa072863c38cbaf78c72ef7d61e7e07100a02fad6400eb7999d8,7459449895e809131fb1d91cd289b651304615c6ad1e7ec21d602cea35064587,1920,1080,3,historical_train
bb_V0022_I0002200,bb_V0022,,data/train/images/bb_V0022_I0002200_jpg.rf.b461ffc95b7a1652181ef59ec4b98228.jpg,legacy_train,b461ffc95b7a1652181ef59ec4b98228,a815524d845fa62af9522a7a6499512d8f213da3484a3c1befd700da76301128,9b543e2714c938bf8adb1a8ab373d882d3439dae4f6720e2d31c35fc856a90a0,1920,1080,3,historical_train
bb_V0022_I0002200,bb_V0022,,data/train/images/bb_V0022_I0002200_jpg.rf.fcc5a7a4011a77873c303e16bf0d5a62.jpg,legacy_train,fcc5a7a4011a77873c303e16bf0d5a62,7e7a01e8606006375130d73a356f15765fa9e275f4f99de01344342cca16ac6f,29879b2256ae79a1f5aa814669665d0ca50c6f276580e0fcb35b0d97e897a4a8,1920,1080,3,historical_train
bb_V0022_I0002280,bb_V0022,,data/train/images/bb_V0022_I0002280_jpg.rf.1990ff19c7c58c58c0e4fb16d90d7c67.jpg,legacy_train,1990ff19c7c58c58c0e4fb16d90d7c67,72307810d599e25eb98570645d406d0e682f5f072fd1d9693a9a1970b871f705,c8e747f1504183dd3f3549f163cc5f1f4f1b6ca77c883511756884bd2968cbf1,1920,1080,52,historical_train
bb_V0022_I0002280,bb_V0022,,data/train/images/bb_V0022_I0002280_jpg.rf.3f71b66ede81d439e1c955efedd4c825.jpg,legacy_train,3f71b66ede81d439e1c955efedd4c825,f81c3967bb2dcc37ea87fdbe33496081a35e155794d17b8a9d59d2e4f8d4452a,9ecd414cd13ea070a70c275c75df2830db1b868efd362ec417b2a1f42c73e17d,1920,1080,52,historical_train
bb_V0022_I0002280,bb_V0022,,data/train/images/bb_V0022_I0002280_jpg.rf.4bbb414dea8882284d11092a201c82f9.jpg,legacy_train,4bbb414dea8882284d11092a201c82f9,731089f32c3ddced43bd2fc32734c886afb84311094404fbfa141f61266add67,b107b02539d461e8dabc28ca908fe03fb0dd8ca300d5b81c51d64e1c6c9778ef,1920,1080,52,historical_train
bb_V0022_I0002360,bb_V0022,,data/train/images/bb_V0022_I0002360_jpg.rf.3d88640c1644c4ccd89e4f53be6f1f40.jpg,legacy_train,3d88640c1644c4ccd89e4f53be6f1f40,795c8d5f9987a3caa1b8851a86c65a5c1887a5c54f4b77694e16f47b31e0fbb0,5b166e40b875b121132cf22662aed12cdbb828b75fb1528985c63918a5ef567c,1920,1080,57,historical_train
bb_V0022_I0002360,bb_V0022,,data/train/images/bb_V0022_I0002360_jpg.rf.3e21c326d783c96a1be3d924e84fd838.jpg,legacy_train,3e21c326d783c96a1be3d924e84fd838,644dd8a8d364af0eec71d8d29a4ee412831f2ee336d9e5c7035a1dc0ffb6db76,6471c0213d92bb6c6a0cbf6a288f58e00f7c03f84858e67b4a31a76890ae4c45,1920,1080,57,historical_train
bb_V0022_I0002360,bb_V0022,,data/train/images/bb_V0022_I0002360_jpg.rf.fe8fcb57f893c7b3f27fb4c89849949d.jpg,legacy_train,fe8fcb57f893c7b3f27fb4c89849949d,aabc0603f9a7ca60f240b5c76532afbecab2176f294902bf5bac63b47f9c8120,363b41c13ca0b867d229fe8e46aca9a29a8db1ec5897e7d31d63d87b57acddc4,1920,1080,57,historical_train
bb_V0022_I0005640,bb_V0022,,data/train/images/bb_V0022_I0005640_jpg.rf.68a5ccaba912add800d7b2d00407971c.jpg,legacy_train,68a5ccaba912add800d7b2d00407971c,ebf5fe8ce8c563c3bc67b84d822046e49435301243713c93eca33b741e4447b8,de6db175df6255c836526477314cfd55282543ded392e8ba93ca60643030d89b,1920,1080,54,historical_train
bb_V0022_I0005640,bb_V0022,,data/train/images/bb_V0022_I0005640_jpg.rf.6c09242a5a6e2cd0ef85c5b77512a207.jpg,legacy_train,6c09242a5a6e2cd0ef85c5b77512a207,4d4fae664076ad877b3fe792a0b8f5b07fd0e9226e0d170fb1c78d3c9248a1e7,947ef83ff20283425796ad90bd9b7434b40f49a653292913b711c2f7d260551e,1920,1080,38,historical_train
bb_V0022_I0005640,bb_V0022,,data/train/images/bb_V0022_I0005640_jpg.rf.e71351d7bbc008d58b5bc314469e90a4.jpg,legacy_train,e71351d7bbc008d58b5bc314469e90a4,1df0d90c369f770b61f44167dc987897d60a746b319261050672f1ef70f159e7,9f2a64ddce9a45c208cb2e07fdb37346d328b974784b498947eadeec1172a275,1920,1080,54,historical_train
bb_V0022_I0007080,bb_V0022,,data/train/images/bb_V0022_I0007080_jpg.rf.4953de5df2ba436ad10a6ab8a4762439.jpg,legacy_train,4953de5df2ba436ad10a6ab8a4762439,3f939469422778d92f0da9e07f2490f0ba45e6ead92ab345b2d4764d671a868a,659562e961d7d6dc99b145aafe3c48e5222535ad13abb936020a5346eed6e9fa,1920,1080,112,historical_train
bb_V0022_I0007080,bb_V0022,,data/train/images/bb_V0022_I0007080_jpg.rf.ddc8356a023406b7d5d4aa0c4a0d5322.jpg,legacy_train,ddc8356a023406b7d5d4aa0c4a0d5322,394a91aa1adc224ffd10a71503162323f481730de1db2d8877613e02b16b13ba,3120b1facf4b5b934cdd579f962285430ed8748eee625353fe592afe7a549de7,1920,1080,112,historical_train
bb_V0022_I0007080,bb_V0022,,data/train/images/bb_V0022_I0007080_jpg.rf.ed2bf13f90225531061b2fcff0a41fcb.jpg,legacy_train,ed2bf13f90225531061b2fcff0a41fcb,a9eaf09caa15e6e1cb491c98bf90164018445640f4c42c91a4c51fdac3b8a6bf,94e6345710644fc4a00f0126eb909f955b97807ec2d2e6af6a5195fe249bb8a7,1920,1080,112,historical_train
bb_V0022_I0007240,bb_V0022,,data/train/images/bb_V0022_I0007240_jpg.rf.4c59e222eed67539b376a2c91f5b953f.jpg,legacy_train,4c59e222eed67539b376a2c91f5b953f,11aaec558fb73d4a354793752fd9f0804cae76d3d78c5c458bf7c762dceedffd,93c4cefb82aaf0dc7c85c3cd9528c8a38658c86c9625109f364f340a8b483368,1920,1080,3,historical_train
bb_V0022_I0007240,bb_V0022,,data/train/images/bb_V0022_I0007240_jpg.rf.4dbea8e2e54a91bd1c73fbf359db88a0.jpg,legacy_train,4dbea8e2e54a91bd1c73fbf359db88a0,8dc29359a693fa57e96e103e4ddc92b04f6d80646387619fb2287ced2e08ec40,506b35a905dc27f1c335495983b9d169e4bbd21cdf7fa205fd508bcb3bc6b35f,1920,1080,3,historical_train
bb_V0022_I0007240,bb_V0022,,data/train/images/bb_V0022_I0007240_jpg.rf.5c2e72b1ccd7e1548d6066e764525e0f.jpg,legacy_train,5c2e72b1ccd7e1548d6066e764525e0f,04f043cebecbd2f0dc190502f5ea334c696e65e7536f2f2263f195725c926a46,3b38c3304cb715e617b1ed1e80905cdbd4e72a6ab4f3acfa60ca9f6d73c7f997,1920,1080,3,historical_train
bb_V0022_I0007880,bb_V0022,,data/train/images/bb_V0022_I0007880_jpg.rf.3e21263504e06046b96be93abf589e49.jpg,legacy_train,3e21263504e06046b96be93abf589e49,02e3537765a73cc3253f279a27a50cb8eb6d1a3c8de4f9834c0f9400498f88cf,84aa57831fca81afabaf3becf9c35cb624aacd05a1ab0d97d436f0c81a65096e,1920,1080,116,historical_train
bb_V0022_I0007880,bb_V0022,,data/train/images/bb_V0022_I0007880_jpg.rf.493a32bf1a522902c49e541f4741e5a7.jpg,legacy_train,493a32bf1a522902c49e541f4741e5a7,c00e8871c94dace07f43c88685b47df05f6efc753aebdbc004962f51e14d4df0,887a4ace7ec5891db10e8f4dd515ad6559e6c6e71ca56279fbec7e5b1f37c07d,1920,1080,121,historical_train
bb_V0022_I0007880,bb_V0022,,data/train/images/bb_V0022_I0007880_jpg.rf.a8bd6ee11b06e3997f6c0e8a4708b567.jpg,legacy_train,a8bd6ee11b06e3997f6c0e8a4708b567,7a943c5dc4e5b5b75bb0a5a8caabc05eb87ff02845bae251123772d749e36ffc,c0d6a3247896b17620059a84cdd9b2becb6d795987baf8494d2de92c4ee7ce97,1920,1080,119,historical_train
bb_V0023_I0000080,bb_V0023,,data/train/images/bb_V0023_I0000080_jpg.rf.25dd54a5a84ec9e7b54846c52f967e20.jpg,legacy_train,25dd54a5a84ec9e7b54846c52f967e20,19c65473b3e241532ecc0b344268e44461dbce6a57db6e97fdb22fe664418a3b,1b167bc1fe0fdc117808ef720401a10a7eab86153a6cc2bf5c71ec71ac8be9f6,1920,1080,6,historical_train
bb_V0023_I0000080,bb_V0023,,data/train/images/bb_V0023_I0000080_jpg.rf.401f85dd67815425e6f1aa641e04c12e.jpg,legacy_train,401f85dd67815425e6f1aa641e04c12e,3421fd9908f21d4fc0b4d331195dfb0f7b41c0765fd2afc68b393fc59299e33e,116ad2b3f3c168770cbede3f7823ea0ffbcee3aeff77dee22fdb0ffbcc06e09f,1920,1080,6,historical_train
bb_V0023_I0000080,bb_V0023,,data/train/images/bb_V0023_I0000080_jpg.rf.59123ac4f7507b3969936d68d1394343.jpg,legacy_train,59123ac4f7507b3969936d68d1394343,c546c545920751cf74d7f39a5f4628ba6026421f1a211738106cf6e76538c103,506aa2da8b2deda2d5bb33013dfd5562e34a84e150486f6db6520b9d999b374e,1920,1080,6,historical_train
bb_V0023_I0000160,bb_V0023,,data/train/images/bb_V0023_I0000160_jpg.rf.0d03d90e1daf4dc0b78c5a1de56dd2c6.jpg,legacy_train,0d03d90e1daf4dc0b78c5a1de56dd2c6,502d417149b67adb8ea44680f508c812aa31ba50bb7a3206877f574a1b745764,6b30d68038df6d87acd7a5b682fcbfa9853caf411a132151a7c2e35fddce61c1,1920,1080,9,historical_train
bb_V0023_I0000160,bb_V0023,,data/train/images/bb_V0023_I0000160_jpg.rf.82299be01553796b089c53810ff0f4e1.jpg,legacy_train,82299be01553796b089c53810ff0f4e1,88e860bfc8b52659b40524bade1e8631346380ebc227c22c8f99f952008e4f9b,446cb49c35115bb695363aba181b2c4b8c0e79badc6aafd40bbe22c3311869d8,1920,1080,9,historical_train
bb_V0023_I0000160,bb_V0023,,data/train/images/bb_V0023_I0000160_jpg.rf.f2136511094c87503677f8efb43b4d57.jpg,legacy_train,f2136511094c87503677f8efb43b4d57,6d047bfe0f5ffa73a3f83e81186c2d7c1ff980ba50144cb2c0f14ae64013080f,b54aea2e55ddd4e9b7759b10e457bf8b33be73ea2c5b71589bc9f55f364e6eeb,1920,1080,9,historical_train
bb_V0023_I0000400,bb_V0023,,data/train/images/bb_V0023_I0000400_jpg.rf.061d662308e6c44b1744cee05d1d56c2.jpg,legacy_train,061d662308e6c44b1744cee05d1d56c2,92384602abe8c9706ff188c5ec0b63fcb4ff7c2cc5a6c7f77756acce7aaa2b6e,f16932d3d4badab780b77abec564970135a37f9cf7172927628bbbe29622c644,1920,1080,18,historical_train
bb_V0023_I0000400,bb_V0023,,data/train/images/bb_V0023_I0000400_jpg.rf.5cf8a30945aeb841adb891c8e1fe218d.jpg,legacy_train,5cf8a30945aeb841adb891c8e1fe218d,b94fa8906eeb01cb09c3f85662b9b6c1c5c3c44e79d09068fc871777718b4267,665b0ab0e91dc4677ff6a956b4ca3977fc7fbceba874d94e8da1961a0f128144,1920,1080,18,historical_train
bb_V0023_I0000400,bb_V0023,,data/train/images/bb_V0023_I0000400_jpg.rf.684376d8f0753fc297bd0f17a139ead0.jpg,legacy_train,684376d8f0753fc297bd0f17a139ead0,46a4282f58968ab3a137ef03fc40a682da37946163d0176d9d8a661cb26b01a2,13025d76f54afb36bc9525626e1edf423f3759c8923c1639239fb89d602f4907,1920,1080,18,historical_train
bb_V0023_I0001200,bb_V0023,,data/train/images/bb_V0023_I0001200_jpg.rf.91531287047e6a8e74ba40595cc895f8.jpg,legacy_train,91531287047e6a8e74ba40595cc895f8,a69472a0df2195f024876197bd30ef5f8aa0a3cfc21cf64d4df969ca443bffcc,f09dea59d6d23ea318d0a06e5fa699ba626236ea5990d2125e004aa98cea1846,1920,1080,121,historical_train
bb_V0023_I0001200,bb_V0023,,data/train/images/bb_V0023_I0001200_jpg.rf.985c3ac63166ce65e657b986677a17a9.jpg,legacy_train,985c3ac63166ce65e657b986677a17a9,748b4472c13f69be83823c3b1bafb27881d5b8c7c99fa38ad88c94c6597f2280,a6887c317fc0df8096e765fb213b7ffb2cff1114da06fc00291d45c0ffc8de01,1920,1080,121,historical_train
bb_V0023_I0001200,bb_V0023,,data/train/images/bb_V0023_I0001200_jpg.rf.d8adcf9bdf07c55564ff15f8a56e09fe.jpg,legacy_train,d8adcf9bdf07c55564ff15f8a56e09fe,faf65f3169904a7289823e193f89ed3eb9d2127361d1a7a16c70b0eab1b35daa,4ae1e8ef513d38270af57b6aedd3678b25752846872c0b61c94f4d7c967cdfc6,1920,1080,121,historical_train
bb_V0023_I0001320,bb_V0023,,data/train/images/bb_V0023_I0001320_jpg.rf.232f9b42c32bf3dc5e9560910c30a827.jpg,legacy_train,232f9b42c32bf3dc5e9560910c30a827,885b8761a76204a347f0765dc7194467c74a9e97e5d4c4a1bf03ae78fd41bf17,cd5cb42088409927785501144cc6046d9851a7098d12855c4de52c1095f707a9,1920,1080,123,historical_train
bb_V0023_I0001320,bb_V0023,,data/train/images/bb_V0023_I0001320_jpg.rf.495b7c7207e8af55801c9ed5b8aed255.jpg,legacy_train,495b7c7207e8af55801c9ed5b8aed255,a74814ac014ce2c4a37f1190a8d5e14d2f916137f404aa13de58cd266f77eba0,28d9fb5877be835d07d2bbf64e593b1fa4111fb0f8fbf296d5ea9f5bd754636e,1920,1080,123,historical_train
bb_V0023_I0001320,bb_V0023,,data/train/images/bb_V0023_I0001320_jpg.rf.757afa834b1b58192a65aa056bb232f1.jpg,legacy_train,757afa834b1b58192a65aa056bb232f1,1e1b76f393f840ff9068049339047c747ebfdf0afd035e17443abb6422a372f6,6e4720540e77dc9664f297b1f80ac741bebfe596cf7fc053cc2ccbcd772ec6a9,1920,1080,121,historical_train
bb_V0023_I0001560,bb_V0023,,data/train/images/bb_V0023_I0001560_jpg.rf.839df41c5814da4bae064e48037da9f2.jpg,legacy_train,839df41c5814da4bae064e48037da9f2,1aac92e63f2f3dd2b9d2f8fec9c11d0c6cbcd34ed546bf1e2e091c905d5543fb,21cb5217a0ef93a252314824e853aecdd963e539ed251eeb9b289f6764cdd922,1920,1080,75,historical_train
bb_V0023_I0001560,bb_V0023,,data/train/images/bb_V0023_I0001560_jpg.rf.97aba4200a91b20a52558857aa0eb0a2.jpg,legacy_train,97aba4200a91b20a52558857aa0eb0a2,c077684672f4a7d2fc3a82cc01f7b140fb2de61924e0c3ccd69799ddb4996734,2f35dce5f4a8bd7e1df1dfd503893d7d67d7be0d234ea492a1d48b79324d6860,1920,1080,77,historical_train
bb_V0023_I0001560,bb_V0023,,data/train/images/bb_V0023_I0001560_jpg.rf.9ee0e1bf3202828eab0d76c41af6fd63.jpg,legacy_train,9ee0e1bf3202828eab0d76c41af6fd63,4b3f5286a2dd66aa9a9ecb456ac12a2ae7e2b93ea086f9f11b54ce6c74126a69,23e45682cda58bd5db1297e32cf11d4d813c7d414c5f69c1c4a8616df641342d,1920,1080,76,historical_train
bb_V0023_I0001600,bb_V0023,,data/train/images/bb_V0023_I0001600_jpg.rf.312597de48f8144bd68d5c107e93113a.jpg,legacy_train,312597de48f8144bd68d5c107e93113a,9fe1ab9b4bc266f9947cf032c9878dbfea0c58028cb81300874d9bbb206e2a5c,d3b3294d62f3886188681dbc3c6ff3072aeaf54c5e25436b4fa671e4aab07fcd,1920,1080,62,historical_train
bb_V0023_I0001600,bb_V0023,,data/train/images/bb_V0023_I0001600_jpg.rf.73f8e8fef9702dfbb59c5418fcc0f119.jpg,legacy_train,73f8e8fef9702dfbb59c5418fcc0f119,cc9c444c0ede52c4a3846b086d3bf7d057e6f34e70f47bdff359643dced8c0a9,cc0f265f82a22eac114139276168f946b555a7dc06805339b426ba061a42cac1,1920,1080,61,historical_train
bb_V0023_I0001600,bb_V0023,,data/train/images/bb_V0023_I0001600_jpg.rf.a6a74f578923f089dec6fc4e431fe3d4.jpg,legacy_train,a6a74f578923f089dec6fc4e431fe3d4,bf4e55f4c3c3607a1cfde1536b985af5d0d094dec3799d28db7bb593ab0508f8,a4fce39bd149fbc737b35d17bb2718bd026c35df0e8dd38b26a26dc8a9896aca,1920,1080,62,historical_train
bb_V0023_I0001920,bb_V0023,,data/train/images/bb_V0023_I0001920_jpg.rf.12d83fe85c61e13c0a0f34a129eb1064.jpg,legacy_train,12d83fe85c61e13c0a0f34a129eb1064,7c0ae4afa4b10d418b37a42b3a218e8f09acc5f98eead3f818906da10c8d3955,a38479e6f1eec47c277ee2942beff3e3003a81255a482cfbfe94a7a7e90d158f,1920,1080,8,historical_train
bb_V0023_I0001920,bb_V0023,,data/train/images/bb_V0023_I0001920_jpg.rf.1edc763e601af6ee53ab1053372452c2.jpg,legacy_train,1edc763e601af6ee53ab1053372452c2,b47e62196a8e3e31edb92d778154d6d84f21c4fe902650e6062ae1225f212ed9,67e57461d0761f4f2516ce6be04dfda7c641d3354864e2eb1af4549af62e720c,1920,1080,8,historical_train
bb_V0023_I0001920,bb_V0023,,data/train/images/bb_V0023_I0001920_jpg.rf.8922fb973f3584d78784623f277c8c3a.jpg,legacy_train,8922fb973f3584d78784623f277c8c3a,18de2180c4b3dcc43a3c880e0967b0ad2dd675f990c284b97efa9706e02f609a,54bae473b519f2b88134343654dac01d09932ad4c83b8b623dff275c96893d98,1920,1080,8,historical_train
bb_V0023_I0002000,bb_V0023,,data/train/images/bb_V0023_I0002000_jpg.rf.a05fc776c6a39a7ffdbf050aa26ca715.jpg,legacy_train,a05fc776c6a39a7ffdbf050aa26ca715,8778e90710f83b5087fb96d391180c9cb4b3f73d93dc6daad897cca58e900d68,7724634e83ce689168a11700788b5f894043bfc4184b7c522b67daeae9dcaaeb,1920,1080,6,historical_train
bb_V0023_I0002000,bb_V0023,,data/train/images/bb_V0023_I0002000_jpg.rf.e49cfe3480522dd00ba283b074ba4e51.jpg,legacy_train,e49cfe3480522dd00ba283b074ba4e51,350e9d054ed8f9e6480da9b5e412d080a25d9d6591fcc4d00071a83ac3677013,547beb97bfd4229e26af02b49d23a9becc7316b54386a5455cd613af5bc3e2d3,1920,1080,6,historical_train
bb_V0023_I0002000,bb_V0023,,data/train/images/bb_V0023_I0002000_jpg.rf.ee757a5363d978860c35886067fb7d67.jpg,legacy_train,ee757a5363d978860c35886067fb7d67,a2a91ffa07bef9c2467f3c9a9d38f1d8f8917da2b4de695b793b898636cd6894,d2c3fd203cf67fd7685a1f5f840cdfb66b639d5a5fc384fd89a9970c06f57abe,1920,1080,6,historical_train
bb_V0023_I0002080,bb_V0023,,data/train/images/bb_V0023_I0002080_jpg.rf.14b07593fd0828dad01c0eaaeb46685e.jpg,legacy_train,14b07593fd0828dad01c0eaaeb46685e,e49527c54635654fb00245a5d4d3bed8e8905df5d31f26c668d9d5882862ef75,b58d7b931e9ee833c24bb66aad951c416e6599de4d6dc6d38f10aa642a307ea3,1920,1080,4,historical_train
bb_V0023_I0002080,bb_V0023,,data/train/images/bb_V0023_I0002080_jpg.rf.4d66395613f38b18ff3f4ccaf130aee8.jpg,legacy_train,4d66395613f38b18ff3f4ccaf130aee8,3d95d61f0cb9b39f0b53e30e416ceb563849f3059cfdf274aa6e38aecb731f21,ea50ca2c23e0dbeba15a653cdb1277cbaef0c929a15bc035411754ce578ed754,1920,1080,4,historical_train
bb_V0023_I0002080,bb_V0023,,data/train/images/bb_V0023_I0002080_jpg.rf.9f5d8ffe6103f6fb7a7467e664e91fa8.jpg,legacy_train,9f5d8ffe6103f6fb7a7467e664e91fa8,99c863ae98013c42980f59ecb06fc1764370f73230c1e17ed4f2f35f677bc5c1,2326f3d3639b959c592535ecb16d96fa9c6c14e11af2cc6895c7551d788dec85,1920,1080,3,historical_train
bb_V0023_I0002200,bb_V0023,,data/train/images/bb_V0023_I0002200_jpg.rf.09e9dfe6e7426ecb367bf2006ee3d27c.jpg,legacy_train,09e9dfe6e7426ecb367bf2006ee3d27c,af9ed9577ed87d0e9c41fe94b5d4ada93ca21d90c4472f3fcf4b322ca737fcdf,ad42539db705bbb7e23123ce7496b3ba77ff7fb8781bb416bcdfcfad78ce3a07,1920,1080,2,historical_train
bb_V0023_I0002200,bb_V0023,,data/train/images/bb_V0023_I0002200_jpg.rf.acfb19e70c73027759886d217c5416dd.jpg,legacy_train,acfb19e70c73027759886d217c5416dd,fef07aadae4c3001b8bbbbafd77f997ec9994c9441a066a32081251ed3809ca5,b090dc1e6a330662a8de2f17bb79473d4404dea4fe7ec4185d0d103da3264a1a,1920,1080,2,historical_train
bb_V0023_I0002200,bb_V0023,,data/train/images/bb_V0023_I0002200_jpg.rf.dff1023f6b0431d85380b0dcc8b35a18.jpg,legacy_train,dff1023f6b0431d85380b0dcc8b35a18,2750fedaf412eb766d01b2c15c595b08b67777fdddf28d8ebd8489eaa86b1a74,6cf0900c3d98908daa49ba573439cbd3e37fc2afe3c001b3b8121ef94515f8d9,1920,1080,2,historical_train
bb_V0023_I0002240,bb_V0023,,data/train/images/bb_V0023_I0002240_jpg.rf.2d51d5aa45c8e938f2978ddc6d7cd0b7.jpg,legacy_train,2d51d5aa45c8e938f2978ddc6d7cd0b7,8255022416475e366ff9b1a36a68e1ab50c9c410a33026a66bc3324cec554682,9d42c65b33697cd98a2c1e18c0f4c5baa5608bb800cb2a6d59493441e8e06cc0,1920,1080,2,historical_train
bb_V0023_I0002240,bb_V0023,,data/train/images/bb_V0023_I0002240_jpg.rf.8194ae013efc148e29b0b530a6c38eaa.jpg,legacy_train,8194ae013efc148e29b0b530a6c38eaa,e2bb8a3ed1183f55e7eab21700606f4b83be6d7e4d22abf2d9f19144b73b243b,8318c7f249c998cd7e5fd7122097def74ab241e05f84fbbff00ee8c5414d9f5e,1920,1080,2,historical_train
bb_V0023_I0002240,bb_V0023,,data/train/images/bb_V0023_I0002240_jpg.rf.bdbae0f6666650ee9c9fcff975c18813.jpg,legacy_train,bdbae0f6666650ee9c9fcff975c18813,d8149b6a4670b46003104ed260b3d2ae09a356b8dd59e7f90cc0a10bb9417ecc,59e76dd1f940f604479115a2a42cbcc1d68b290dde5cb9b0bb29f766400daccc,1920,1080,2,historical_train
bb_V0024_I0000240,bb_V0024,,data/train/images/bb_V0024_I0000240_jpg.rf.0dc8355ed4e07e6537ba129a82028663.jpg,legacy_train,0dc8355ed4e07e6537ba129a82028663,7b0c93f48b7c490a6022d32fa2ead0cd18aa4b6862e15f8b39fadfb0eb3b505a,40aa992d275ef2693d66e8580337d0c5a2abc1374a95cf5f96cfdda5498c27f0,1920,1080,1,historical_train
bb_V0024_I0000240,bb_V0024,,data/train/images/bb_V0024_I0000240_jpg.rf.37496f91f3aed8dbf8bc32734a7f6a2a.jpg,legacy_train,37496f91f3aed8dbf8bc32734a7f6a2a,f552ebd634289d1da342244658544f9a95f35ca0c90c688111d62f7b2f862428,691bbcd7c905982e3041d4d2a84e982daa1d9658ce1d9a3c768b2f2736da1c93,1920,1080,1,historical_train
bb_V0024_I0000240,bb_V0024,,data/train/images/bb_V0024_I0000240_jpg.rf.60cc313ffcf05beb9e26a37f3728ac92.jpg,legacy_train,60cc313ffcf05beb9e26a37f3728ac92,8ff97793fa8359b4ff7e7bd9d02f2158d417121461a78cb0a3116e823371ca64,9a8c2556ced42ac9d8c0c1d9bc913b8bdd9b2c236222f21be8952cdd6458dd04,1920,1080,1,historical_train
bb_V0024_I0000400,bb_V0024,,data/train/images/bb_V0024_I0000400_jpg.rf.4a6c1f2f114bae57d8c7835ab6abf295.jpg,legacy_train,4a6c1f2f114bae57d8c7835ab6abf295,f4ad55da2a7d1486c6a0f6ebb376932a6f70f32803c13247b90a7180edffb498,9aa96889a6fdc8b60521b0513b12cb7b181c40a1b15496893444a4f375c3ba71,1920,1080,1,historical_train
bb_V0024_I0000400,bb_V0024,,data/train/images/bb_V0024_I0000400_jpg.rf.99d85d826c9fb83f8d0b271243c343a0.jpg,legacy_train,99d85d826c9fb83f8d0b271243c343a0,cfd077f46ab9ee264cd39e7b321445f0f5144151225fb8ddcea463022e56ed88,ab8d6e18340f454c0c3a2f51a6d8a061c5a786a534f611bf81d2c2f2d594437f,1920,1080,1,historical_train
bb_V0024_I0000400,bb_V0024,,data/train/images/bb_V0024_I0000400_jpg.rf.cd426442c86ed3d4b903abb9d9ac9f81.jpg,legacy_train,cd426442c86ed3d4b903abb9d9ac9f81,8768f78d61cbeef277c9d8803b42c58a70a69fd7882486d2878c730435906955,9337e0663d535f8bb99a332c27f9847cce5522a851fc525be480217f01556cf2,1920,1080,1,historical_train
bb_V0024_I0000560,bb_V0024,,data/train/images/bb_V0024_I0000560_jpg.rf.2fd69c4b56f60918963f4ce8bf394eff.jpg,legacy_train,2fd69c4b56f60918963f4ce8bf394eff,79df1d0b33d1aeeb784db3d308e54c99d1a346f2503d71d2e84ce956294d99d0,7433bcd11aaecd0043f74e4176bc28c6b6a978761cdb7330fbba1c68a72ba3c6,1920,1080,1,historical_train
bb_V0024_I0000560,bb_V0024,,data/train/images/bb_V0024_I0000560_jpg.rf.323c699eabb6a666decb81b1f62e11f1.jpg,legacy_train,323c699eabb6a666decb81b1f62e11f1,b1cce17083735875237fc190b5d96b6eb5f6cbfecce10656251a4ece0b501e74,96c805eca84cad4c47c49d7267a50b1fe41deda4fd6f276b39e7725c439d4f5d,1920,1080,1,historical_train
bb_V0024_I0000560,bb_V0024,,data/train/images/bb_V0024_I0000560_jpg.rf.e2196f3f9a0756f55cf223fd83f61cdf.jpg,legacy_train,e2196f3f9a0756f55cf223fd83f61cdf,77d1ecafc52e42d3a3ff63434a2480e719324f536b9da42b0385ce79f6b33820,a09040f050e9ff0cd28be3636463bcd8fc5d6c6d64f521b1d26583e971a66324,1920,1080,1,historical_train
bb_V0024_I0000720,bb_V0024,,data/train/images/bb_V0024_I0000720_jpg.rf.af0dae7c0b7a397328596566a8a00b1a.jpg,legacy_train,af0dae7c0b7a397328596566a8a00b1a,c6a216dec8eb55c4c685c966a3e0b3db19044aadd82d6ac9b63f55c2ea122135,39a112bf2899332c1c2151e5c77e3b717410738f52d82103de735579252f7603,1920,1080,1,historical_train
bb_V0024_I0000720,bb_V0024,,data/train/images/bb_V0024_I0000720_jpg.rf.d4a6a5803e689b90e464df3333fb3ad2.jpg,legacy_train,d4a6a5803e689b90e464df3333fb3ad2,20e1ea5e3f6a38afddc5891a263086ab14e0d7ff106e86e8f01839750b923a16,dbfe1b285598eead6c1290e1c1e34cd0fd8934fd45ca2e2b68b140dbb01925f6,1920,1080,1,historical_train
bb_V0024_I0000720,bb_V0024,,data/train/images/bb_V0024_I0000720_jpg.rf.e34e4a5363c88717d28710648a24c76d.jpg,legacy_train,e34e4a5363c88717d28710648a24c76d,ff06c567afd659553cbdc3f10a6ffd6901199b67e0ed193a875dfc8da94e112a,207cdad15c108798d735964bd879380b80204f31f4c7a8d721091ee57272c317,1920,1080,1,historical_train
bb_V0024_I0000880,bb_V0024,,data/train/images/bb_V0024_I0000880_jpg.rf.01aa17a2244de20cc09196c9ffd5ce19.jpg,legacy_train,01aa17a2244de20cc09196c9ffd5ce19,2b57b878e5cad5844399c49ad85faab22f7721b93f626521f874fc8b17783b17,dee783d972dcd71f9d9f4fa0dfe59d7f480d5548ea1b672f39f6ce486d7e2163,1920,1080,1,historical_train
bb_V0024_I0000880,bb_V0024,,data/train/images/bb_V0024_I0000880_jpg.rf.450adc04dce81accb479cd11d133bc83.jpg,legacy_train,450adc04dce81accb479cd11d133bc83,75c9c6f3244768de3a57ac8d570f5e5280243837759773ecb644c5c0d37cb31e,4a5ddefa9f820fba89f50870f6ac28c9b7a019596e31e443afb229d0825ad083,1920,1080,1,historical_train
bb_V0024_I0000880,bb_V0024,,data/train/images/bb_V0024_I0000880_jpg.rf.a0dd64be5a38750d32b55ac30fee3b74.jpg,legacy_train,a0dd64be5a38750d32b55ac30fee3b74,deb71be48bd23d7a5ea3c41a2c7c15140351447a0fdc9acdd5da41682720e819,3ef52ff6f2b3a1725c10adccde23c74ecbe3bae34dd2e111b824f9c4b3f17e28,1920,1080,1,historical_train
bb_V0024_I0001200,bb_V0024,,data/train/images/bb_V0024_I0001200_jpg.rf.6081a86c482a2a029d9d3be3894f559b.jpg,legacy_train,6081a86c482a2a029d9d3be3894f559b,ef1f90c36e07aebde15291b9d678826c85058968ab2bae43e18b59358f2ada20,7fec552b20e87476a1db1e22ba6324444098a600c10b075d0d0dd0c36da11bc2,1920,1080,1,historical_train
bb_V0024_I0001200,bb_V0024,,data/train/images/bb_V0024_I0001200_jpg.rf.9841988eda258ebebd8bdb0cb8fb0080.jpg,legacy_train,9841988eda258ebebd8bdb0cb8fb0080,94924c7246af73cffecbd544ae003db02619345c2e82347dd4c2015fc30e47f7,241dab239afc776c3f6f9f453bdbc0369ab06b710a9c04e958a3a50452238c99,1920,1080,1,historical_train
bb_V0024_I0001200,bb_V0024,,data/train/images/bb_V0024_I0001200_jpg.rf.f0b4335f8effe92d1ad3931b9a6ed2ab.jpg,legacy_train,f0b4335f8effe92d1ad3931b9a6ed2ab,a322728f2dafc94b99e234f6ae970b67df82bcda962c9dce43cbd4ba9e82bc27,e08eddcfea42ce0fc4f4efedb60d551261fc3b1056005992b7fdfa1e708066fa,1920,1080,1,historical_train
bb_V0024_I0001680,bb_V0024,,data/train/images/bb_V0024_I0001680_jpg.rf.0f5eb10fc5b5524505b12f9aad8dab0d.jpg,legacy_train,0f5eb10fc5b5524505b12f9aad8dab0d,b54654611f3d01689a681f000b45844cdd308f7af1ce61b05367370e09a80d93,8ff34e699b4a31898d2f5a433c77e6c9b726d586ce0f831e9d99bfd849a05fc8,1920,1080,1,historical_train
bb_V0024_I0001680,bb_V0024,,data/train/images/bb_V0024_I0001680_jpg.rf.b3413dbf8593592ec99eab9ec76a190b.jpg,legacy_train,b3413dbf8593592ec99eab9ec76a190b,722107ea58690266f7c2aa16b40ab8c2fecf72ff9e58be19b09c6e379103bbaa,64722a3c1215cfd6edc57451d12aeea4bd688cf18d3eec6b95bea4c4b3adf6ee,1920,1080,1,historical_train
bb_V0024_I0001680,bb_V0024,,data/train/images/bb_V0024_I0001680_jpg.rf.ba1bc2524b876b1ab8f1a6b1315ed235.jpg,legacy_train,ba1bc2524b876b1ab8f1a6b1315ed235,97639b0e3c063e28b8f2e58dfdfb3cf1274062027eb929569f24e9664466d194,eed92ff348c227ac177e4698907f2e7b5d84487b97b95caaaa53693b68a5c2ca,1920,1080,1,historical_train
bb_V0024_I0001840,bb_V0024,,data/train/images/bb_V0024_I0001840_jpg.rf.3732554aa7e3a0c727102746f6a65696.jpg,legacy_train,3732554aa7e3a0c727102746f6a65696,63eb5648c3ab2b1db5935794c32653b894940552dae4c1c038d2f02c5e768488,a4cb035d092e898dac4b266e9b36cfa547422323b53a549a04d1f79d3ee81fe3,1920,1080,2,historical_train
bb_V0024_I0001840,bb_V0024,,data/train/images/bb_V0024_I0001840_jpg.rf.5aac360a02090be103df260c0fc24d6b.jpg,legacy_train,5aac360a02090be103df260c0fc24d6b,2ab69b48b17843c81e77ce816b15ebc0f95a604881432c1ab4edb0188786c325,f47b7fdd3a80a1936116a3d66b2c31db64e0f48f36a423752399aebeecbe513a,1920,1080,2,historical_train
bb_V0024_I0001840,bb_V0024,,data/train/images/bb_V0024_I0001840_jpg.rf.847fa0f553ef2eab818f7ee7ce64cdbf.jpg,legacy_train,847fa0f553ef2eab818f7ee7ce64cdbf,9457876f4c73dbc4146be554f3a12b59fc158af2679ce74766ca01a7f3a21145,d67f8098b41c571edc2606cabe434c4612f2a1eb80a8c2163da822586b4fea67,1920,1080,2,historical_train
bb_V0024_I0002320,bb_V0024,,data/train/images/bb_V0024_I0002320_jpg.rf.00aca21d7a5650cfa87847ed8206cf4f.jpg,legacy_train,00aca21d7a5650cfa87847ed8206cf4f,fe2e4cdbeaa6b6a225bb1aaf6e11c33c729e2975f0321fdf9f774e8bae0a90d4,a2c63ac3f0bf341ffe4789514dd173aeaa5e8c7d8e112d6237a8323207a6c3ac,1920,1080,1,historical_train
bb_V0024_I0002320,bb_V0024,,data/train/images/bb_V0024_I0002320_jpg.rf.18561b6806ed44773b2ed6aa259b645d.jpg,legacy_train,18561b6806ed44773b2ed6aa259b645d,fd93f313d637a7895c72172def1ff8c3fc18c49488c38ad42ae4fe849f2fbbd9,b94785d31d28ccfd0114e574765d4ae06b645ebcf1a664c7b6e590c0d4328ede,1920,1080,1,historical_train
bb_V0024_I0002320,bb_V0024,,data/train/images/bb_V0024_I0002320_jpg.rf.b3184b021e67a4933fb0559e0442bebd.jpg,legacy_train,b3184b021e67a4933fb0559e0442bebd,3d3c80b2b3f760fa11b0cb776e756a4b536a1b4926fd6f3e89b67182921926b1,1398acab2f3dbb3e95e65ea287436a2d75940eb5a26b5297fe75793a867111d9,1920,1080,1,historical_train
bb_V0025_I0000880,bb_V0025,,data/train/images/bb_V0025_I0000880_jpg.rf.5919e12b0c027f2c71aed281d89cb118.jpg,legacy_train,5919e12b0c027f2c71aed281d89cb118,4a78dc8648d9cc7d0e50b45d436cc32d39879f929e9bea38bb647fe2abd57a0f,3148f5a128680404b093739e074d3e08800d3f220105785b12f9870148094b7e,1920,1080,226,historical_train
bb_V0025_I0000880,bb_V0025,,data/train/images/bb_V0025_I0000880_jpg.rf.8ef89d5df3b93a4e269d1d19e5da2dfa.jpg,legacy_train,8ef89d5df3b93a4e269d1d19e5da2dfa,61c2c3c0df37ef5c7c5e7e3d4367a1cb60a18934c121359bed0296342f0a5c9c,8c9975c8878ab900fe2169ef51daa9f92ebfc9881251167de7e2c015f1a52ad1,1920,1080,232,historical_train
bb_V0025_I0000880,bb_V0025,,data/train/images/bb_V0025_I0000880_jpg.rf.ce2c8febad3aac510886e2c72fdf70b3.jpg,legacy_train,ce2c8febad3aac510886e2c72fdf70b3,47abb6c9fa57403f7529d642668668dff9fbe474d50c228126d42220089875bc,d25447d4da1eee8bb4bc0e68301d006ead2ca7c50caef5862d87ea71123c7640,1920,1080,239,historical_train
bb_V0025_I0001080,bb_V0025,,data/train/images/bb_V0025_I0001080_jpg.rf.2137e3b51b487b11bb460f1316016362.jpg,legacy_train,2137e3b51b487b11bb460f1316016362,88aa9d8370bfc586f92c6772388ae6c8970ed23137a4b604d651c4f94cedd54d,f5240347ecf3c731e8e8d0c285e240f009fd4b58bf601dd2d2019ae2235f8d4d,1920,1080,477,historical_train
bb_V0025_I0001080,bb_V0025,,data/train/images/bb_V0025_I0001080_jpg.rf.43b9abe30526f9956d4534059c0e911e.jpg,legacy_train,43b9abe30526f9956d4534059c0e911e,0b095b00f4e01f3d9ff58f1c66316b660d1762537be95599ea79a761f1a8a14c,481e9ebdb4b7623d142151ac45c3c8fc59406a3f08326fb682a65e0a0f83624a,1920,1080,457,historical_train
bb_V0025_I0001080,bb_V0025,,data/train/images/bb_V0025_I0001080_jpg.rf.e7bcd6fdbb67295432022040bfb573de.jpg,legacy_train,e7bcd6fdbb67295432022040bfb573de,eb207ca869431005314316a0114968cdf50a2520d2b00ac696bfc7d4039acca7,200b5b316f7e943518961ade0cb1e3f86dce9ee49821e28a89ad41e1d365664e,1920,1080,477,historical_train
bb_V0025_I0005080,bb_V0025,,data/train/images/bb_V0025_I0005080_jpg.rf.89f60570da7cb7321e5dc48ec44b7fd5.jpg,legacy_train,89f60570da7cb7321e5dc48ec44b7fd5,916812979aceb7b98f27f96190d7dab0d4f4dbd31f0249f6b534804e88e106b8,fee79df887348077e647cf629b1375caa51112480e053d4dd56b9df1a3b36e13,1920,1080,370,historical_train
bb_V0025_I0005080,bb_V0025,,data/train/images/bb_V0025_I0005080_jpg.rf.bcbd4e0d43b72868cfc87b152d4903fa.jpg,legacy_train,bcbd4e0d43b72868cfc87b152d4903fa,329b10a19fc3133ad1e1bfa5600414c85edcd1c6c042cc6ca27e67e2c973695a,19bc0e46c4abb37ef4a261f061b410a1be35f20ba87e3e088c565ac32615aaf6,1920,1080,372,historical_train
bb_V0025_I0005080,bb_V0025,,data/train/images/bb_V0025_I0005080_jpg.rf.fcb9b1921746ca1a9c9dfafa63d1f7bb.jpg,legacy_train,fcb9b1921746ca1a9c9dfafa63d1f7bb,99740c883adb467cb2c4db9741f013005664290f8ca6cab05284276b86a84bc9,26dbe6af9b34610bd786cb5a1fd072c7de6c61245a0e2bf0c97ba131dffd74d5,1920,1080,372,historical_train
bb_V0025_I0006000,bb_V0025,,data/train/images/bb_V0025_I0006000_jpg.rf.4fdb41d574ce51b09b38701b762e2fd9.jpg,legacy_train,4fdb41d574ce51b09b38701b762e2fd9,0b5602acb72b1a94c2d900d7f04599bc0750557c3f5f07deb0e46d70d3b03e3a,e6c310553438974cae0ef62f8199730ef0e07b5ac59534181af5ad8c01800639,1920,1080,529,historical_train
bb_V0025_I0006000,bb_V0025,,data/train/images/bb_V0025_I0006000_jpg.rf.58e3c08e93cf8a5721210a368938e83b.jpg,legacy_train,58e3c08e93cf8a5721210a368938e83b,26b5b707985f69c371482ae0d771319d975358e5124377f892be1e3fa74fd825,270e1a8dc1049c7b23ca09fdb617fb155dc8d8469d27644318ead4b8d8651ee8,1920,1080,529,historical_train
bb_V0025_I0006000,bb_V0025,,data/train/images/bb_V0025_I0006000_jpg.rf.e77b8381074b498863af3ee32a30cbff.jpg,legacy_train,e77b8381074b498863af3ee32a30cbff,2e40214dfb62e4afdeb64db9a036e61f5e0becc029614c1ba76bc1e19867c1c8,798ad1748489addbb43b72087e5c6ae0c4e66c4f1291d8db8f9b42b5f8560c90,1920,1080,522,historical_train
bb_V0025_I0007920,bb_V0025,,data/train/images/bb_V0025_I0007920_jpg.rf.5c4f35fd8e15c9a1741cb65f56f977e5.jpg,legacy_train,5c4f35fd8e15c9a1741cb65f56f977e5,93ddae54eceac8380f46db2f591db5fe30d45c36fa5c5d15a60dd6da6672389d,23771bfc509c3f130cb7b2083f300de649a99b23f6e059f0cf7647c9e0daa274,1920,1080,174,historical_train
bb_V0025_I0007920,bb_V0025,,data/train/images/bb_V0025_I0007920_jpg.rf.d2639e2b362c1235e9a8008c42d5c1cc.jpg,legacy_train,d2639e2b362c1235e9a8008c42d5c1cc,70decd86f99bad3aa8a2cd9e38956357504cb87cad164054235be8bed87899d0,d7ed07600206e64793ab695d37df81526a482add3b57f0b1c358e0a9a80addc4,1920,1080,182,historical_train
bb_V0025_I0007920,bb_V0025,,data/train/images/bb_V0025_I0007920_jpg.rf.deabfd6cc763ef743643c2f0a24b799b.jpg,legacy_train,deabfd6cc763ef743643c2f0a24b799b,59a062779db4382c038eefcce5e2c59cc4983a031638172cf586ca4b43c1c8c6,cdc73ec03c7a431a871d1b5b6f913e30e365a337e6cd4341d4145d938437114f,1920,1080,182,historical_train
bb_V0025_I0008480,bb_V0025,,data/train/images/bb_V0025_I0008480_jpg.rf.3f6239e0f7372b686f1ecb8983fb87b0.jpg,legacy_train,3f6239e0f7372b686f1ecb8983fb87b0,07d8bca45c0d51d56c4deb755ea865f2c21c8ce4f7ccc16be39b874a3ab6bb6f,dc3be190722bc3037d1b9d137ee63d92d58e800a8d47a283d39132e6353abe6f,1920,1080,8,historical_train
bb_V0025_I0008480,bb_V0025,,data/train/images/bb_V0025_I0008480_jpg.rf.74dc5316f08e4364f0932eda10f996b4.jpg,legacy_train,74dc5316f08e4364f0932eda10f996b4,03ba055f4b74f09646b8bb081c96e4347a66e4c3c4914835f6c8f5fb583ac961,c6cd6dec8e3606b7be60eabaca8be9c464d02dac2b5c0b6ece86b0322fea9d4b,1920,1080,8,historical_train
bb_V0025_I0008480,bb_V0025,,data/train/images/bb_V0025_I0008480_jpg.rf.7ff27895df8ea6d96bd67c9523dfced8.jpg,legacy_train,7ff27895df8ea6d96bd67c9523dfced8,b9c1531bfc4daaf4a57789d828c678cf674641e67e4e357e1cd1d2ff35a50c5f,2e1ba4d702f0c0b75f8d2a6cc898fd0269329e847ee91379a963fdbf645ee7cb,1920,1080,8,historical_train
bb_V0025_I0009000,bb_V0025,,data/train/images/bb_V0025_I0009000_jpg.rf.0de6e91035ea89fcb99247fe898712f7.jpg,legacy_train,0de6e91035ea89fcb99247fe898712f7,212ef95a84061e01662d0b94168ba20c6bce0887d652f0eb93f83ef9d181a2fe,73d940cfe10ff4c8afa3aea41f2b09d97ab85936e4007d90d82131eb0c09d56f,1920,1080,37,historical_train
bb_V0025_I0009000,bb_V0025,,data/train/images/bb_V0025_I0009000_jpg.rf.52ee32cc866c76c7c87519140cfaf039.jpg,legacy_train,52ee32cc866c76c7c87519140cfaf039,9d67bc3c1aed84116b62588a38828c92a38f63b2bbc01211525e0d2d1db92ba6,22450048e58b915d2b6922681fe7c0f029c74ba37c1dfe222d859ffb1ec8c345,1920,1080,37,historical_train
bb_V0025_I0009000,bb_V0025,,data/train/images/bb_V0025_I0009000_jpg.rf.d6cb7afa9ba33cc48848b11669bb4d75.jpg,legacy_train,d6cb7afa9ba33cc48848b11669bb4d75,62e1ec2c221e9da935b305106d37bfac45af48abe2d410fe1076010dd6c22dfe,c619773dba97ceb528bebb0256d062f85b817d9dff6b5a89e615a80875fb18ce,1920,1080,37,historical_train
bb_V0025_I0009480,bb_V0025,,data/train/images/bb_V0025_I0009480_jpg.rf.1be90edbdf342a23beebbb97f2a1e4e8.jpg,legacy_train,1be90edbdf342a23beebbb97f2a1e4e8,997d83381f578d1b6216877991f16209a7123f674e1babd7c26ed7c23ac71fc3,394479ce87c73d118d0403f1e14875dd6ea8bc1e361ebe2fe43ab839fd1ead52,1920,1080,136,historical_train
bb_V0025_I0009480,bb_V0025,,data/train/images/bb_V0025_I0009480_jpg.rf.a1f240d32072a7021fe4aa12fc78403e.jpg,legacy_train,a1f240d32072a7021fe4aa12fc78403e,a877e994be2d9143f2b27955a21af35f9c88d1168cf61d39d676aabf490e334f,85a537eaa9cf240a5513d04bce8fc25f6a956c1c06af37996fa56a893f33f142,1920,1080,136,historical_train
bb_V0025_I0009480,bb_V0025,,data/train/images/bb_V0025_I0009480_jpg.rf.e15fb3c33fa5b12e0ebfb14bd7c48ce9.jpg,legacy_train,e15fb3c33fa5b12e0ebfb14bd7c48ce9,67664d92336326f02bc50b96bcf1799bff64bc164ebd0a97bf7d7a62c45b81b0,a0e6f18fc2c27a34467d1e66ef93434cf6a0a862dd50aa2e0ccf05baec5f314c,1920,1080,136,historical_train
bb_V0026_I0000360,bb_V0026,,data/train/images/bb_V0026_I0000360_jpg.rf.24b4e85a0918593324d7d584d67293c7.jpg,legacy_train,24b4e85a0918593324d7d584d67293c7,e304344f45f6cc060e97344c20e39c9531b48a9c7a24c741f991ed7a0b6c8eea,d60ebcc02d2ac4bf1e290284567e631d4725f77a9ea0f97ba3ffb580e176dc7b,1280,720,67,historical_train
bb_V0026_I0000360,bb_V0026,,data/train/images/bb_V0026_I0000360_jpg.rf.693c0bf2e1fea55a7d378404541dfc47.jpg,legacy_train,693c0bf2e1fea55a7d378404541dfc47,2b147b50425207da33b9c75d2288bf514b5e5be2e4ada9196ec642d3a827418b,7875c89e14e4f06096e720a0401ea110aced7a131c77fc40214d1aef837edd92,1280,720,67,historical_train
bb_V0026_I0000360,bb_V0026,,data/train/images/bb_V0026_I0000360_jpg.rf.8e9d8e1d648a4473380cba278305d2be.jpg,legacy_train,8e9d8e1d648a4473380cba278305d2be,98aff9d714faaecb956408732420991e3e30c292e3d41b072d4ffdff6fe76150,f235589c2709dd60c2d41a7da677935ec6bc0bd3da2dd907c9de878d7ccc5f17,1280,720,67,historical_train
bb_V0028_I0000240,bb_V0028,,data/train/images/bb_V0028_I0000240_jpg.rf.7bb6c77e3d37105a1f369b9e48b54064.jpg,legacy_train,7bb6c77e3d37105a1f369b9e48b54064,1a71f3602c3ca0d8c86c5448497565477f1d4f37eedc936b047d0633873f044e,3892c8cc1c735e2c96a435ca20d820e9e0fd4240e053d0c800e6b56bf61b2070,1920,1080,2,historical_train
bb_V0028_I0000240,bb_V0028,,data/train/images/bb_V0028_I0000240_jpg.rf.c7742f0dbecee8a029e7be656a5dafe8.jpg,legacy_train,c7742f0dbecee8a029e7be656a5dafe8,888a669c245ba7b4125056539d6108e6d3f5ce4e52693ec42ccc7a7abf166fb3,7507a2d8f6c413905385e9df1bfdb144146df3d2d4530b0af46443632f5899e6,1920,1080,2,historical_train
bb_V0028_I0000240,bb_V0028,,data/train/images/bb_V0028_I0000240_jpg.rf.dac826939e07ae0c6f95cc2693aacf83.jpg,legacy_train,dac826939e07ae0c6f95cc2693aacf83,30d0e7bfc748d6e706da0b2946fcef2469c2e5b67a0b95385c7c800006dab4ee,7507a2d8f6c413905385e9df1bfdb144146df3d2d4530b0af46443632f5899e6,1920,1080,2,historical_train
bb_V0028_I0000400,bb_V0028,,data/train/images/bb_V0028_I0000400_jpg.rf.3a2455e2f440aff636e080019be93263.jpg,legacy_train,3a2455e2f440aff636e080019be93263,1f8e7cd245762382e8ab6547bf67fde438da16152ec011ee75935921026f9449,595429f8dab39d0c5216b649e59f9cedcab5754a18611c5f903462bb30c0509c,1920,1080,2,historical_train
bb_V0028_I0000400,bb_V0028,,data/train/images/bb_V0028_I0000400_jpg.rf.40a7960a48752fe81b5352459d66ebf8.jpg,legacy_train,40a7960a48752fe81b5352459d66ebf8,b8008a499e219019c9ffadbadee31f6ebcb9718353a1d2dea7ab868dae4d013a,0208f36b494785be8dc0ad33469c0689cfa9acfe56a6fe22f0d807ce3207900a,1920,1080,2,historical_train
bb_V0028_I0000400,bb_V0028,,data/train/images/bb_V0028_I0000400_jpg.rf.44e1aac9883c7707de4dd5f76faeb887.jpg,legacy_train,44e1aac9883c7707de4dd5f76faeb887,e7aefc6781dcb4b914b4a3857194730fca32300e9b8b023f31a22d24fbd7cd75,300698f024ca7c5c0d9d8002d387a72da480eb55adbdff586bf09009b570ce3f,1920,1080,2,historical_train
bb_V0028_I0001640,bb_V0028,,data/train/images/bb_V0028_I0001640_jpg.rf.10648217de09e8a21cdc691b61ad62da.jpg,legacy_train,10648217de09e8a21cdc691b61ad62da,5904089230b001b6b206ae5e17a63d121c0b18d0f00e21fbc61084c0d19db868,00c4e1d3691061cbe0d4d2bf86bbd0467d90e7c69510a8ec6bea7f3386311381,1920,1080,3,historical_train
bb_V0028_I0001640,bb_V0028,,data/train/images/bb_V0028_I0001640_jpg.rf.5466921d128685f098a3adee5d4722ff.jpg,legacy_train,5466921d128685f098a3adee5d4722ff,6fda8ee207e53b5aa4ca00b84a61dff6ffa2e74ef1bd904c5a3feedf25e12a39,074225394e3939765ed8876941bfc2d43efa4e3ef210a0663c4079d2c9987ff9,1920,1080,3,historical_train
bb_V0028_I0001640,bb_V0028,,data/train/images/bb_V0028_I0001640_jpg.rf.f462ca210e1d1714cefe8e8cdb9aa8d1.jpg,legacy_train,f462ca210e1d1714cefe8e8cdb9aa8d1,b9dbb5a9331277f7de2529f6bbe92a5953f4eadb386e9559d903582eeb8ef39f,40c3eee5204ff33b95960b939c456bde21e985684bac028d5842adc8fb185c26,1920,1080,3,historical_train
bb_V0028_I0001720,bb_V0028,,data/train/images/bb_V0028_I0001720_jpg.rf.6917171d41009206348f497c18ff3c32.jpg,legacy_train,6917171d41009206348f497c18ff3c32,184d5198f9e3758412c1603b3104c83c46925d8f7d615c766ee2caf372c3a2a4,5b93ee8c568b60e5542a94ea53fb30b43c4476127f18265335d6c0795725a55a,1920,1080,8,historical_train
bb_V0028_I0001720,bb_V0028,,data/train/images/bb_V0028_I0001720_jpg.rf.d0e5e58edb05e453c8ad35bb77bc2f57.jpg,legacy_train,d0e5e58edb05e453c8ad35bb77bc2f57,3190ebd7be03e8a639cc49e306d42ab6c5379608cdc7fae9949bd6f08407075a,0c86bc220321946bf69c92cc453ed9ec5a10a19e8b5d13de75ec34a40bac1049,1920,1080,8,historical_train
bb_V0028_I0001720,bb_V0028,,data/train/images/bb_V0028_I0001720_jpg.rf.df61efc7cea4f6c8083493e8cc545a1c.jpg,legacy_train,df61efc7cea4f6c8083493e8cc545a1c,0e7d7da50571f6f43c0c5cfb3248fd381ed170452c707c1383522c0c7f44cd59,c33df00b651349feb0b66114b0d9e81dcb0a3bfc5e4c1fd419ba31208c2c00b1,1920,1080,8,historical_train
bb_V0028_I0001760,bb_V0028,,data/train/images/bb_V0028_I0001760_jpg.rf.185cac3d36ccc6aa7e0c495d2ee823a3.jpg,legacy_train,185cac3d36ccc6aa7e0c495d2ee823a3,6497312417905996a3164c115603f2dcde44ff195fa539a2a07fc62197c2960a,03bc18ad330116b2afe55a15f14de7f4cc3c45da6b988c8c2ed61ac1298f8b3b,1920,1080,1,historical_train
bb_V0028_I0001760,bb_V0028,,data/train/images/bb_V0028_I0001760_jpg.rf.5766196aa42e1efb2bff3adee0246a29.jpg,legacy_train,5766196aa42e1efb2bff3adee0246a29,745014d01bfc1b0c5898353fd9950095e2497d2e10271845d1be8261bbfce815,7dcc74190a9c9e3f3747b1e86f0e7fbaf30a9adf10bc07f62384bec0eddb274a,1920,1080,1,historical_train
bb_V0028_I0001760,bb_V0028,,data/train/images/bb_V0028_I0001760_jpg.rf.967767092dd66053d3e0d88249fe5795.jpg,legacy_train,967767092dd66053d3e0d88249fe5795,6232a89659a93e49aa0d7dd1af92cd0934c61107e1ca9a3a5edd3f6219d09736,e8048c757385a492c798b786347dff4de8ef5d0069f796b9d4c5610379fd3246,1920,1080,1,historical_train
bb_V0028_I0001800,bb_V0028,,data/train/images/bb_V0028_I0001800_jpg.rf.2956563d783f3edf4136283606f5bee4.jpg,legacy_train,2956563d783f3edf4136283606f5bee4,063cd4528f522f9181248a2b984135ffdabd5feb5177535af2de86d524fb2ed9,f4878a9fb8f9ea64fd2f3ad8f5b09ed8cf21e40e4c7906d09b4a2fdeaf98ca7c,1920,1080,1,historical_train
bb_V0028_I0001800,bb_V0028,,data/train/images/bb_V0028_I0001800_jpg.rf.9523498c9a5619d6a8fa387586d429e3.jpg,legacy_train,9523498c9a5619d6a8fa387586d429e3,7b66f07efba3b10f7afd87d29c9cb02b912a3229602523cd59df9dfa210344d2,e5fd12a26f2f642f701572ac278941303e098f5264b28e1ef12e39640fa7183a,1920,1080,1,historical_train
bb_V0028_I0001800,bb_V0028,,data/train/images/bb_V0028_I0001800_jpg.rf.e7e0363a06ccdfe14001e9944306ae57.jpg,legacy_train,e7e0363a06ccdfe14001e9944306ae57,a6815f41ca38bbf63e6fc7d59e06e86a526a9fa829e2a18b6bda07dfb518ae34,d10653dc4bc0b63cb23f700a8e7877066fe4f1ae04e06de58794cdef16e09f20,1920,1080,1,historical_train
bb_V0028_I0002040,bb_V0028,,data/train/images/bb_V0028_I0002040_jpg.rf.0715718dd3d4a7353f97e52a1707cb1b.jpg,legacy_train,0715718dd3d4a7353f97e52a1707cb1b,067c531d1be6e64f139f993f8cb0f660366e30b50540773f04dfc5d747637b37,758e1e2df56b5923d995b3db65214641a8a81c971f2abc08a977a477b8863cf1,1920,1080,1,historical_train
bb_V0028_I0002040,bb_V0028,,data/train/images/bb_V0028_I0002040_jpg.rf.bad3699900799ea8935a085ddc84cbd0.jpg,legacy_train,bad3699900799ea8935a085ddc84cbd0,cb12f30aea04855aa8685fb598c69a0717c1c534a3cc234292f3af703f0c0ed3,5aaaf3aa881ff226c6008a12e917109323ea313d81e5e90949f2137a4502e570,1920,1080,1,historical_train
bb_V0028_I0002040,bb_V0028,,data/train/images/bb_V0028_I0002040_jpg.rf.bef859d4acd4719f0da2fed0acb79809.jpg,legacy_train,bef859d4acd4719f0da2fed0acb79809,ad791647185a12ea51a26f0531c249339cf55d284b2fd24f3f0f5df3e6aaeaa1,5a339db2d3617cbb2c3ce6253a532f0cd19c47cb434df00239aaef33aef5f942,1920,1080,1,historical_train
bb_V0028_I0002280,bb_V0028,,data/train/images/bb_V0028_I0002280_jpg.rf.de76e3a197f1fba0e907c5e0f1af01cb.jpg,legacy_train,de76e3a197f1fba0e907c5e0f1af01cb,4953043e6aba3fc272b6c62594283924b73d75bf3e85b5c5364bffb694852c23,a12c1207a7baf4cc3a3ae4dcef90f481f8314856559814a31520f6b7f552dad2,1920,1080,9,historical_train
bb_V0028_I0002280,bb_V0028,,data/train/images/bb_V0028_I0002280_jpg.rf.e1da31eab624c665b8e2e102359faeed.jpg,legacy_train,e1da31eab624c665b8e2e102359faeed,497f9c2eb9d3c0322e6b077becf7b7d83cbc8330e53f937ee2e37abb0b4db2ca,56d09c6880837ec750e54bb8070b816430dec91942fcd560f1036fe6552eb373,1920,1080,9,historical_train
bb_V0028_I0002280,bb_V0028,,data/train/images/bb_V0028_I0002280_jpg.rf.ef55e4582451ce5ff7f96629714fc52e.jpg,legacy_train,ef55e4582451ce5ff7f96629714fc52e,442e31b41c37b2598414288d272f91dab341c0c1ee9e2c23f6e02d10fdff9fca,796b35eb0115aae9058314f174c3c532935fd5745088c3925c5e48d2702e7cec,1920,1080,9,historical_train
bb_V0028_I0002360,bb_V0028,,data/train/images/bb_V0028_I0002360_jpg.rf.154fcd9440a360f6bf5b629e3e2a9a0c.jpg,legacy_train,154fcd9440a360f6bf5b629e3e2a9a0c,c3dbc9320a13bf62ab8abb87698bb7b431e2e453f5ecafaafcefe8c3cf793d62,f7e0c177efc33d677784a9184e73611214a5c8b7a9523991dba0f54cce175499,1920,1080,1,historical_train
bb_V0028_I0002360,bb_V0028,,data/train/images/bb_V0028_I0002360_jpg.rf.51db3d313f90daf391b602142052cb39.jpg,legacy_train,51db3d313f90daf391b602142052cb39,139e30ba330e8c3a054e1f792841ce55fe3e8fabd78d0bc7198b39bc677bc505,4941741aaa4119f0935349a3e9fc04fd90684ebab7c680bc5f61f84154b950da,1920,1080,1,historical_train
bb_V0028_I0002360,bb_V0028,,data/train/images/bb_V0028_I0002360_jpg.rf.f3979028241645217b3d3436f47ee309.jpg,legacy_train,f3979028241645217b3d3436f47ee309,b025b246e3497bf79b06cbf15f372d78ef6cee6bf17a760a110ebf90c0951838,3ca27b8f8ade195b9d475abb45053ac2cf20aa92b109c0497482d56f95261e01,1920,1080,1,historical_train
bb_V0028_I0002680,bb_V0028,,data/train/images/bb_V0028_I0002680_jpg.rf.3b44a355ea0517657e99068fcdb26720.jpg,legacy_train,3b44a355ea0517657e99068fcdb26720,9cf51b635457e0704df41ff35166aea83c07fea35b23086150c22640d76557b7,d983cdf2763a873cad32a41c3fe45cea1c6d7d183cdebe0e70bfb952ef4a97ef,1920,1080,5,historical_train
bb_V0028_I0002680,bb_V0028,,data/train/images/bb_V0028_I0002680_jpg.rf.77d8fc0fde932a2e53b187487bb7899e.jpg,legacy_train,77d8fc0fde932a2e53b187487bb7899e,f04739d14e1812971724a93b089448f753e91d43e0e48e43576945e2e72704c6,335f64e44f143793eda49bec45678183edfae6338aa09597f7639f9dd7b79254,1920,1080,5,historical_train
bb_V0028_I0002680,bb_V0028,,data/train/images/bb_V0028_I0002680_jpg.rf.c072f73f06e0fdc34c835461527c54e1.jpg,legacy_train,c072f73f06e0fdc34c835461527c54e1,f7c16d99cac44289e279307646dbb0d44eb641331487a96579c839882cefc2a2,f727b6b3c5e1bb7fdf2825a382217c5adc07ee51ddef10aab083fc49f6d0191b,1920,1080,5,historical_train
bb_V0028_I0002720,bb_V0028,,data/train/images/bb_V0028_I0002720_jpg.rf.430e513c719d5188985abf81c81304ce.jpg,legacy_train,430e513c719d5188985abf81c81304ce,39e3e237768fed1f3764b4cc0068583d6c2db97a632ac601232202fb4c3d0ba6,2f572dba478f36e7dd3da0a2561b1d0854b36fe7a677eb108f47395df2b0496c,1920,1080,10,historical_train
bb_V0028_I0002720,bb_V0028,,data/train/images/bb_V0028_I0002720_jpg.rf.9646f7a4e088b8558d0706d540a8b1e6.jpg,legacy_train,9646f7a4e088b8558d0706d540a8b1e6,365846ff7d00cbc61c4ac183434189c999239f3fc4d399d2ef070475cb8632c4,64ba87657e8f939c009f70432f7f879fe3365a88c793089411b5f222f75725fe,1920,1080,10,historical_train
bb_V0028_I0002720,bb_V0028,,data/train/images/bb_V0028_I0002720_jpg.rf.fdc49250dcfe658831624a658a6992ff.jpg,legacy_train,fdc49250dcfe658831624a658a6992ff,f0af5dae0f7a436d686e22fbeced10e81c506e75576e156843c991f9957b780d,0d00343c2cae4d09ddf98719abcecdd8824f2de4e7ad3c6f45d6b9314f7cf6a8,1920,1080,10,historical_train
bb_V0030_I0000000,bb_V0030,,data/train/images/bb_V0030_I0000000_jpg.rf.9d392ecac6709618143c550d6124c8bd.jpg,legacy_train,9d392ecac6709618143c550d6124c8bd,93abb9d93756e8dfcc6b8fc03356655b7e2a36ba1553cd76afe849dffe6bf05e,c7ec15fc08751812aebcc96eaf8218c2898324bb2d063b8c437f1e8ce6273036,1920,1080,54,historical_train
bb_V0030_I0000000,bb_V0030,,data/train/images/bb_V0030_I0000000_jpg.rf.b41bbb089a4e8afd876371346867bbdf.jpg,legacy_train,b41bbb089a4e8afd876371346867bbdf,601b87e2ef8323afd4fc95f25dcdba3faccc48583c3626d478eea7579823eabd,67c879f96eaac75f0200d820ae57fc806dc479f94de0aadb301ba6739b0634f2,1920,1080,59,historical_train
bb_V0030_I0000000,bb_V0030,,data/train/images/bb_V0030_I0000000_jpg.rf.ba23475e71c0ed4d10200e0b3bb0be69.jpg,legacy_train,ba23475e71c0ed4d10200e0b3bb0be69,210bc81a8002eb4bfe6080585b68809606ceae25f451dd97ada7ea8c628ac371,64da50c18e8ef0cca11e8fc2480db44a859cd5a2e172790b5eda51cbe4207572,1920,1080,55,historical_train
bb_V0030_I0000560,bb_V0030,,data/train/images/bb_V0030_I0000560_jpg.rf.9bb46b34bc2f0ad158c389fe12f622f3.jpg,legacy_train,9bb46b34bc2f0ad158c389fe12f622f3,de56590c54e2c8503b20bac4d048dc05eb138e9989aa98530044debb1f86b714,03dd5ec3862c80ce05cb7857e67426c7c29dbad202a72b4787bb66da7029f3e3,1920,1080,38,historical_train
bb_V0030_I0000560,bb_V0030,,data/train/images/bb_V0030_I0000560_jpg.rf.bc28da5e037b640310f755c4ec3a6a64.jpg,legacy_train,bc28da5e037b640310f755c4ec3a6a64,e9d87abfa3911223d416c4ee88c47773a2c9879777bf40c3e1d475a40b4d912f,1cdd7c9f6b5bf7292431e2fa1d9b19c31a9dabc46cec7263925c060f5633d529,1920,1080,37,historical_train
bb_V0030_I0000560,bb_V0030,,data/train/images/bb_V0030_I0000560_jpg.rf.c7d32765ec7527b3a061df569e4c624d.jpg,legacy_train,c7d32765ec7527b3a061df569e4c624d,4615ec16dda97f57d60d5cec8ffee867f13fb43d6b837ddcc9fad0a7a23feafb,c60f506967a56862b015567c7ecad3967cc4c9d75324ffc039e43aae54938810,1920,1080,36,historical_train
bb_V0030_I0001160,bb_V0030,,data/train/images/bb_V0030_I0001160_jpg.rf.11e638bedd5b642c0ec5fe5ea8e93e5d.jpg,legacy_train,11e638bedd5b642c0ec5fe5ea8e93e5d,1bafeadff971bd9034ff483aaa1f305a4217dd1507b9b2c4eca5542f87a56a4c,e8ee9a9b43155e98a1af3784503da0722cd726956c4ef75d42a39bc503d7ab28,1920,1080,70,historical_train
bb_V0030_I0001160,bb_V0030,,data/train/images/bb_V0030_I0001160_jpg.rf.22afe55a34c3595f0a5aca78d6a417c5.jpg,legacy_train,22afe55a34c3595f0a5aca78d6a417c5,3a5e497ccdabfe4553531d1672d27ab6697aff6271e26036f5f2dcaac685710c,187f4cf07b310eeeb768adb73d0287296d4e7736b0506e5121ae62da0599fcc7,1920,1080,72,historical_train
bb_V0030_I0001160,bb_V0030,,data/train/images/bb_V0030_I0001160_jpg.rf.dd82cfc08b99daa65e6b4165317f0c30.jpg,legacy_train,dd82cfc08b99daa65e6b4165317f0c30,fd8dfb9d59d5f7cf41079b91d91ae4ebeeb1d595150d83629054eb7da8577034,8afefb6c3f9d9c12b8ab2cf8a6b66b018f83fd4425e18b8028c3572d39ba1998,1920,1080,68,historical_train
bb_V0030_I0001280,bb_V0030,,data/train/images/bb_V0030_I0001280_jpg.rf.967257e65dc313faef88fd0bc46a203b.jpg,legacy_train,967257e65dc313faef88fd0bc46a203b,75e87b7601b3ad93c472fa80cb3897cb5e1199b1d77ffddce35846ac59ef3a1c,9fd12456c390ae7169df0a50448449e3b65d8a752e3b40fa90a6289764bf289d,1920,1080,84,historical_train
bb_V0030_I0001280,bb_V0030,,data/train/images/bb_V0030_I0001280_jpg.rf.c8cf92360c075f149a8d523382b671d4.jpg,legacy_train,c8cf92360c075f149a8d523382b671d4,03da83d1e014dbb3cbf9b4fb19ddcdc3313b377fef3aa8ccd6515f6a0966424e,c031487a9596a15395799270c88152a3c26e78fdec2b24cd575569982c655c7e,1920,1080,84,historical_train
bb_V0030_I0001280,bb_V0030,,data/train/images/bb_V0030_I0001280_jpg.rf.de1f32ada410b6d267cc12a5179dc41a.jpg,legacy_train,de1f32ada410b6d267cc12a5179dc41a,d7ba5dc9baed375cb16fd82a31a7856de9245b33cc09ccee33c105304085b85e,dd19eeecc4424fa84884fe6e071eaa60f8f5e35de255c432f13af07c46f56d3b,1920,1080,83,historical_train
bb_V0030_I0001320,bb_V0030,,data/train/images/bb_V0030_I0001320_jpg.rf.15db14b9539efb38fb6834d8c189aa48.jpg,legacy_train,15db14b9539efb38fb6834d8c189aa48,dd91a26155ceade3ff62e26623f8a3a3a89effb73f4fc67612040d3257ff3173,9126c5de77a45742820e2b5503d9025f3ba6fbfa1602f3982afa80a3b73733c8,1920,1080,72,historical_train
bb_V0030_I0001320,bb_V0030,,data/train/images/bb_V0030_I0001320_jpg.rf.26d73760d663abc0b79147fd7bfa2033.jpg,legacy_train,26d73760d663abc0b79147fd7bfa2033,df5d1c3c0c938c4d16644bcb2730975c8ff788ff8f21d4eeecb0eb7ac072f189,79a871a8b452ec6fdb6643ee59d4225249876fb9c48cd8ad8b8c9f8df4686ae0,1920,1080,72,historical_train
bb_V0030_I0001320,bb_V0030,,data/train/images/bb_V0030_I0001320_jpg.rf.db2c1a4fac509625a9d67989d13b57ed.jpg,legacy_train,db2c1a4fac509625a9d67989d13b57ed,754bce38cf9da18c71c96403d9c0c95b33121e6a5573c1099f0d2d0aad69d79f,6d03dcf224775d79715d6cd1bc5b4cf36f4bd8d474474c7c524015fd2ef8a2d8,1920,1080,72,historical_train
bb_V0030_I0001400,bb_V0030,,data/train/images/bb_V0030_I0001400_jpg.rf.3f4c6229f7d2e237b1c966101c8ad79a.jpg,legacy_train,3f4c6229f7d2e237b1c966101c8ad79a,70c0b7106cc624b24e7e8502e593f9172d203c4172a1325a33452464677ff3e3,6af88327aa1afb36e5e50040020f76a9ffab405f8c517402d788a6151576bc8a,1920,1080,77,historical_train
bb_V0030_I0001400,bb_V0030,,data/train/images/bb_V0030_I0001400_jpg.rf.47111f12ddc4b3f11186f574a779f761.jpg,legacy_train,47111f12ddc4b3f11186f574a779f761,16002d504ae7e2dc9e7fb0e47b66679caa22347de8ebd9943a740b3a95df97ae,eec880209ce05b331c8c38721dc1461bf47c709ee98797a2df671a5a03209496,1920,1080,77,historical_train
bb_V0030_I0001400,bb_V0030,,data/train/images/bb_V0030_I0001400_jpg.rf.be6e708ae2088b5590d54b47bd80bf9d.jpg,legacy_train,be6e708ae2088b5590d54b47bd80bf9d,1a57c4e4308422d23cad9f7aae8f076c269aa87ef3037461eba79bd87f61719f,9709f2a8ea719b36094032bd5afcbc89fd6d42699c75a6e7fbcb39f10e3be165,1920,1080,77,historical_train
bb_V0030_I0001440,bb_V0030,,data/train/images/bb_V0030_I0001440_jpg.rf.287804862ab95ede92c03c8a0c4d45f3.jpg,legacy_train,287804862ab95ede92c03c8a0c4d45f3,2bb6d186037820697ae61042a7aafd955a0dce0a6369f8e2756436cfa91b4b0a,bf43fef483ac95101679580f4601af951a324733d6009d9edb3b7813d4d773f0,1920,1080,70,historical_train
bb_V0030_I0001440,bb_V0030,,data/train/images/bb_V0030_I0001440_jpg.rf.6b377acffc825fec07c41171f15dfe2e.jpg,legacy_train,6b377acffc825fec07c41171f15dfe2e,7fd0579aa3263c7d45e1ed270747b008ca7d44e122643185294620d956baa0d0,ab3beb651c8bf9ddd19a206dde6f770a80e06ab8940b184d399817692efd60d9,1920,1080,70,historical_train
bb_V0030_I0001440,bb_V0030,,data/train/images/bb_V0030_I0001440_jpg.rf.d4b7e410ced8d4e57c91b8f680558021.jpg,legacy_train,d4b7e410ced8d4e57c91b8f680558021,af26e9a7a7e2e6f3b0c8458677268d6723d881d22d263d9c7bf07586a85e3f35,f65aae1fb298a7a2a02e5dc4b66048b29f01d7f11288882c337d599d22fc1b90,1920,1080,68,historical_train
bb_V0030_I0001600,bb_V0030,,data/train/images/bb_V0030_I0001600_jpg.rf.2a78b73ecea03c7702d465d973db34f4.jpg,legacy_train,2a78b73ecea03c7702d465d973db34f4,6431d9d5832b9755cca349bb2bec98cdf48947f5db899417e05c09d98e64fb9c,999176db2744aa3e77045d32cef324834a4cbbd29342ff0e145325f3d44d60e6,1920,1080,72,historical_train
bb_V0030_I0001600,bb_V0030,,data/train/images/bb_V0030_I0001600_jpg.rf.8dfd96c4474d8257fed2e1ac2a23f9e0.jpg,legacy_train,8dfd96c4474d8257fed2e1ac2a23f9e0,092746605127d0bcb20e93981f249729f98ed8c7cbe0d53f3290c29f5719d5e6,6e08bb9bfe9acb8c052e6fe866957e89d3a8bc1ff40c5d002b77194118761163,1920,1080,72,historical_train
bb_V0030_I0001600,bb_V0030,,data/train/images/bb_V0030_I0001600_jpg.rf.dd11481f316e0a0a0ba4f6299d6097a7.jpg,legacy_train,dd11481f316e0a0a0ba4f6299d6097a7,187ec14f00ac1520a6d1ed5b88e51bccdfb003d717392b364f58156c66eda078,1a843a8126eadf7ab4fd9d9f9e7c7899d7efafa36876d7e92e5c3a72e65def5d,1920,1080,72,historical_train
bb_V0030_I0001720,bb_V0030,,data/train/images/bb_V0030_I0001720_jpg.rf.368b08d7649562de7ef7f850387ddac8.jpg,legacy_train,368b08d7649562de7ef7f850387ddac8,9ecb56bcc106e05b60776fa3d76867f76490b759b100ee30804e2b35d7ddf3ec,b6cff4e8c9ad5e2c371c4a2708056200ea650fd62f72e11772729133a61c27e4,1920,1080,111,historical_train
bb_V0030_I0001720,bb_V0030,,data/train/images/bb_V0030_I0001720_jpg.rf.6b956e2902fe9c2dbc5ea879f2bb911e.jpg,legacy_train,6b956e2902fe9c2dbc5ea879f2bb911e,37dddb5c4e0d0a60b0c49cd86389f5bb46a6b4dc08944a8eecc5bab9660a1a50,b94329616f1c4e7e161cc361731afd9e0ad9c6391c150c8d87f7186654c464ac,1920,1080,111,historical_train
bb_V0030_I0001720,bb_V0030,,data/train/images/bb_V0030_I0001720_jpg.rf.98f42112008edee72aa840ed65d75d5b.jpg,legacy_train,98f42112008edee72aa840ed65d75d5b,78086831a450e36326ef2a99b3ae9b63fcae3bc739b61cca1c303f2c457a03e2,537e932ebc350497ebd9a58fc924cef2bf6198f80b0043762c604ee0aa36922a,1920,1080,111,historical_train
bb_V0030_I0002000,bb_V0030,,data/train/images/bb_V0030_I0002000_jpg.rf.9cba14d30d4e97982c8de5a320956a11.jpg,legacy_train,9cba14d30d4e97982c8de5a320956a11,61d736544132f9c6bb036922458d23cf38e1305d937aef1bb72a79614088c3d2,06e37a9a6eb1092781c2c323dd1617ac5b1666cf0e9354e12cb011fe0c0e6cd4,1920,1080,21,historical_train
bb_V0030_I0002000,bb_V0030,,data/train/images/bb_V0030_I0002000_jpg.rf.a5ce801f6c3d2bcdfc707d2df0042c5d.jpg,legacy_train,a5ce801f6c3d2bcdfc707d2df0042c5d,6efaa64da6202473ef7e7f89c29b5657588a0a8332a8fb95b3b0bc0c31fc7095,26f0068ebcb0de81cbe5c4a35329f6d545f770d24a82a41fef5386e2ef04702b,1920,1080,21,historical_train
bb_V0030_I0002000,bb_V0030,,data/train/images/bb_V0030_I0002000_jpg.rf.e530156101c40d9adfe53697677245bf.jpg,legacy_train,e530156101c40d9adfe53697677245bf,2ec257275b4c06c07a0e9f6f6822c44f5bc2bf0dc361142ce17cad9f0c14910f,e0659c5799ef19b911c7aa38df7fe59731f8d6955e9e4a3698444a6f686488d0,1920,1080,21,historical_train
bb_V0030_I0003080,bb_V0030,,data/train/images/bb_V0030_I0003080_jpg.rf.03adc5a91c22a6c61765ac4bb99d5da2.jpg,legacy_train,03adc5a91c22a6c61765ac4bb99d5da2,12cb93578d069adc645d14a537a8c26a7fb0e27d8e629962cf4ec5466ba196fd,7ed51f63a565c57488ae13829de5aa16e82a852a91cb1f43f76990d57479f034,1920,1080,58,historical_train
bb_V0030_I0003080,bb_V0030,,data/train/images/bb_V0030_I0003080_jpg.rf.2cfdda10c7c01227102205662e949348.jpg,legacy_train,2cfdda10c7c01227102205662e949348,1034a43d9a9afbf24e25f9e4a9c6be36db49743f1a1616c9e89c4f56079aa8d0,0665da5a04a98d7dab4309879ea7dfc8027b48489b411ba89a1f5a852a9f2f2d,1920,1080,58,historical_train
bb_V0030_I0003080,bb_V0030,,data/train/images/bb_V0030_I0003080_jpg.rf.d3109023aecdc747bcc66777e84431da.jpg,legacy_train,d3109023aecdc747bcc66777e84431da,e24293e6e48224cc148dba6bebc1a00492df303628b5c0c68b1c8b6fea1cea19,8ee1a11606d8b3b7d6597402d0aefe20d2e2f06a292d4a7b6938eea57d5eef14,1920,1080,58,historical_train
bb_V0030_I0003360,bb_V0030,,data/train/images/bb_V0030_I0003360_jpg.rf.607472119d091e8b7eccdd59c22115df.jpg,legacy_train,607472119d091e8b7eccdd59c22115df,84fa0eafb704ce88536324a2905f25ef1ba49476098c99c8a5356508958e6db8,c98dd041009881f44b096655ceaee70dcaf52f55a06182a4babd1e74f7ae39cb,1920,1080,176,historical_train
bb_V0030_I0003360,bb_V0030,,data/train/images/bb_V0030_I0003360_jpg.rf.798b539eb3449b08c6fff62c10fb36a2.jpg,legacy_train,798b539eb3449b08c6fff62c10fb36a2,b3dc9f8d08630c3791b092aee23394de6587d807ba5a9ca632e36f2a6e682f89,f937ef8afd782286603a9635e8ecdaeda156cc32b93c390dce28ca70d00b39c8,1920,1080,178,historical_train
bb_V0030_I0003360,bb_V0030,,data/train/images/bb_V0030_I0003360_jpg.rf.ec46b3236e2e89e3e5b94f9434cec142.jpg,legacy_train,ec46b3236e2e89e3e5b94f9434cec142,20d04192c17ee94aa92f8dbc3fe2ae597e879bdf0be5592d7a1caefc2b6bcfcd,31024ea96718d42e115f2552bb4e4511b3acfb15c4d5dc9b11c366614fbfc373,1920,1080,168,historical_train
bb_V0030_I0003840,bb_V0030,,data/train/images/bb_V0030_I0003840_jpg.rf.3bf098f802ca8a541caa63ab70b45963.jpg,legacy_train,3bf098f802ca8a541caa63ab70b45963,5828ae1244c0bc89c7080beaf749a091bcb2d81af5d7dc1b2e575da1b4d773fd,121035d976aa895f2b60d760210213e459b1c3993115fda6b09c4523dcc28424,1920,1080,2,historical_train
bb_V0030_I0003840,bb_V0030,,data/train/images/bb_V0030_I0003840_jpg.rf.71d858357c2f2d48d513fe55b044a8bc.jpg,legacy_train,71d858357c2f2d48d513fe55b044a8bc,fb81d1d403e96e7aa1c187d28aa661fbc6151a5bedb48ca17067d2f63ca69105,a61e44f466fd084e10f714714e2748916db5748cc38862fff9cd9f085ac8debc,1920,1080,2,historical_train
bb_V0030_I0003840,bb_V0030,,data/train/images/bb_V0030_I0003840_jpg.rf.f9f38627c1773a33f09e2effd977f888.jpg,legacy_train,f9f38627c1773a33f09e2effd977f888,451d6348a3a2c2642c7a1445707cfa9d055ae2c6634e89b13347a8b486cd6074,287e964f34fe2744ee05888a0a12a030b07415e8f4bc90ad6da5e0d19e26dd88,1920,1080,2,historical_train
bb_V0030_I0004120,bb_V0030,,data/train/images/bb_V0030_I0004120_jpg.rf.2d7f90dc40e5bc2fa321d3af191c6442.jpg,legacy_train,2d7f90dc40e5bc2fa321d3af191c6442,3e2607a24aada0f0e51385e871df8eee9a249d9c2bab0eca68af2eb04e951e63,a63ba92bb61bfe221d9e89891a33e1aac1c2d73f02d154871cbb310bbc967ef1,1920,1080,29,historical_train
bb_V0030_I0004120,bb_V0030,,data/train/images/bb_V0030_I0004120_jpg.rf.35097d8e6840939688e4b05c9608927d.jpg,legacy_train,35097d8e6840939688e4b05c9608927d,2c92b09fa7c2401fe74f19fc46b6383379ce143dbed522082e0515fe1a9647bc,bd1b930ee14b54c90767f4fac2ad23dea1e2b144cabd2140e61c533a5e2ae3d2,1920,1080,30,historical_train
bb_V0030_I0004120,bb_V0030,,data/train/images/bb_V0030_I0004120_jpg.rf.36559627cef1d025d59f7df4754d400b.jpg,legacy_train,36559627cef1d025d59f7df4754d400b,e9bf0726b7fd9ff311bd6dab78d085df2faed812980d5b6b8a5ed744a3d3ac6d,816562b8f20bbaa1b2238923375dea40701e3b3bb55c0a0c75e33474c6011acf,1920,1080,30,historical_train
bb_V0030_I0004720,bb_V0030,,data/train/images/bb_V0030_I0004720_jpg.rf.4172f4e4767673461b26802d626f5664.jpg,legacy_train,4172f4e4767673461b26802d626f5664,0c051e6f337447fb3ece59a805d3e1dd5c6142dc824c9c67904dadaa9aae9266,257bd0ab92b5500d373ac649539cb30af377510cc97e411f34eb90b09794e5d0,1920,1080,8,historical_train
bb_V0030_I0004720,bb_V0030,,data/train/images/bb_V0030_I0004720_jpg.rf.4ec90fba09277ca690d66b0bb3537a3b.jpg,legacy_train,4ec90fba09277ca690d66b0bb3537a3b,fc5fc5afa6914551687f3b282e58f49a7820ec8cc5a99e74c20f7c8b86a0d729,fb7bef5582137c55da77e985c12442e6809dee0e74d13cfb9de6acaec9e0c313,1920,1080,8,historical_train
bb_V0030_I0004720,bb_V0030,,data/train/images/bb_V0030_I0004720_jpg.rf.59ab536256a36bce85c270ef860560ca.jpg,legacy_train,59ab536256a36bce85c270ef860560ca,4c642c62a76b93c97a217ce86be70c2abe7490e5f7b09b8aa0254ac155441d3e,d2769888235ece2d8e5698789fff2ea2aebc651639458f00c6c9bb1d7ed7a258,1920,1080,8,historical_train
bb_V0030_I0004840,bb_V0030,,data/train/images/bb_V0030_I0004840_jpg.rf.691044d02759a9b1adead9ad9797108a.jpg,legacy_train,691044d02759a9b1adead9ad9797108a,330422714271a657ec182b5fdb597bddfdf5cb362e505bcd8c3d9032fe00cee7,417a034755c0cc3b2dd88e0527588a421a5b884b52f0ab95163db4d4b661ccd9,1920,1080,8,historical_train
bb_V0030_I0004840,bb_V0030,,data/train/images/bb_V0030_I0004840_jpg.rf.ac9e19b9c539844c61f979835ee041ca.jpg,legacy_train,ac9e19b9c539844c61f979835ee041ca,26832897bfa8f3eb270a1fc933eb324f552ef8534c33cf14f66c7ead91d5199a,1522eb201e624a682bedfac59c7eab1f7646f99f36bef7efeb5feef350ef940a,1920,1080,8,historical_train
bb_V0030_I0004840,bb_V0030,,data/train/images/bb_V0030_I0004840_jpg.rf.e9b9aa829d3fabb1f68940e3696b0149.jpg,legacy_train,e9b9aa829d3fabb1f68940e3696b0149,21b5e7ae082e73c16d49e733169e2f6379329a41d9c3e29d017d11ce316c0794,7d4867512ab6b620ed485b64ff93342ff32ba4770e6d8963b78075a0b03a3730,1920,1080,8,historical_train
bb_V0031_I0000520,bb_V0031,,data/train/images/bb_V0031_I0000520_jpg.rf.172b7d09270b1ffdbd0410a81b6a1551.jpg,legacy_train,172b7d09270b1ffdbd0410a81b6a1551,2ec61b12a21aa9c3860ed362d4f58a7369b27879f73f21715d2a40aa8a9c9f67,244820807f31b59ede2d5ff5114681616812aa4bc601a0a7810dc2e159ff8b80,1920,1080,169,historical_train
bb_V0031_I0000520,bb_V0031,,data/train/images/bb_V0031_I0000520_jpg.rf.6dcb628c4256e63aa8cc27826538c551.jpg,legacy_train,6dcb628c4256e63aa8cc27826538c551,83e17ad0d996652f3e0e5a2234479d3740657054a5272fe949059c570e70865f,2e75905cb86b9f9a0db85393a3bcdf73b95c08c5a6312bbf2fa710ce00e45981,1920,1080,169,historical_train
bb_V0031_I0000520,bb_V0031,,data/train/images/bb_V0031_I0000520_jpg.rf.cb79bc5b1d102373c1225f138eac4cf5.jpg,legacy_train,cb79bc5b1d102373c1225f138eac4cf5,2ac5d95a7204d709bd6e1e268c37a154b63928843836dbad8caf05c2dd56c705,51cdb747a6fbc959e53d8f8474be909c106253cdc27f9ff5e71c807c69f9e096,1920,1080,169,historical_train
bb_V0031_I0000800,bb_V0031,,data/train/images/bb_V0031_I0000800_jpg.rf.50232321ca6147f6e84d8a2bf11277d5.jpg,legacy_train,50232321ca6147f6e84d8a2bf11277d5,c8e6925f329aee963a27f6d736c0c11a88023efe8dd8882036e319e04591f79a,e04192833a0ec4152aca6194690378f984c5b300c64639b3d88e975c97b3e4d2,1920,1080,112,historical_train
bb_V0031_I0000800,bb_V0031,,data/train/images/bb_V0031_I0000800_jpg.rf.8b31ca9f3e9d7a6c2fc0602f86431ad1.jpg,legacy_train,8b31ca9f3e9d7a6c2fc0602f86431ad1,69a92c70b99acffc91dc55c08671eb52457c47172910e5cbafeca7602eacd638,793c879e130bc9de180f24f356296d92a5f4e31c3056b13f6b3d7de9bafa100f,1920,1080,113,historical_train
bb_V0031_I0000800,bb_V0031,,data/train/images/bb_V0031_I0000800_jpg.rf.9f723d11df1f6473e4f7e900465108f5.jpg,legacy_train,9f723d11df1f6473e4f7e900465108f5,d025334db67efc46d4fd98ba1f25a5bab05ecc2b78e88f63d1bcda3002c9827b,3f6f743e1c3679dbd309ca86349b1df620e54b127cc122cae2bd8a56968b2ce2,1920,1080,112,historical_train
bb_V0031_I0000920,bb_V0031,,data/train/images/bb_V0031_I0000920_jpg.rf.04662314ec5d6748741022a7973e1b7a.jpg,legacy_train,04662314ec5d6748741022a7973e1b7a,8f3759e7576302b8fb3593f92acb18baf1d3c9321c5e5081ac47ace60de54443,34c3cdea5b47daf84429a760244300aa0a8a7305cbe18f21ccac67dd7fa29e24,1920,1080,125,historical_train
bb_V0031_I0000920,bb_V0031,,data/train/images/bb_V0031_I0000920_jpg.rf.07e763fd32aa9f7e26861e4857e0cead.jpg,legacy_train,07e763fd32aa9f7e26861e4857e0cead,162730ee2ac4150a65812c829340cd898b0059fda22ca3750599e7f801058af4,ae978e60f468d4db8e46ee332b030ad79dca4f28e6e8c5c960e416ae71d0e11b,1920,1080,124,historical_train
bb_V0031_I0000920,bb_V0031,,data/train/images/bb_V0031_I0000920_jpg.rf.320f22c22eae6cb4283f3da0f65c2445.jpg,legacy_train,320f22c22eae6cb4283f3da0f65c2445,09db94f21145b785ca82c88fdf64c04d6e1aa8db458780d4658ccf2ddbe3b083,0b0d9add0c87cb140767495eafa9f6ee94ac131b4a468392925632b8fccd4d08,1920,1080,126,historical_train
bb_V0031_I0001440,bb_V0031,,data/train/images/bb_V0031_I0001440_jpg.rf.03ae8ab4f0776389a495bc25de11abb2.jpg,legacy_train,03ae8ab4f0776389a495bc25de11abb2,66098354926323b89b44d06d2e916a287353a147f8d25f7866d272b1796759d0,1280231de985e7218925a543d2ab513c697f27cd9e5fac9318f8ab0cf07d06e1,1920,1080,245,historical_train
bb_V0031_I0001440,bb_V0031,,data/train/images/bb_V0031_I0001440_jpg.rf.0fd6dcb037fa44c619f8b31d8d81ad04.jpg,legacy_train,0fd6dcb037fa44c619f8b31d8d81ad04,e87d48267ec1c5159ac37b9f39d214b49f93497f0aada4e72bf753f4b69b322e,55be392d9f2b9ba895dd408775f891e5fb286f3ceb689b4ac747435fb6b5f915,1920,1080,244,historical_train
bb_V0031_I0001440,bb_V0031,,data/train/images/bb_V0031_I0001440_jpg.rf.e5f93127a3e68eceb7b030a362c25d02.jpg,legacy_train,e5f93127a3e68eceb7b030a362c25d02,730da2f0bd6e5ba848364cd023a5a21334afe36e0796dc9d9fb6e9307b975ffe,a6c052a5bc3adb3b5787d41c1a1c8725d15d789087caf08453ab65967d073e28,1920,1080,245,historical_train
bb_V0031_I0001680,bb_V0031,,data/train/images/bb_V0031_I0001680_jpg.rf.60ee73dbb8fe0dda05ec4198d2dbe717.jpg,legacy_train,60ee73dbb8fe0dda05ec4198d2dbe717,48849cc0efb06041ff5af9229376f5fb9418d0aad48cf1f3a224b0ebacc08d79,08135a651684f07fa449a8a7b51928e6907d85aba42e6f310853a49ad4861e1f,1920,1080,121,historical_train
bb_V0031_I0001680,bb_V0031,,data/train/images/bb_V0031_I0001680_jpg.rf.6e50606558f385ae77b4db2da9405ae5.jpg,legacy_train,6e50606558f385ae77b4db2da9405ae5,25f91abc87dba237aedbdb12289e31b0539c9b9e22e77c730d9c01501ae36bcd,89656263c4ace071fa21aa41d18969c66984d8135dcacc0c74db08a5d3d0abd4,1920,1080,121,historical_train
bb_V0031_I0001680,bb_V0031,,data/train/images/bb_V0031_I0001680_jpg.rf.fabaee8aea297f2198b2cbc27d93b710.jpg,legacy_train,fabaee8aea297f2198b2cbc27d93b710,0df647de9b012b505a1e61a2cbe83d3c9b411c0b0d8426f2a0f415b4aacc7fdb,5b50a794d008139ee8c9b13d8e39e1e4b1f182c8fe712e6bbef355a041887144,1920,1080,120,historical_train
bb_V0031_I0001720,bb_V0031,,data/train/images/bb_V0031_I0001720_jpg.rf.0619823628c23bbd9eabb418cf1a6215.jpg,legacy_train,0619823628c23bbd9eabb418cf1a6215,82b7f37c2722a4860740df32964ecaba7842f9312e4fa60a16d9ff7756eab069,d436c6f86d99fe39e0898cd371fd2b0e57cb6d43c1e87e5ef9215fa84587bed3,1920,1080,175,historical_train
bb_V0031_I0001720,bb_V0031,,data/train/images/bb_V0031_I0001720_jpg.rf.cb447f8d8b50bf3a5fe2d3296e8df19e.jpg,legacy_train,cb447f8d8b50bf3a5fe2d3296e8df19e,39e7d0aae1af3c270460d01daac0c13a668535c687b008b9b749cddd008926e2,1c555322e1c3de4ae28403fc55e768e5a3c623ed574ce7bc89ee4737449080bd,1920,1080,176,historical_train
bb_V0031_I0001720,bb_V0031,,data/train/images/bb_V0031_I0001720_jpg.rf.d05d31226ab2818270729276e7905d1d.jpg,legacy_train,d05d31226ab2818270729276e7905d1d,315765a6f97d6cc9051cc74289a46c3d37075acdacbdfb0c9e13493ed7876244,79906049f12fa80e064b624ea97e12067d347f8969978de2bffa8a31ed08dc85,1920,1080,176,historical_train
bb_V0031_I0001840,bb_V0031,,data/train/images/bb_V0031_I0001840_jpg.rf.20b87b1dbc320dc2787b38d9f5398013.jpg,legacy_train,20b87b1dbc320dc2787b38d9f5398013,ca5b52ed680f76d39dee915405ec6f5345a73f49527fefec76324242421fb358,9e4269406b48d15dfac699302ad7902db10d210be07a9ce2a87003a556bb4240,1920,1080,206,historical_train
bb_V0031_I0001840,bb_V0031,,data/train/images/bb_V0031_I0001840_jpg.rf.9ae2858857d854849559e93fb3dc6b31.jpg,legacy_train,9ae2858857d854849559e93fb3dc6b31,32265f627fdc239c2517830811ad7a7e38c9af8c3c17a599de21344824b365e8,d27198d8957482970aab46b6cd5c5c9eebc107bf9782a74d1a0adeb1e0c1adbf,1920,1080,203,historical_train
bb_V0031_I0001840,bb_V0031,,data/train/images/bb_V0031_I0001840_jpg.rf.fdaf9cae7836db5541346ead23710b35.jpg,legacy_train,fdaf9cae7836db5541346ead23710b35,45d2d406ddfc01c80bee9d32cdeb19f8bdc2e997b634b3e3fd89807012c9f17a,8dd45b7e32c0a934230b94b2779c096a5fa42ff3b769afc245bd11bda188d7fb,1920,1080,210,historical_train
bb_V0031_I0001880,bb_V0031,,data/train/images/bb_V0031_I0001880_jpg.rf.256215663cdfce61361a5b7f5d780f96.jpg,legacy_train,256215663cdfce61361a5b7f5d780f96,fcb5874b9bc9aba119c2bdfe1f973817456a9a8694723b4cc69b66abc576dc57,2ea29131cebe922c6f6f1fde956b4b2eed40d1d6de654da51d2d87e093e2fae7,1920,1080,126,historical_train
bb_V0031_I0001880,bb_V0031,,data/train/images/bb_V0031_I0001880_jpg.rf.805c56a754b929b04d26836b68034be0.jpg,legacy_train,805c56a754b929b04d26836b68034be0,8eaa238f7a492e2ce485b12ec6fffd89135b02ba8a2ed0481c3c216a62e68974,b745a7ed57bdd59dfabe5ad783e51294ed3d1db3c51be5e318b2f3689847c667,1920,1080,125,historical_train
bb_V0031_I0001880,bb_V0031,,data/train/images/bb_V0031_I0001880_jpg.rf.8c9d950cfaecbfdd01e874959e8c75e6.jpg,legacy_train,8c9d950cfaecbfdd01e874959e8c75e6,ceb156ea2fbf21d935b0d0c857de66532b0bd345875a15ca567d9b7cdbc55a81,50ec5b70247711627c395dc9d6b8b01d6e123f289ab8283cf07f7968decb544d,1920,1080,126,historical_train
bb_V0031_I0001960,bb_V0031,,data/train/images/bb_V0031_I0001960_jpg.rf.2c711007293df1f894eebbd21ae474c9.jpg,legacy_train,2c711007293df1f894eebbd21ae474c9,ab7a91dfdb3439dd4ae1a692728b106c6d9e6661e5471b0a583a6d7323f417af,7ca7e85377159c2c79c83c7b56d04c2cdefbe575fd86810c57ba613945f943af,1920,1080,126,historical_train
bb_V0031_I0001960,bb_V0031,,data/train/images/bb_V0031_I0001960_jpg.rf.340fae2bd5610263e57541b127003036.jpg,legacy_train,340fae2bd5610263e57541b127003036,f87c93c7920e71fcf353cb672f63b257dad68d07bce1fa2241a0204401189adf,9f7c9945128ba4d1de4a66cdfecd89e8e7231debc123c994d512f02cd92c310a,1920,1080,127,historical_train
bb_V0031_I0001960,bb_V0031,,data/train/images/bb_V0031_I0001960_jpg.rf.791c9ad5d1d7f7c51e8c246ce81ef12d.jpg,legacy_train,791c9ad5d1d7f7c51e8c246ce81ef12d,dfc3b029c7dcfb0e7c094f82c91f7fd0bbc68b34b572dc946952f0228dcbc8c5,4f2ee7a639062a441908dbee3d5bce2ebec5672bffd4280ece64851688919506,1920,1080,125,historical_train
bb_V0031_I0002280,bb_V0031,,data/train/images/bb_V0031_I0002280_jpg.rf.3e62e99bb2f7a8c0c76f4c117d04a95f.jpg,legacy_train,3e62e99bb2f7a8c0c76f4c117d04a95f,b4b653bb7d9baa41a4eca7a7035d731ca55aa5190387e7f52d2774242c96f342,eb6d08104c42804183546d31ff462e3e5d9e3feaf2bb521d7bf043638f4f1d27,1920,1080,27,historical_train
bb_V0031_I0002280,bb_V0031,,data/train/images/bb_V0031_I0002280_jpg.rf.475969841de78557425d539fe86b6701.jpg,legacy_train,475969841de78557425d539fe86b6701,6348c6f3bc470694d77cc782f7dbf4a1596940886e76e7ad782ed6ccdaa376f6,1ce1a7825cca4606c1be5a01b348e10f982450416be19e7236307b490224221e,1920,1080,27,historical_train
bb_V0031_I0002280,bb_V0031,,data/train/images/bb_V0031_I0002280_jpg.rf.f9161b3feb9d204dbea81c9987f51103.jpg,legacy_train,f9161b3feb9d204dbea81c9987f51103,a56e45903ba20dc64cfdb12bc8a38abc690fe2ae7c0665c22c658cdbbd37c771,de2b08ec5ea7fb81638b569fe95423bdde9790ee1add773d53a0bc8a605971c7,1920,1080,27,historical_train
bb_V0031_I0002320,bb_V0031,,data/train/images/bb_V0031_I0002320_jpg.rf.046ce6d3e033cbc6260d93b98602f94d.jpg,legacy_train,046ce6d3e033cbc6260d93b98602f94d,e789efb061b3f8eab2d774b6c2d359de25c5e8a09aaf8c92503ab45448def452,122dd35dd46ca9fc38f394e8e467e34ea7e09b9f6a57f11e5e3865c829477b1b,1920,1080,159,historical_train
bb_V0031_I0002320,bb_V0031,,data/train/images/bb_V0031_I0002320_jpg.rf.3b8d49c980ded8e936a55297d61e0283.jpg,legacy_train,3b8d49c980ded8e936a55297d61e0283,a5c697e4b703f6631397c6a3f127ba94b2fa92341d04a00cccacae282ba5e366,efc15d1fccec0be8a20c577996abbf8b16c87fe497c6a9c5c15e7cf1f486de47,1920,1080,162,historical_train
bb_V0031_I0002320,bb_V0031,,data/train/images/bb_V0031_I0002320_jpg.rf.42ad95cfcdfd3b92eb6e64c1072cb244.jpg,legacy_train,42ad95cfcdfd3b92eb6e64c1072cb244,430b56b5a954084151b093094801a7f18b8a94b75d777311a7d97adce832e67c,6c9d1f7653e3d4c894fe508289fb7180679d2b18b2bbe14766db1fd0b9916114,1920,1080,162,historical_train
bb_V0031_I0002440,bb_V0031,,data/train/images/bb_V0031_I0002440_jpg.rf.6eaafcbf25473f3c9a61d3e46cc62098.jpg,legacy_train,6eaafcbf25473f3c9a61d3e46cc62098,426d180012163ba413e74940989bf0542401208938198a3e9464127e18f3c069,1e8dc4a4b34607c264ac5c599238e18b54426bc6d103a1c9800ea952bfd93eea,1920,1080,143,historical_train
bb_V0031_I0002440,bb_V0031,,data/train/images/bb_V0031_I0002440_jpg.rf.9c5868da3cdbae2130768a4ef17e34b5.jpg,legacy_train,9c5868da3cdbae2130768a4ef17e34b5,4ebdd9df13d82a4e3226c5dd3800ac0d139636fcc75d4a3fc523fe380ff7193c,7450b7ee918cfc8f3c3d889d0409175dc776ac5ef91d4c90cdd6b145c75665fd,1920,1080,138,historical_train
bb_V0031_I0002440,bb_V0031,,data/train/images/bb_V0031_I0002440_jpg.rf.ffce9be4ff5ddbc21c64bc0bf10e967d.jpg,legacy_train,ffce9be4ff5ddbc21c64bc0bf10e967d,ac4f5c37e6e28794ae7b39f0b4de8719a3a64c5020c8c0b004775cb49eaf88a3,cfa140b6ddeae4e44ef425f101f2544e6bbc891411d4148d54afb8fe24553d17,1920,1080,143,historical_train
bb_V0031_I0002640,bb_V0031,,data/train/images/bb_V0031_I0002640_jpg.rf.10a8710dce627b9297fde0f9b9ec9797.jpg,legacy_train,10a8710dce627b9297fde0f9b9ec9797,0e86853123ceee6aff1e59cad9ab74f76254ea634deea6c1f8c5678415a7ddbe,5332143c13fb1710fa5bec8df0325c6ce0d511ef83ca2d56d62abfa191513df8,1920,1080,99,historical_train
bb_V0031_I0002640,bb_V0031,,data/train/images/bb_V0031_I0002640_jpg.rf.3b1902f3e637f47dab5129be013e647c.jpg,legacy_train,3b1902f3e637f47dab5129be013e647c,08c702f3fa8b6d8e752138884fe2de9e2a24e6e068fba272703c8957afa2ed7b,b1da3e3256ce7ccf2a484496567c8f89e9bbe3cfebd44c70c97a869ddbe3c4c4,1920,1080,99,historical_train
bb_V0031_I0002640,bb_V0031,,data/train/images/bb_V0031_I0002640_jpg.rf.8c15cfb0c71351d78c397366678cec1d.jpg,legacy_train,8c15cfb0c71351d78c397366678cec1d,853f55e190d9d402a13599f8d23142b8d80815cd7f071a950982e210d8b19530,30161b313713ad65336843fc919e4fc4350d2b9efea5ecdf31869c64fc87948c,1920,1080,99,historical_train
bb_V0031_I0002680,bb_V0031,,data/train/images/bb_V0031_I0002680_jpg.rf.19176f6763e3eaf746dba6b6d6e826fd.jpg,legacy_train,19176f6763e3eaf746dba6b6d6e826fd,2f16a85cc137be582d081e91aff1e8fdc948dc302b3a3d9cf2fe81acab0870ba,6c8242534493e01e6bd516b0de7f1c9a4a842ad52a8b13e7290b987740757e9b,1920,1080,122,historical_train
bb_V0031_I0002680,bb_V0031,,data/train/images/bb_V0031_I0002680_jpg.rf.45c3d0315e097076e7dcb2a159afd770.jpg,legacy_train,45c3d0315e097076e7dcb2a159afd770,0faa840d13f3cba532ec67fab5712cd8c96673c8d992c0601309ec448ae1a076,40d94134b1ff6eaa72cca4cd845f8f93afafbc01a286ed550aa23e0e8cab6295,1920,1080,123,historical_train
bb_V0031_I0002680,bb_V0031,,data/train/images/bb_V0031_I0002680_jpg.rf.b4edc5c5d2d71b5151c6fe6bf7d1f8cf.jpg,legacy_train,b4edc5c5d2d71b5151c6fe6bf7d1f8cf,92ada2b0d880cb4d274272759db60f56ae7ff4eb4e547a0a1d8df95667289667,cb58f50b6921643544af72431360fa32faacca7e160ca1c5b76663275e431467,1920,1080,123,historical_train
bb_V0031_I0003280,bb_V0031,,data/train/images/bb_V0031_I0003280_jpg.rf.315fc490b87a40e6228b2628a2ac1235.jpg,legacy_train,315fc490b87a40e6228b2628a2ac1235,b79b68e8ecfdcddb07f08a8190438813a2b7fcd0c523b43b975359de66aa557a,da94a37dadf3339b669b1b446db8df559165d19c6a84c82fd0f43b8cca6eec5a,1920,1080,196,historical_train
bb_V0031_I0003280,bb_V0031,,data/train/images/bb_V0031_I0003280_jpg.rf.68615e30060611965a0ba9cabf27665b.jpg,legacy_train,68615e30060611965a0ba9cabf27665b,2f2a9bb4b93df52244ba45ac4b2e3d4fb09a3f687cf13d45b3ca5db4d86f056c,b6613fd6dc50e5d455258e40118f4d9e11db2b3da831e1ec898d3e76bb22373c,1920,1080,192,historical_train
bb_V0031_I0003280,bb_V0031,,data/train/images/bb_V0031_I0003280_jpg.rf.d6f2e4d51d4472017d33ec4fa178b764.jpg,legacy_train,d6f2e4d51d4472017d33ec4fa178b764,c93101cae39c40fe524e5ccade2fff3b73d2f6f6a8ed8aa176331c86393f9a7c,1c066bbf7f583450ee0c8f829401e21546bfac2c868ed3a71d0006d203d75ad7,1920,1080,196,historical_train
bb_V0031_I0003320,bb_V0031,,data/train/images/bb_V0031_I0003320_jpg.rf.8dfe63f63f198c32f3c752e7790f92d8.jpg,legacy_train,8dfe63f63f198c32f3c752e7790f92d8,8a3cb594edd464479f56ea727fef6389a61f52e903d3634497faf3ae7a4963b2,ef8a16e02b7f55923ca5c9fb26a23f80779ecb05ec69ae7480cf7bc7c7ed45bf,1920,1080,30,historical_train
bb_V0031_I0003320,bb_V0031,,data/train/images/bb_V0031_I0003320_jpg.rf.e74e369e821e584550c4e7841df5aeef.jpg,legacy_train,e74e369e821e584550c4e7841df5aeef,d5e64fe25ec6a0254416dfce6c9d51d550a2041f3cf32a22d1ad3f1ca265d83c,55db2165626b14e106fd868840838ca2e379fcf0e160d89dba067b38f3f2af60,1920,1080,30,historical_train
bb_V0031_I0003320,bb_V0031,,data/train/images/bb_V0031_I0003320_jpg.rf.eb788e19f15434dc5cf495fc79c5381d.jpg,legacy_train,eb788e19f15434dc5cf495fc79c5381d,700a906b80c732e42170166558c03b191ad273f6989540980f88832524583845,8d932200dcc4206fd8067a672db51dc13a4426b9d58ca61e4cab08e6c91071e4,1920,1080,30,historical_train
bb_V0031_I0003800,bb_V0031,,data/train/images/bb_V0031_I0003800_jpg.rf.0744232f50dba069605f4691ae8e74f4.jpg,legacy_train,0744232f50dba069605f4691ae8e74f4,4859cac7a8facbaf6105f572588f40137859b87e28476d54ccc73ac5cace9ddb,a997a77e4046e3306b4419f996ff37b56e92e08763de9c562c928069667175c2,1920,1080,52,historical_train
bb_V0031_I0003800,bb_V0031,,data/train/images/bb_V0031_I0003800_jpg.rf.9da6b41e3fd016e5f1e682c14da050ee.jpg,legacy_train,9da6b41e3fd016e5f1e682c14da050ee,a208fa9bfe0472249fb6d7e4b136552b51d30641475b74f07b90b1bde1504b46,18ed7975c20a54f9817528bd2480a391ce4e53f7ceba439575358740c1e29bf0,1920,1080,55,historical_train
bb_V0031_I0003800,bb_V0031,,data/train/images/bb_V0031_I0003800_jpg.rf.c311edd30e1d49a2fb4207b64bef166f.jpg,legacy_train,c311edd30e1d49a2fb4207b64bef166f,d703c97245e7b1701021634d48a1080e2032af2f44e0f48a677eedc63671f981,8035b30202fa79c77e6c52555d671630a184252e1de17713b2517744c02db60a,1920,1080,54,historical_train
bb_V0031_I0004680,bb_V0031,,data/train/images/bb_V0031_I0004680_jpg.rf.0c72c9cbf63a226f178d8d6b669c0814.jpg,legacy_train,0c72c9cbf63a226f178d8d6b669c0814,aff27e941fac339a7e6a6e728824a7489bf46eabdd336b64feb0ad88caf29f96,b875d0d21d9a93aba3160aa9d567f14f07e607d0446d08288ae14b6183ee74fd,1920,1080,43,historical_train
bb_V0031_I0004680,bb_V0031,,data/train/images/bb_V0031_I0004680_jpg.rf.408df5b63438bc9804572a69a581d7cd.jpg,legacy_train,408df5b63438bc9804572a69a581d7cd,e5faef495986e5333a9e5c6289e7b384efae1546570654eb1279865cfd05223d,80bb3c3a79133fab83df3400f8f87b41ebe2caa8981f4775e3d221a9f64fe136,1920,1080,43,historical_train
bb_V0031_I0004680,bb_V0031,,data/train/images/bb_V0031_I0004680_jpg.rf.4535daa44435ff0c6e84ce89fdb55d4a.jpg,legacy_train,4535daa44435ff0c6e84ce89fdb55d4a,e4e4d3f8f56fd641e78a189d4f4cee2b1a124c3c266c97fc363c5b697ce9602e,e3f47e571c1ebc01d64053a8e642544263d978644a6287fcb6db38cb0abd36ce,1920,1080,43,historical_train
bb_V0031_I0005240,bb_V0031,,data/train/images/bb_V0031_I0005240_jpg.rf.22ed992f83c16f1ed7fc7f07a1a499b0.jpg,legacy_train,22ed992f83c16f1ed7fc7f07a1a499b0,79118427e899a6bbafbd687d758701811e2f032172f967bbaa8cb995e17c06ba,b9de4c392bc0352aef645ee321d93abe4ff5136005dc05989786172ec3eb330f,1920,1080,172,historical_train
bb_V0031_I0005240,bb_V0031,,data/train/images/bb_V0031_I0005240_jpg.rf.53878dcfc426831239e6ad1bbefac872.jpg,legacy_train,53878dcfc426831239e6ad1bbefac872,4c5f0e73138177174e1859555b252d0f4768aae77d6b85c334f5cbf25300584a,e639a810d553098e38b480e661c4efdbd21c8fcd890bcedd7b7ce7124d21d10d,1920,1080,173,historical_train
bb_V0031_I0005240,bb_V0031,,data/train/images/bb_V0031_I0005240_jpg.rf.b66fdc7fcf0e5de00078aae12316d67a.jpg,legacy_train,b66fdc7fcf0e5de00078aae12316d67a,400df5c6bcf53a4867e215349698e05d5c38eba52b37b241e7718a7192ac6293,77435eb54e38b7427ba47194154c7a6655c8d315e1fc8f1d58d58380c1d640a4,1920,1080,174,historical_train
bb_V0031_I0005640,bb_V0031,,data/train/images/bb_V0031_I0005640_jpg.rf.27f99b13ec9fab3addb1001c67958934.jpg,legacy_train,27f99b13ec9fab3addb1001c67958934,36989fa0fcf47421f0d8183490d11602e70775a0e7c26554120782c9fb433883,99ade4d942923da31dd81a4eecde25333eafae7f9c41075991812111d211e9e7,1920,1080,253,historical_train
bb_V0031_I0005640,bb_V0031,,data/train/images/bb_V0031_I0005640_jpg.rf.4151de7d294fa1d7f93ec84a8c4e2cca.jpg,legacy_train,4151de7d294fa1d7f93ec84a8c4e2cca,d98d197b3511e39670bab8e077d4b058f809b6f43bd841588ab2e65eaebf67c2,cffd4e146ac56a9b2bfec5fab41235b249c95f405414242357fbc83837f8618c,1920,1080,250,historical_train
bb_V0031_I0005640,bb_V0031,,data/train/images/bb_V0031_I0005640_jpg.rf.c3c42624a933ff3ca16290dd647b84bf.jpg,legacy_train,c3c42624a933ff3ca16290dd647b84bf,f11a16718aeb94574893043ba9b08f0dc000eeb3cdbf46dfeec62d31667c6c03,3cfa66e655a9f22c2e7537fd54b3b4e710589487d00094b2d7caf5ef21ee3b75,1920,1080,252,historical_train
bb_V0031_I0005680,bb_V0031,,data/train/images/bb_V0031_I0005680_jpg.rf.1e1d33fb34ece2c4184f0ee5f8034226.jpg,legacy_train,1e1d33fb34ece2c4184f0ee5f8034226,a1b77f493847b78e00304803230621dd114f6af0fe0349a6c67a4538f8b3eb86,24301fd4151dd7bdc047ab6e721aaddde819bab7d4fb53906a202fe87be4c2a4,1920,1080,177,historical_train
bb_V0031_I0005680,bb_V0031,,data/train/images/bb_V0031_I0005680_jpg.rf.87a3597435c50a0d3ca14f55f8d10fb3.jpg,legacy_train,87a3597435c50a0d3ca14f55f8d10fb3,3c5501d30466b37aa0697f04dc73f6675225092796af242b019aa2da3013a4eb,47ea6ce9e8583fbcc22e38bf516e9121858cd0debf88613bb7ef7648afc778e8,1920,1080,179,historical_train
bb_V0031_I0005680,bb_V0031,,data/train/images/bb_V0031_I0005680_jpg.rf.a6835361cc888c09a179cf424d393413.jpg,legacy_train,a6835361cc888c09a179cf424d393413,10cd14a8d54d6e7762b00e90f9a7b5b0567d04268547b006a84827c680f3dade,1224df04fd18fc4d11d3908f6adf3f674b0aa713bc44de96d6da9cd2b102ad4c,1920,1080,179,historical_train
bb_V0031_I0005760,bb_V0031,,data/train/images/bb_V0031_I0005760_jpg.rf.0bb12c1a8a2d88425af803580f52f6d0.jpg,legacy_train,0bb12c1a8a2d88425af803580f52f6d0,130f8c9003e400b92cf01423aee8a726ccd26a7f677e757adb15adc239ad453c,e312df7fae1e2e2b70d92ec1dfd8267303b040cd76b5b7444583267eb9a88321,1920,1080,79,historical_train
bb_V0031_I0005760,bb_V0031,,data/train/images/bb_V0031_I0005760_jpg.rf.68a7797a45e44cd14123ac16e8e3479e.jpg,legacy_train,68a7797a45e44cd14123ac16e8e3479e,40f7ceae5bea1db39b3aaaac875decf50ced6c4feaf23989512e68ddf0a0af56,b106b6623da3f7b99d445072bd1f91bdf737cb1ba9658940709a3a57fb8b1442,1920,1080,79,historical_train
bb_V0031_I0005760,bb_V0031,,data/train/images/bb_V0031_I0005760_jpg.rf.c13bbebb655cfbb3fd634ad8f7b859c9.jpg,legacy_train,c13bbebb655cfbb3fd634ad8f7b859c9,9d6e56513e439628be75a0c0894ba118a28adf56076922897443de06ba447916,d5e34bdece1702cd8e4c69c98b159248f78f6bd7eefba47d2a834f61f2f0fe3f,1920,1080,79,historical_train
bb_V0031_I0006160,bb_V0031,,data/train/images/bb_V0031_I0006160_jpg.rf.8867f2c31a0a14da8f6fb9408c240092.jpg,legacy_train,8867f2c31a0a14da8f6fb9408c240092,9bf8325f178efbe5a1ead7d381b1ceb9b7be5fd3d1f39a687ec0cfeb01cb323b,b691cd2affbb29a1254879fc0ce386409c968b0b691af505d46a4c5ae02fd096,1920,1080,70,historical_train
bb_V0031_I0006160,bb_V0031,,data/train/images/bb_V0031_I0006160_jpg.rf.a83662a9e59b3ed6fed3b77fe44b25e6.jpg,legacy_train,a83662a9e59b3ed6fed3b77fe44b25e6,3db6b51e667cc5dbfbb406c834ddbb2b2ef4c87a3c49b3acdc912507cff8feb3,5a06fd69924d073187e113ceb926a2f57919ad66230abccd71b126e62431975f,1920,1080,70,historical_train
bb_V0031_I0006160,bb_V0031,,data/train/images/bb_V0031_I0006160_jpg.rf.d4afe4049bad2984f1224533dca6864d.jpg,legacy_train,d4afe4049bad2984f1224533dca6864d,d8ecf2dd50e5521d2a85d6aa4d3646c9d8f76974ec324b8b62066153287884d5,9b81d98c427e9ebf6c9dd84afa1cb71fa9f9f7218cbd626034d10aa07d0da0fb,1920,1080,70,historical_train
bb_V0032_I0000000,bb_V0032,,data/train/images/bb_V0032_I0000000_jpg.rf.031fc115497ebcef3e2c0a51b2892f6a.jpg,legacy_train,031fc115497ebcef3e2c0a51b2892f6a,541a9967b72f2063c98359a911158a80b354916d13cc177c28196bd4ec77138a,733dff8356d44ae4ebb678846a5c2bdf431c523695de28c8ce2a1ad29fc9534c,1280,720,3,historical_train
bb_V0032_I0000000,bb_V0032,,data/train/images/bb_V0032_I0000000_jpg.rf.12473506940f6684ffdc793496fe2d72.jpg,legacy_train,12473506940f6684ffdc793496fe2d72,88907516de5f49a10136d4f1b71ac413ee1dd7af34871e352ba4947d7984be13,99dc9f1eaae703abe2597f07925d546f60b55834dadf26387de235dd5ff4a15b,1280,720,3,historical_train
bb_V0032_I0000000,bb_V0032,,data/train/images/bb_V0032_I0000000_jpg.rf.78fb532fa33cb189918a8eb3b5ca87f1.jpg,legacy_train,78fb532fa33cb189918a8eb3b5ca87f1,3a613e157f8bb54133ae6b6f025b5d1c9a8b5a0a2f17d8951731c541f2d7949e,c8342bf5cdc9ef73ca8e448f4a92893fd9df26a9d90e28c798ff3fbb71ea1e97,1280,720,3,historical_train
bb_V0032_I0000120,bb_V0032,,data/train/images/bb_V0032_I0000120_jpg.rf.383fbd300fcab1268109e8050e3a0dc4.jpg,legacy_train,383fbd300fcab1268109e8050e3a0dc4,638119e8007dc112a36ef3125041af3af0cfd648416c370976c8401fff2f5265,b9fe2bee0df98716a0e654c9d09d68b9e1aab9ce80267346b3f6177662c085da,1280,720,3,historical_train
bb_V0032_I0000120,bb_V0032,,data/train/images/bb_V0032_I0000120_jpg.rf.a0a1d96bb465a6c064e1450717ee16a5.jpg,legacy_train,a0a1d96bb465a6c064e1450717ee16a5,095655994b7ac87dcf54de363697539c3a39c470b3fdb5d6b61183ecf8015be9,a93aaee058a35a997ea2937cf94362c22bd381a1ea39798efe81f95feb147773,1280,720,3,historical_train
bb_V0032_I0000120,bb_V0032,,data/train/images/bb_V0032_I0000120_jpg.rf.d48b098ac747c25d6fad7263a820fffb.jpg,legacy_train,d48b098ac747c25d6fad7263a820fffb,840094de61e83eba87aef1af4bfb05ae9aa8ce34fb73f035c55a77d066cd8630,7484584d24a7ce0d8721b9be2b5abbeb7ad54de7536bf99f0fbc8484d12f0745,1280,720,3,historical_train
bb_V0032_I0000440,bb_V0032,,data/train/images/bb_V0032_I0000440_jpg.rf.05306eb1a9cb025d46406e29870494a3.jpg,legacy_train,05306eb1a9cb025d46406e29870494a3,f56fe8df8c91973b7171512c13fcef405f971d44ec346d2100d171e8ab8eecab,8964cdd12bc82b65f8c0e25923fdbbb2dbb1e702368b7530b42500b902ac98bf,1280,720,1,historical_train
bb_V0032_I0000440,bb_V0032,,data/train/images/bb_V0032_I0000440_jpg.rf.473ab5c336d0ce9c5ba611b284fc9c6d.jpg,legacy_train,473ab5c336d0ce9c5ba611b284fc9c6d,73c910bc390abdb5a05d52928f5ac60389206c39f2647a79cc5349b64929fb77,b4b3828d03290dfdf5f52c6c0465ef6aac197e27f39b9ba69a92074185af4cf5,1280,720,1,historical_train
bb_V0032_I0000440,bb_V0032,,data/train/images/bb_V0032_I0000440_jpg.rf.7d3d4e3af72344fa20beb075add8d6ef.jpg,legacy_train,7d3d4e3af72344fa20beb075add8d6ef,396211b0ba5f4b8aa08d40c69dde188f76c211c3d16582c9ab4f2cdb23ccee5f,62d0c91e31766344a81ba8288fd92bc00036b908ca0701ec76f5493ab566e1e5,1280,720,1,historical_train
bb_V0032_I0000560,bb_V0032,,data/train/images/bb_V0032_I0000560_jpg.rf.4b22d7eb5c11d5c2a2194c59a9d0f818.jpg,legacy_train,4b22d7eb5c11d5c2a2194c59a9d0f818,bc60eb45eeb3a76a61f795f72de2c7b14e26a6a1cdda01a6b5176606b31468a2,f63230410cb0e1c09d0ffc754b06e286bc0f21614e17e0011234c13c36fb4229,1280,720,3,historical_train
bb_V0032_I0000560,bb_V0032,,data/train/images/bb_V0032_I0000560_jpg.rf.7f1f48f4d6509804a2fb10c37577d5b0.jpg,legacy_train,7f1f48f4d6509804a2fb10c37577d5b0,4592b3b3d6837b8b7deb814ef901b3a04b0224562e29878d32722fec9a0e4c4f,f80012072ef922ba5f902b503adc1846ef7c3de9361d17b8865b999e2bdc47e1,1280,720,3,historical_train
bb_V0032_I0000560,bb_V0032,,data/train/images/bb_V0032_I0000560_jpg.rf.ffcfcbae415905354166a5260d7ed878.jpg,legacy_train,ffcfcbae415905354166a5260d7ed878,aa514dc4927bfdf29237d2c3424f0b8e55e1acc40d9a240b35759a484cc61fd0,1f65eb6786adf8941bb63ff2cb0bdcd8c3c9ecaedf674f3284c4f636fdef8b86,1280,720,3,historical_train
bb_V0032_I0000720,bb_V0032,,data/train/images/bb_V0032_I0000720_jpg.rf.8cca735115a04c733907b066c30e1f23.jpg,legacy_train,8cca735115a04c733907b066c30e1f23,bdde10e4ffa0bc6be854e753a027b6823c1dbe0cc524a5031d02f7e31b6a02da,a2dd0f220847e345dcd85836da553067a8982b9d83f93bbc2a702eecd62f630e,1280,720,5,historical_train
bb_V0032_I0000720,bb_V0032,,data/train/images/bb_V0032_I0000720_jpg.rf.a46920e1f74b0ad5515a111d39e0fc21.jpg,legacy_train,a46920e1f74b0ad5515a111d39e0fc21,0d2f118d697044dd272356f664244baa1552f8588559fd3058acceb752d614f8,c71e3f4b6241eb01129ff8d7c3d4c4e5e436753603237659df91b5a2d0cf1bd7,1280,720,5,historical_train
bb_V0032_I0000720,bb_V0032,,data/train/images/bb_V0032_I0000720_jpg.rf.e42994f464835ed7befbf4d64199e8a6.jpg,legacy_train,e42994f464835ed7befbf4d64199e8a6,971080233121af1398dc6190a0190dd043e145e0549055e9c8e01b77e74fa6da,95789354cdd1d520f4ec677a620bf33f21ecdaaaf45d3ab7b5a69880bc53b17e,1280,720,5,historical_train
bb_V0032_I0000760,bb_V0032,,data/train/images/bb_V0032_I0000760_jpg.rf.0ea4f99dffcefc0be8a0788e3f1f8315.jpg,legacy_train,0ea4f99dffcefc0be8a0788e3f1f8315,b6e858ba119a371ff77a131a86afa89a44aafcedd6ec5bb58c22ed3e2b654c66,17ed6749abc9eb6a0b7aafc6600c098f1f23084bd8dbcbd15c3a2513e166d472,1280,720,1,historical_train
bb_V0032_I0000760,bb_V0032,,data/train/images/bb_V0032_I0000760_jpg.rf.230fb4b2f097db42c7f00dd5eb6c19d8.jpg,legacy_train,230fb4b2f097db42c7f00dd5eb6c19d8,5d8a19ddba075ed463035991dd235220d7317a8950ac7373ece81f10e6cd3740,fbc28e9cbbc6993194149dd09f80fd272b56fca7613cd4cb7c338df32387e21c,1280,720,1,historical_train
bb_V0032_I0000760,bb_V0032,,data/train/images/bb_V0032_I0000760_jpg.rf.e378a1c8fdb634384c68081b64154839.jpg,legacy_train,e378a1c8fdb634384c68081b64154839,2fee0efc227e8228e73e3751ef27069a7a4f1c22c6437d0f7d9e9e79d1ed463b,92be2dc462fceddbcce0e74b969cbcca4b68031c3d668efbbf6b7c06a06b120a,1280,720,1,historical_train
bb_V0032_I0000920,bb_V0032,,data/train/images/bb_V0032_I0000920_jpg.rf.1b4067783845e4d3ce20532bc883ec1d.jpg,legacy_train,1b4067783845e4d3ce20532bc883ec1d,8ad846c3a1ca49ea765ebd9c57e00fdc9b76448aa104f52c88fa3cf6f68e7480,55d1fbe2c549849cb6751dbdb3a2168dd701e1a2ac4ad46c22a5df1f7a2c2361,1280,720,1,historical_train
bb_V0032_I0000920,bb_V0032,,data/train/images/bb_V0032_I0000920_jpg.rf.5342f1873e98f7d7727576e8fbf3136f.jpg,legacy_train,5342f1873e98f7d7727576e8fbf3136f,3673d7f2ba7770879407618971770e9462a31fd6b5648108f5d5ee74cd51f061,161d52735954b5816ff363d67769b5e6422dcd224a03cf2042783c614d9d92d3,1280,720,1,historical_train
bb_V0032_I0000920,bb_V0032,,data/train/images/bb_V0032_I0000920_jpg.rf.a6dfa0ddaec47506387b58e14639145a.jpg,legacy_train,a6dfa0ddaec47506387b58e14639145a,036a4141152802fb2b0ddc9f2e1f23d27e8776810440c69c54ea7289f7fac6ca,f15f406032f2b7dc068f939d222b20f37c85712b633677f3a5f21e82b0879e2e,1280,720,1,historical_train
bb_V0032_I0001360,bb_V0032,,data/train/images/bb_V0032_I0001360_jpg.rf.1a05e887eb8f60ccab3f2c1a80519eb1.jpg,legacy_train,1a05e887eb8f60ccab3f2c1a80519eb1,657d1f6f00bc35f2a5ed8a61a6e57a02d0358ce500b3f4d2d897283b1b9dede6,5474505b57544af5d833edf5f2998facc5e1ade7f3b3c419b01b1a1be2a1cde0,1280,720,1,historical_train
bb_V0032_I0001360,bb_V0032,,data/train/images/bb_V0032_I0001360_jpg.rf.260b71bc1d34a929bd8f4ccf583719aa.jpg,legacy_train,260b71bc1d34a929bd8f4ccf583719aa,740609a03217cf500d6f7a036f3cbced88dcd7f6cf15ff350f2f4ca3bf0812b4,d3a37ed53453a688f500b611d4fdba258d4ddd7b5e276094f4f884aa23a9cc35,1280,720,1,historical_train
bb_V0032_I0001360,bb_V0032,,data/train/images/bb_V0032_I0001360_jpg.rf.fcb8fbbdc4504fab6327df776e8557ae.jpg,legacy_train,fcb8fbbdc4504fab6327df776e8557ae,4514b5ebaecaaf3c8a69b0334a66e15990c94494471282f770a46fa3920b9d5c,4151fd24ebd25290c58702c123a66ac75af1d6d3d541c3e1278c384d85fdb583,1280,720,1,historical_train
bb_V0032_I0001520,bb_V0032,,data/train/images/bb_V0032_I0001520_jpg.rf.516ac408bdf557f034cf5bd0f20b3fc3.jpg,legacy_train,516ac408bdf557f034cf5bd0f20b3fc3,e4c45cec79ff30f4deab8d06f2314e70593ee97e0a35735892ce9feef780f498,c55127af66fd08c5b9a73dbef44e5d65530e794e6f8b400a019524fb336864a6,1280,720,1,historical_train
bb_V0032_I0001520,bb_V0032,,data/train/images/bb_V0032_I0001520_jpg.rf.5a2265ff7c76d312e518c25325fb7a55.jpg,legacy_train,5a2265ff7c76d312e518c25325fb7a55,0dc4f4b254ba749532881a1e64812295a454f8c8c5f2368b0f160e30cc04b1b2,8ac2590d1c1f62ac37c6f8d0265b7ffdb68ca47926c1febdb9d44b147d71ec87,1280,720,1,historical_train
bb_V0032_I0001520,bb_V0032,,data/train/images/bb_V0032_I0001520_jpg.rf.cdd11b29a7b4dd798046b645242f402c.jpg,legacy_train,cdd11b29a7b4dd798046b645242f402c,13806c1f1a40074d128e741a3a745e1f2736dbb1eba3a0cbce3a6db6e8033e28,b71d90a4abd137c5f207da59ca9c89094f1afcb86d3fb4e59ed94f96faec7c8e,1280,720,1,historical_train
bb_V0032_I0001640,bb_V0032,,data/train/images/bb_V0032_I0001640_jpg.rf.0beb6023ea410b94ff0b61ef2299e759.jpg,legacy_train,0beb6023ea410b94ff0b61ef2299e759,4b949422f6991dd7726ca452fab5608aa27415b1aecffb8d8adebce093b1b2eb,ad531592f8226286229fbb4befda0946d5da39ad7d82b0434eae68a8e790d0ad,1280,720,1,historical_train
bb_V0032_I0001640,bb_V0032,,data/train/images/bb_V0032_I0001640_jpg.rf.8156b067a107c32163536dec3790db78.jpg,legacy_train,8156b067a107c32163536dec3790db78,f73f1307f3f6de7da809d078e9bfd11dd3d21a48f160ec5cc47857b7284b18bb,d74ebdd0f5dda3268c0cc9f728470a55c65476716ca6e78cc3e1854f06673f25,1280,720,1,historical_train
bb_V0032_I0001640,bb_V0032,,data/train/images/bb_V0032_I0001640_jpg.rf.e59bae977361b7e9da46b981ec1b28aa.jpg,legacy_train,e59bae977361b7e9da46b981ec1b28aa,3ea8edcbd9976e9b8280eb4317cc8790576f33ff7e6387b21df4556e0c422b5a,d6e19ed1a2e684447569bba536c1a48ae53f0becd6f7c08340dd2d7d6f77eef0,1280,720,1,historical_train
bb_V0032_I0001840,bb_V0032,,data/train/images/bb_V0032_I0001840_jpg.rf.55bea6f510bd814c6ed2662324fa5d0f.jpg,legacy_train,55bea6f510bd814c6ed2662324fa5d0f,6941a05da2600adf2994170379516a082247656e703310bc33ed9cacb4ce7beb,6d703b9f39e458ace39eb47a6a37f68fe3c0e4922521624a784292ae6d6fa187,1280,720,2,historical_train
bb_V0032_I0001840,bb_V0032,,data/train/images/bb_V0032_I0001840_jpg.rf.809ad26b2b47a0b7d761ab5e5e3a4b52.jpg,legacy_train,809ad26b2b47a0b7d761ab5e5e3a4b52,a0e2c9d436c3025ccea4f6de5989f071734d53188e0670315d83710cbcc6e737,48622cbc2207bf104d8986021809c8142247073eea84188c3bbef320c877ab3e,1280,720,2,historical_train
bb_V0032_I0001840,bb_V0032,,data/train/images/bb_V0032_I0001840_jpg.rf.8e8f67333c6af48e6db7e53cd3e4d063.jpg,legacy_train,8e8f67333c6af48e6db7e53cd3e4d063,7cc1c0d10ecb12329dbfd0b022bf46f5c08417a202cfa518477604f0ba91da44,633f911ab9f4023bad86d6c67083640c526d1c2df8ec2f18683f558fcb10cf57,1280,720,2,historical_train
bb_V0032_I0002080,bb_V0032,,data/train/images/bb_V0032_I0002080_jpg.rf.041a7ab9e19032012e5beaa12b702639.jpg,legacy_train,041a7ab9e19032012e5beaa12b702639,c306deb2299e39f8f08d48e6497bcf4c617c5ca9f6b8ab3ab918341864e88536,424239a7a2b8e2e48e0b62f011f0d7cdfd0e4934ae27872b20e5d05f6bc5b746,1280,720,3,historical_train
bb_V0032_I0002080,bb_V0032,,data/train/images/bb_V0032_I0002080_jpg.rf.3828960c6fccbb4ea56f2157f686f21e.jpg,legacy_train,3828960c6fccbb4ea56f2157f686f21e,408c5ac052f670bf7283881058ed42bedc96140071433506b57e9faaf22d3c06,538183b09af74483287320c7d9b2260a8c3b72fc3ebf4658ccba4be6d15e30ca,1280,720,3,historical_train
bb_V0032_I0002080,bb_V0032,,data/train/images/bb_V0032_I0002080_jpg.rf.bfd089f28a2ce14d03e4fd3aee62d29e.jpg,legacy_train,bfd089f28a2ce14d03e4fd3aee62d29e,76893be1a9669728d423ecf49a67b415953a01668cef5f45f96a41d64b61a0c5,032beffb9b783e93ca04e6ffcdc3fb8ef9aa667351c4ba218b67e695f9956d62,1280,720,3,historical_train
bb_V0032_I0002120,bb_V0032,,data/train/images/bb_V0032_I0002120_jpg.rf.3bb8bd0b7c9bc39b653f01e1fb429aa8.jpg,legacy_train,3bb8bd0b7c9bc39b653f01e1fb429aa8,23efee34e3073bbff99391f3c3eab8c219e385cd83b0f86a985f4865f9b12d59,7cc77b2c9ff921283d5c006d818cbd025fcca8f8d24832cdba4c1bf3535c2bd0,1280,720,6,historical_train
bb_V0032_I0002120,bb_V0032,,data/train/images/bb_V0032_I0002120_jpg.rf.4a5a6e64c03e79b31ab4582e39512826.jpg,legacy_train,4a5a6e64c03e79b31ab4582e39512826,98894f9b4eb482f2fe7470413934776af8d5298917400ca9a8fac2e3a3b91fd6,f98abaf0815b7fa9aa75c10e5f36a27d4d55f3b8dfa9641e57f8ab33b5c2fed3,1280,720,6,historical_train
bb_V0032_I0002120,bb_V0032,,data/train/images/bb_V0032_I0002120_jpg.rf.fa5d9f19b02268b5d0cc0fce3b499f0b.jpg,legacy_train,fa5d9f19b02268b5d0cc0fce3b499f0b,03a3d85ec7d895554ed58cd463415c1e38e11888a2ba5027ecf96156be2c96c9,3f5276d02f6c8cde3eef4291e98f170f27f893b1f7ee1c6e2cf0798c24119eb8,1280,720,6,historical_train
bb_V0032_I0002240,bb_V0032,,data/train/images/bb_V0032_I0002240_jpg.rf.01d22b4eb600ef818e49eaa32c15c451.jpg,legacy_train,01d22b4eb600ef818e49eaa32c15c451,949f734867422c6aeb9b7403f1ac39c7a56abc7f4a3c39c89b2f014e3f54fe58,ac8e373867bbae7a17a818574a98629f4b675b803305afde2d3b17ae54f42ba7,1280,720,5,historical_train
bb_V0032_I0002240,bb_V0032,,data/train/images/bb_V0032_I0002240_jpg.rf.6be5202cc160fa460432829b29c6a0c5.jpg,legacy_train,6be5202cc160fa460432829b29c6a0c5,b7cc2fbf1cc15924d625dca2b423d8a8bc6460b3c96eaaeffbfccbb05b1c08f9,c6b324b7b002ff719a559b3ce9e022597f5d8201297496103d6e097d0e7e363b,1280,720,5,historical_train
bb_V0032_I0002240,bb_V0032,,data/train/images/bb_V0032_I0002240_jpg.rf.e475fa22db103c77d9538cccd1c85ed7.jpg,legacy_train,e475fa22db103c77d9538cccd1c85ed7,7554d69fa336ab9c05923b400a31be3afeb55972374290cdf2353e822230c64e,d1d100d2006c586abff98b97684c4779f64d504df2576f1251e8ce471848807d,1280,720,5,historical_train
bb_V0032_I0002280,bb_V0032,,data/train/images/bb_V0032_I0002280_jpg.rf.97d10cfd5fedebdcb1a728e40953b2ea.jpg,legacy_train,97d10cfd5fedebdcb1a728e40953b2ea,35fe457ebed49999baf8f3f586d941e60334980f3d9138ee901cc8ca20320525,56f8d88630fd210e1448ca84887d9f0255ec2e5a11852fdd1f4e6e3f0e5a20b1,1280,720,3,historical_train
bb_V0032_I0002280,bb_V0032,,data/train/images/bb_V0032_I0002280_jpg.rf.984d571c4cf7f7d6eb0ff9c7ea672d7c.jpg,legacy_train,984d571c4cf7f7d6eb0ff9c7ea672d7c,abdf9c397c08a09ed9f50b27e67714be8e837be57dc941a3a5701d82434b8caf,3be72d0fd86ef8a3676d0dcf934ae82f8d8a3ca0541baed03b97dc11452a6c65,1280,720,3,historical_train
bb_V0032_I0002280,bb_V0032,,data/train/images/bb_V0032_I0002280_jpg.rf.ec968d2bf4d3545a44a0433b1acd29f2.jpg,legacy_train,ec968d2bf4d3545a44a0433b1acd29f2,a6473213ca9c3483b316c3eacd8bd2550a6d6525fcdac48a05ec872fa6386469,2d341562e6c17262ad7924c8a804674b1ea6c89f99676e4cd9e8365eb9d74f03,1280,720,3,historical_train
bb_V0032_I0002560,bb_V0032,,data/train/images/bb_V0032_I0002560_jpg.rf.a6ba8fabc627ef0fd0ef85783001aa2c.jpg,legacy_train,a6ba8fabc627ef0fd0ef85783001aa2c,2514ff613420adf0a2ad3a5f0af8ec638f65a4d8c43f9b2b1a621754e5784ebb,435496d3988f41516a01404c8d2e0b78b938a4dd5304ced39ee953a4a0b40784,1280,720,1,historical_train
bb_V0032_I0002560,bb_V0032,,data/train/images/bb_V0032_I0002560_jpg.rf.e0a8f5eca64d52a5af4152fabf43b256.jpg,legacy_train,e0a8f5eca64d52a5af4152fabf43b256,03e6d046280995765bf9c513ba51d0c9ec0f5f809bb14524f7fa6ad7cace33ab,de73fa10478ce361e1f0ba5d0c7bbdd0fdcc6c612475fc6df1ec610f8b93514b,1280,720,1,historical_train
bb_V0032_I0002560,bb_V0032,,data/train/images/bb_V0032_I0002560_jpg.rf.ec25fe0de3c38d29e8836ed7ac190ca9.jpg,legacy_train,ec25fe0de3c38d29e8836ed7ac190ca9,e60ab687b0dacd48fa026697628a87721935cf6ad523a369c49d8b3736f9f9e9,17ffd681efe55b0db2c83a76980d7bd8f4794a39ce08d64f5e6c92a8eaa18623,1280,720,1,historical_train
bb_V0032_I0002680,bb_V0032,,data/train/images/bb_V0032_I0002680_jpg.rf.55eb7d5773af74b7ad75d796a3ceea81.jpg,legacy_train,55eb7d5773af74b7ad75d796a3ceea81,5a3af36e2531de6caae908e179213df1449d18bda5bdb95a16bbdcbd61dc6165,02548c3807a2f13eebdc02609c42ecf7e378a14853446dd28567fe70b7caf094,1280,720,1,historical_train
bb_V0032_I0002680,bb_V0032,,data/train/images/bb_V0032_I0002680_jpg.rf.90bb782f80841fffefb7d1a6bb02053f.jpg,legacy_train,90bb782f80841fffefb7d1a6bb02053f,3dc6f0b6015ff1a06c84251183fada6a14e5d8199ae4a3b1bab7b3a71b390f25,c283f86c174052ed122cc2d64ea6ab74382ec4d75234d575312875fdf91d26b3,1280,720,1,historical_train
bb_V0032_I0002680,bb_V0032,,data/train/images/bb_V0032_I0002680_jpg.rf.ccefe00d33c47e3b031277759a717248.jpg,legacy_train,ccefe00d33c47e3b031277759a717248,43540ecbb7aa7aa56cf25f74d6e93fb0a20d337580dbcfca5fa0244674845772,b0d8cea979bc35b4a5fa3db5a4d399ab2c7c4465752a475f5c276ea6fe586358,1280,720,1,historical_train
bb_V0032_I0002720,bb_V0032,,data/train/images/bb_V0032_I0002720_jpg.rf.5984826843c875dfec0e54ea958a7290.jpg,legacy_train,5984826843c875dfec0e54ea958a7290,c6645ec6fc8b22569b4e72ddf171537ceb4be79b910c31a5c56d21df7b40f9b8,2058c580b40cc797ad9fc951891ef8741e5db97d2e9820280372901fb66ea2c4,1280,720,1,historical_train
bb_V0032_I0002720,bb_V0032,,data/train/images/bb_V0032_I0002720_jpg.rf.5eae418c29262b8be814fcc2f3ffbd5b.jpg,legacy_train,5eae418c29262b8be814fcc2f3ffbd5b,378d997dffce8e25f06f7ce88a036f1686c493c4ac3d6c3d6bb758ff2291f032,e90937eb6e917c7d79e3d7ab39dd7504801ae12290a76512b3c432ce892d7d79,1280,720,1,historical_train
bb_V0032_I0002720,bb_V0032,,data/train/images/bb_V0032_I0002720_jpg.rf.8bb00bcc2b59616c07e31dd516612c2c.jpg,legacy_train,8bb00bcc2b59616c07e31dd516612c2c,a2ea4b11bc9584ddd1784f0c639faa6d1bd0519697cbf73db9771c74bf7cdef9,71509651157c654b3d2f9cd44bcd3f39dd670765f80c63ebd7b4be6b820b0e84,1280,720,1,historical_train
bb_V0032_I0002840,bb_V0032,,data/train/images/bb_V0032_I0002840_jpg.rf.2bfedf95448568a5e3db87b46d4a19de.jpg,legacy_train,2bfedf95448568a5e3db87b46d4a19de,64c71c21ca90259e6a5d58be5cde8298105426076202ec8ef6ef033693e22f9d,d1afae5a2652d3580fce4cbeddee5b7692dea4be0594ff4f3c4cab348c9c2f7e,1280,720,1,historical_train
bb_V0032_I0002840,bb_V0032,,data/train/images/bb_V0032_I0002840_jpg.rf.be3505f0b1ded9f285dee1184781b7c8.jpg,legacy_train,be3505f0b1ded9f285dee1184781b7c8,4a21261277f08fcfa6246db4c221f872d655ffcf891b2b0400cba3518fbf8c16,01787542b079c00c6698a90fc0824250ac253ba4a382db4e7061bbbfef566345,1280,720,1,historical_train
bb_V0032_I0002840,bb_V0032,,data/train/images/bb_V0032_I0002840_jpg.rf.d8ee792e55eade9a10c358793b392720.jpg,legacy_train,d8ee792e55eade9a10c358793b392720,d20bb27f7bf9e2d0e97dcebfa96bd5e7a20fe0f74ba332734f3851e501d2b115,170ffefbd5c316e602d48122b7ce6661d62d7882d11aa4a40be03dee2ed7d5a3,1280,720,1,historical_train
bb_V0032_I0002960,bb_V0032,,data/train/images/bb_V0032_I0002960_jpg.rf.0197d4fef43860462e65037f9bc377e4.jpg,legacy_train,0197d4fef43860462e65037f9bc377e4,c79f2f48873efab43327a485c6004328dcf5c2110a724ca4877cfc3019253bf4,0d5f695150038742c0b4822aa6bd1d33b82695c50096f154acfd90c9c94d8efb,1280,720,2,historical_train
bb_V0032_I0002960,bb_V0032,,data/train/images/bb_V0032_I0002960_jpg.rf.57282ed0e39c73d8cf9d56337b792627.jpg,legacy_train,57282ed0e39c73d8cf9d56337b792627,b0a608b94242805d67839b15e2df5c52ba685ecb6811cc348f8fb6eab81c83cb,4e4469861c51d0c7c63ad9b0c658ffe2d4325326d5c0d8122638f7a1ee0cd8e1,1280,720,2,historical_train
bb_V0032_I0002960,bb_V0032,,data/train/images/bb_V0032_I0002960_jpg.rf.57639a9a159ef70a12d82d266fd67237.jpg,legacy_train,57639a9a159ef70a12d82d266fd67237,568d768617704b25aa2a339a6425f29877e20d76b4dec438cb23cdc90a38ff0f,6c804c913abfb25ed06ae240cadcd195b8ec204b0e319d8d7b054c7855c505b7,1280,720,2,historical_train
bb_V0032_I0003120,bb_V0032,,data/train/images/bb_V0032_I0003120_jpg.rf.52317243d5782788d13c4eb504a8047f.jpg,legacy_train,52317243d5782788d13c4eb504a8047f,de09bef388c7a0d4372f8b8637b14a67cacc1e81844bec96fbc2d06f39cb5dda,aaf0a2fc8bfc5f97cc5e11f2af3590bc6e0b782e2c989c3be5cd0757f3cee2d9,1280,720,4,historical_train
bb_V0032_I0003120,bb_V0032,,data/train/images/bb_V0032_I0003120_jpg.rf.58a41b86e075ca1df9fb0949bf139365.jpg,legacy_train,58a41b86e075ca1df9fb0949bf139365,4a56c9c916cce4890993111fb3f58a00944499905dfc1e2213fb52c7de6ae189,f08272aa67428f86ee943e804a63681fd1015bf6d4f7a2a00fa4f51345c92140,1280,720,4,historical_train
bb_V0032_I0003120,bb_V0032,,data/train/images/bb_V0032_I0003120_jpg.rf.f9fa5af1adc3bcc303bc14beddcfe21e.jpg,legacy_train,f9fa5af1adc3bcc303bc14beddcfe21e,dcfcf65f59bd60b8b27826a63db9eea632993bdc71be8252ce310147f2d24508,010341c004174509b3933f28b7488e66e71f4e56026494893f9745620f0351a1,1280,720,4,historical_train
bb_V0032_I0003440,bb_V0032,,data/train/images/bb_V0032_I0003440_jpg.rf.2700467293423f3029d715dbfa79519c.jpg,legacy_train,2700467293423f3029d715dbfa79519c,2baf76d60512d649e51ff52b32304662683584f2581ec01e715f1e6a15876d05,f18d6f96ae4e2c34662143de5fa8c21d5d469950dc3171a5479109e47d200a60,1280,720,1,historical_train
bb_V0032_I0003440,bb_V0032,,data/train/images/bb_V0032_I0003440_jpg.rf.28988b85b5aacf0bfc82269dbb84bf4d.jpg,legacy_train,28988b85b5aacf0bfc82269dbb84bf4d,5a1ee7138de4d6eda4cf9ef7ba55fa4c54d58229abb1c97a9502f7a9a34d201e,588eb4364aedac9f9bda238b4d8c31dd9a27246ffbf8a81f2b722d584da12cb0,1280,720,1,historical_train
bb_V0032_I0003440,bb_V0032,,data/train/images/bb_V0032_I0003440_jpg.rf.cd23d5ed96ffb28608396aca8ee9fc71.jpg,legacy_train,cd23d5ed96ffb28608396aca8ee9fc71,ab9d49471ce034fc4c38280d634fec90dba751080b1dc2f0d3d7b0e186dd2471,edf07910674ee633c7eb33492cb02d7f55c4ece497f6c51926379e44d0b34a0b,1280,720,1,historical_train
bb_V0032_I0003680,bb_V0032,,data/train/images/bb_V0032_I0003680_jpg.rf.6fdfb911b971b0cd7c8d18689a3aea18.jpg,legacy_train,6fdfb911b971b0cd7c8d18689a3aea18,e77c1d4a709ef9169bc8b06f267a9659e94d90377188848b4d84336e6df9a28c,43fc8e44bf1696026fdb183c389671461e566129cf8f566470f91779aa16348e,1280,720,5,historical_train
bb_V0032_I0003680,bb_V0032,,data/train/images/bb_V0032_I0003680_jpg.rf.9bf2bf1bb9f7f926455aea28e28737ad.jpg,legacy_train,9bf2bf1bb9f7f926455aea28e28737ad,420f1a71404e759b704274bff8f8152add97b088007860a4bf3a36b32d2e1190,dc6b2558fc8b93dfef27c152996a4fe630ed816b0b601a7f4080a3adb80efd3f,1280,720,5,historical_train
bb_V0032_I0003680,bb_V0032,,data/train/images/bb_V0032_I0003680_jpg.rf.ee9a122b119c84c36d66678c3a390663.jpg,legacy_train,ee9a122b119c84c36d66678c3a390663,321b60c21ac8e4e0463cbb4c681cc87764292955060122a6c82bf6f36622600e,725531d37da4f6a8906ae68c65f7ef8975bb3862e88b2e5baf58bfcbd4697aca,1280,720,5,historical_train
bb_V0032_I0004040,bb_V0032,,data/train/images/bb_V0032_I0004040_jpg.rf.4fdded9398a97c28b4d368f8be5efd25.jpg,legacy_train,4fdded9398a97c28b4d368f8be5efd25,f67758c3704e7e65034132f8f06fd66de54cba514ea9f5dc2c696cd60247e9c3,22be3093419bfdd7cf59275d752d1d0ae081fc9b81452cc64f21b72e82a04692,1280,720,6,historical_train
bb_V0032_I0004040,bb_V0032,,data/train/images/bb_V0032_I0004040_jpg.rf.6734870ceae54ab22013ad4f90127171.jpg,legacy_train,6734870ceae54ab22013ad4f90127171,858c0468e68ecb348f3823315c9bbadd12d74528d81dc7468eb5289e65c233c6,75e52b730c7049f3eff1b9a45c7f9e4eff4792cbf6fd7d50889eb0a60b0f829c,1280,720,6,historical_train
bb_V0032_I0004040,bb_V0032,,data/train/images/bb_V0032_I0004040_jpg.rf.bc5870a270bc4594dadbba5c5e46a994.jpg,legacy_train,bc5870a270bc4594dadbba5c5e46a994,feeb5625c62579dea0cc1b60e01fd83284efb1c5f29cae9ee1352b99ef07659f,eee028ec5a26449ba47bc37aedab702250e779d1064af93f5f3e7678e215b6bd,1280,720,6,historical_train
bb_V0032_I0004160,bb_V0032,,data/train/images/bb_V0032_I0004160_jpg.rf.2e17a8ed62d0e7c5d8922d7ce9283ffd.jpg,legacy_train,2e17a8ed62d0e7c5d8922d7ce9283ffd,ff36c373f2a3c8b173bf80882251975899d9d17963f52bd609bcd7dd75508a0f,1718a112d07e4f8ce8b7088089e98385d57b3dff9b3e5c115547796a0f54b57f,1280,720,3,historical_train
bb_V0032_I0004160,bb_V0032,,data/train/images/bb_V0032_I0004160_jpg.rf.6744feba606fc1c149417db7cd668199.jpg,legacy_train,6744feba606fc1c149417db7cd668199,380495ac3cd66dc9a2be1ea68266a1eee840512c842c40da516065cd2ace95ff,037511994ae9c7c7a3759a927869eb9d008f3698879128bda62ba00c68371652,1280,720,3,historical_train
bb_V0032_I0004160,bb_V0032,,data/train/images/bb_V0032_I0004160_jpg.rf.925177e0440463f6f439ad7a9a5f4ccc.jpg,legacy_train,925177e0440463f6f439ad7a9a5f4ccc,8aaefbb6419e7b64a3902bcd75127057ca57b407c42ebb6ed170c1ac2e2185c6,4f076dc7b23e7c75b80be03e95c43065f3f1a39267c15cf0adbe5405888a7061,1280,720,3,historical_train
bb_V0032_I0004400,bb_V0032,,data/train/images/bb_V0032_I0004400_jpg.rf.27bdcf62b1a3ba5b33b5cff4d3fe1525.jpg,legacy_train,27bdcf62b1a3ba5b33b5cff4d3fe1525,232336c20d67e348c51f3b92c4a4f41dccf825db5de797df7605d529d0749d39,f24d8090cc15e843c3a3a6442b9748f67bea4c039ae0a1b593e9e934ddf48f4f,1280,720,1,historical_train
bb_V0032_I0004400,bb_V0032,,data/train/images/bb_V0032_I0004400_jpg.rf.dae3072ba2fd7b5f938a305e1cd3fa69.jpg,legacy_train,dae3072ba2fd7b5f938a305e1cd3fa69,7288a5bcb45da7a588440c8796722788ca85fbe73d5722b82033d6e811874755,91ea9039cbe57c87f324cfb63197e1f0f54c8f7fe872f0708faaffa905e015d0,1280,720,1,historical_train
bb_V0032_I0004400,bb_V0032,,data/train/images/bb_V0032_I0004400_jpg.rf.e48e6c41d097ce73b77ffa00791d6b8d.jpg,legacy_train,e48e6c41d097ce73b77ffa00791d6b8d,a79307190ac49c9ca2e98ed06c5cb4ebd6d530049bb3348792e36d702c2601ab,66b3d09ee73b75d9a98a1caf849969a8e91eb3b781ead8ef0f63e4c6771b7b50,1280,720,1,historical_train
bb_V0032_I0004960,bb_V0032,,data/train/images/bb_V0032_I0004960_jpg.rf.0957c671fa34178de14c59f9939240ca.jpg,legacy_train,0957c671fa34178de14c59f9939240ca,427bc1e8421d83e02218648a53c1a23e1011d6ec3a5688db91e2e067dafa1323,93e4e6dbcb316eea1afbaad2ecc00347047826eb0ad469eb6f15734a6be8fc3c,1280,720,1,historical_train
bb_V0032_I0004960,bb_V0032,,data/train/images/bb_V0032_I0004960_jpg.rf.3f5f1fd445153c393b42cc24e7b5cd5f.jpg,legacy_train,3f5f1fd445153c393b42cc24e7b5cd5f,55411c2c1839f6a67f0788cdd4c1823debd1ad8e1f6a8d5993195effb51ad69b,e2145a8f414a575ec1c215029c72b30e9cfc9046d54b109c876fb59a8c53ff0d,1280,720,1,historical_train
bb_V0032_I0004960,bb_V0032,,data/train/images/bb_V0032_I0004960_jpg.rf.80547123dbec5a4fafcba713fbc40246.jpg,legacy_train,80547123dbec5a4fafcba713fbc40246,4a6613b69549d4485933cf145f001845c7570fc88300819f069a272b6a206349,d68397f44714704f26b76d070eda3a9c16ca2d51f62db5be9a4b30a212f017de,1280,720,1,historical_train
bb_V0033_I0000080,bb_V0033,,data/train/images/bb_V0033_I0000080_jpg.rf.1654a2ec9fbbb7e0d247a78c05bae3b5.jpg,legacy_train,1654a2ec9fbbb7e0d247a78c05bae3b5,cd4de3d00584d2e805a8d1a3b34e8f4114ee2069e059b66e3036b3227d8ee5e7,5f8c714aa725564be17ebe0f724b44e566d9881816987e913a02ab01620bb4e6,1920,1080,12,historical_train
bb_V0033_I0000080,bb_V0033,,data/train/images/bb_V0033_I0000080_jpg.rf.d74f7b0ec4f1268cf5c111e61e825424.jpg,legacy_train,d74f7b0ec4f1268cf5c111e61e825424,52dcbcef5720078ba7d6aacdfc362fa1c70f63372628da60551bbf598f026154,e96b1edecaceec52ce582340d884ad6fd252ea4a2cd77cde137bc0fcc97c08c0,1920,1080,12,historical_train
bb_V0033_I0000080,bb_V0033,,data/train/images/bb_V0033_I0000080_jpg.rf.e66be714946408257b66fe71ff37057b.jpg,legacy_train,e66be714946408257b66fe71ff37057b,1b588ad29726068f696843f6038777c3b494a39e88676a54b4e1423e30d1dd21,74b4691e2ed4b5c44f56a5bc70b4fd1a661091535a30f85f35733462f91efa12,1920,1080,12,historical_train
bb_V0033_I0000120,bb_V0033,,data/train/images/bb_V0033_I0000120_jpg.rf.9e16cdc1c3830b88e09414616c11b3f9.jpg,legacy_train,9e16cdc1c3830b88e09414616c11b3f9,0e6e072c92dbee75459e031f5c17e18e7e87ec7b3ea70454762be0f109193bc8,b5beefb356b60fe52d126fb8e0b8560f0647389ed7911a8705b9f592c5c03d1e,1920,1080,6,historical_train
bb_V0033_I0000120,bb_V0033,,data/train/images/bb_V0033_I0000120_jpg.rf.c428e5e4f5d840b4d357175d484a5c4b.jpg,legacy_train,c428e5e4f5d840b4d357175d484a5c4b,59943a38a325fe9d27859161a04a6e4f84de742b07a2e60877a8ada2ec4649ce,bc20362af07021b429b8c778e378a8d8894e47b73e048128876211684d7d936e,1920,1080,4,historical_train
bb_V0033_I0000120,bb_V0033,,data/train/images/bb_V0033_I0000120_jpg.rf.f303881d8e662c7a78fd784e156ca7e2.jpg,legacy_train,f303881d8e662c7a78fd784e156ca7e2,07a99a21e86e122ee08a816d9041c7a34116cd34f7e8e1720c669669a9e33c7c,dc61054e28f52c96a5af24b09a137c23d2db090e0effac8bb2481e1c0bcf52dd,1920,1080,6,historical_train
bb_V0033_I0000200,bb_V0033,,data/train/images/bb_V0033_I0000200_jpg.rf.384591b45d30df608595e114d9744cf5.jpg,legacy_train,384591b45d30df608595e114d9744cf5,fe47cc470946ec2ec2fdf11690c556c8173993fce8ee714a8302b59269690741,f4b8dfc485e08df7c8c4062bfc78d80862c34d5eb733f0458c815571cb8249ca,1920,1080,4,historical_train
bb_V0033_I0000200,bb_V0033,,data/train/images/bb_V0033_I0000200_jpg.rf.e75e4f0ce5bb33727be833fcba7e063e.jpg,legacy_train,e75e4f0ce5bb33727be833fcba7e063e,173760e7fba48e5dbc6901f3aacb6dfa16a05a5b27d6697f6a358ecc27c886ac,5a03c2d96d0cd25ed24af5dbaec65c20e75cc3bdc020dd6b4c76c486d34cb0a6,1920,1080,6,historical_train
bb_V0033_I0000200,bb_V0033,,data/train/images/bb_V0033_I0000200_jpg.rf.ed767ed705b696e3a0a8b03f495c6875.jpg,legacy_train,ed767ed705b696e3a0a8b03f495c6875,306389cade31defe1e06152cb04b44268f5511d005d41df34f00130d265cfccf,37523f49666b7e0d88c95d19489d85dbc8d73ec393aed7b1108d62ffc7152622,1920,1080,6,historical_train
bb_V0033_I0000360,bb_V0033,,data/train/images/bb_V0033_I0000360_jpg.rf.082b805cd5f2640b7f79e87ee8ce7fa1.jpg,legacy_train,082b805cd5f2640b7f79e87ee8ce7fa1,43aed3c3ed595a32d99899f166a5335e128a6b0b102b9bdc6804fc335bafbb97,f6dfbc8193bb812606180881b44e3888048fc030d19786b56b2077df4743fb75,1920,1080,47,historical_train
bb_V0033_I0000360,bb_V0033,,data/train/images/bb_V0033_I0000360_jpg.rf.ba83a47dd67cd60c9914f0ff1e16172f.jpg,legacy_train,ba83a47dd67cd60c9914f0ff1e16172f,e9e099b19bd321f64d84c5a6b7490838ad80ad8e8420c444896247b8b5ae9a82,7b238916e282774b7d4e5fda1d578691c08873397dc6d105305a603f9142cc45,1920,1080,47,historical_train
bb_V0033_I0000360,bb_V0033,,data/train/images/bb_V0033_I0000360_jpg.rf.f6de94d49381bc8ae9c126f7cfe44aa7.jpg,legacy_train,f6de94d49381bc8ae9c126f7cfe44aa7,fa80fda2986fb62f660dd864941d094b4b6af3cf0073d274c32c46fbe43e26df,bee3a6b57e9eea45b10fd5f13b0342d15b5c17a6a9c18baa585f23451c0dadec,1920,1080,45,historical_train
bb_V0033_I0000760,bb_V0033,,data/train/images/bb_V0033_I0000760_jpg.rf.5744ab9e708aec563bf6f7e8448f1e4e.jpg,legacy_train,5744ab9e708aec563bf6f7e8448f1e4e,a22e9fead07818b12f95e5608e5f116439c7e7c56c5d06ee015d710f3dac930c,c5943ac9e1a14ab96c635f08d64358473b15c5930408c19a9fdcb4f98019aefc,1920,1080,1,historical_train
bb_V0033_I0000760,bb_V0033,,data/train/images/bb_V0033_I0000760_jpg.rf.9f31d22a922aa28129a05f247963b7eb.jpg,legacy_train,9f31d22a922aa28129a05f247963b7eb,03f85b4e20c13966959000d528edf9175abc0513793a2fa3e208d0417fae8a15,e3b0c44298fc1c149afbf4c8996fb92427ae41e4649b934ca495991b7852b855,1920,1080,0,historical_train
bb_V0033_I0000760,bb_V0033,,data/train/images/bb_V0033_I0000760_jpg.rf.fed5d824c0f12087b8f7737ba82ee551.jpg,legacy_train,fed5d824c0f12087b8f7737ba82ee551,54dc22ca01a6f667c4f8e31a94f1f9dca314cff5a3a1e9078ffb4ceeb35a7f80,e3b0c44298fc1c149afbf4c8996fb92427ae41e4649b934ca495991b7852b855,1920,1080,0,historical_train
bb_V0033_I0001840,bb_V0033,,data/train/images/bb_V0033_I0001840_jpg.rf.0f2e096eff5adb90972bcb55d8198ee7.jpg,legacy_train,0f2e096eff5adb90972bcb55d8198ee7,898629628b887409da287dff6703bdf84e0b81c79c840d28ceb06474600d46ee,0d35d1095e93fcac16c264a27a1db5a86a51f3a7b22bf89d7a6dea2900432d2a,1920,1080,6,historical_train
bb_V0033_I0001840,bb_V0033,,data/train/images/bb_V0033_I0001840_jpg.rf.a41ff5a1d6f7328422683d827f2eab28.jpg,legacy_train,a41ff5a1d6f7328422683d827f2eab28,25dbe0de1931faca2eafb8ef9122434adb7f8c63b9648d33283c59f38a79c445,a7e3571880c8efbe42346cde72712c1c6e2fb3fe8f241872c5a9ae1f0e32b206,1920,1080,6,historical_train
bb_V0033_I0001840,bb_V0033,,data/train/images/bb_V0033_I0001840_jpg.rf.f03a576de86d74cce1bceaa6cdabbff8.jpg,legacy_train,f03a576de86d74cce1bceaa6cdabbff8,f85414681097f5f15ccf212708aac21f6c270dee6a0b63b871531de3ba101296,0f9f2704599c57759816fd669b0da317a7112df81298e5546d18386ffa21eb78,1920,1080,6,historical_train
bb_V0033_I0001880,bb_V0033,,data/train/images/bb_V0033_I0001880_jpg.rf.271a7e26712044f62a058b8eeb823a70.jpg,legacy_train,271a7e26712044f62a058b8eeb823a70,c15f3c8a61015c5a914a700c193d20235986824d41c14fdc7985eab2a84f3bd1,f519b7e5b6e3dab4a00414c9c2d5d5d09d7a70c0ad9b3a32eb0e73c74d65cb72,1920,1080,11,historical_train
bb_V0033_I0001880,bb_V0033,,data/train/images/bb_V0033_I0001880_jpg.rf.7fb1d409331149e4a78b268b2db8cdb7.jpg,legacy_train,7fb1d409331149e4a78b268b2db8cdb7,36a5711339c0144d98bc6a3d0d29ce6cf97a42874262273a1cc10aaa0bd47280,1cae529a07c24d03a264e62da13695776918bb43195f41557ae53955a53f32cf,1920,1080,11,historical_train
bb_V0033_I0001880,bb_V0033,,data/train/images/bb_V0033_I0001880_jpg.rf.d02a54a541e67f26a163f875f6f1f2cb.jpg,legacy_train,d02a54a541e67f26a163f875f6f1f2cb,8c60e89841f0ccf4114a5b68b9f657429cf7bf3dfbdd23037528369b9d2ad092,c6d77f8f81d35dd8b78236af8aade1ab5c839d2f08b881d694a78b49fe7a82bd,1920,1080,11,historical_train
bb_V0033_I0001920,bb_V0033,,data/train/images/bb_V0033_I0001920_jpg.rf.3d51fcdf9c4bc54e6481235be517a760.jpg,legacy_train,3d51fcdf9c4bc54e6481235be517a760,7e3bbddffa0536f01d9a015e118bc92b96c580c98d4bb953c6ab5496b0cd00f0,9f0ed0a7ad7bcbe1942fd81ffc38d6da80f714113d7f994c1327b6421c8b92d2,1920,1080,5,historical_train
bb_V0033_I0001920,bb_V0033,,data/train/images/bb_V0033_I0001920_jpg.rf.8575fc1b6b692fb0fe9ccd0844c9c77f.jpg,legacy_train,8575fc1b6b692fb0fe9ccd0844c9c77f,e4395f14d8f817adcd6dd67506992b82a887ef996b2887eb23968012a027544e,7503df54b99a8658322bd1719dcf1ed1ab5222e5fdfbb6b557be3fc04f7cd7ba,1920,1080,5,historical_train
bb_V0033_I0001920,bb_V0033,,data/train/images/bb_V0033_I0001920_jpg.rf.d7f0818d8edd57d6199d95a27b6fe145.jpg,legacy_train,d7f0818d8edd57d6199d95a27b6fe145,98cfdc9c4fcf957d87df84fc2768095d7946d85e9946750475ed909a1b7039b9,0c47c3c5576e7c6db8c88cca8c449fc5a295c0ae4b249cd205fed99b4572b0aa,1920,1080,5,historical_train
bb_V0033_I0002120,bb_V0033,,data/train/images/bb_V0033_I0002120_jpg.rf.25506afe6a12e4c65e792043cb99d847.jpg,legacy_train,25506afe6a12e4c65e792043cb99d847,f5771f88e83da97cb7416c4cd362ced8dac8846f044f7ef864ff265e883dd4e9,41173083eaa30f3aafb8d1b4af1a58f16dda2b73123c998e39dd131627e49386,1920,1080,5,historical_train
bb_V0033_I0002120,bb_V0033,,data/train/images/bb_V0033_I0002120_jpg.rf.6c32166a0ca22e4fb8949e1c932cc7cd.jpg,legacy_train,6c32166a0ca22e4fb8949e1c932cc7cd,3a7cbbc7931fdf9f2fb65c68f84e7292e521bb51398f33f7129d9d71e7b525b9,b3961b45de26ad6a38658d268fb34a2305c993abe3d6e1149da8a9156f88601f,1920,1080,5,historical_train
bb_V0033_I0002120,bb_V0033,,data/train/images/bb_V0033_I0002120_jpg.rf.e5f05fd4ad40e2f65f119541c37fbb2d.jpg,legacy_train,e5f05fd4ad40e2f65f119541c37fbb2d,bd739a655eeaff5577a4e2f3ed76858d92c104753febb263b53e74f248e9834d,46ce8652032a6cf9ecd9c6077350049be79e87206990bcfed3ed14ef0b0000da,1920,1080,5,historical_train
bb_V0033_I0002200,bb_V0033,,data/train/images/bb_V0033_I0002200_jpg.rf.34a7404dc1e388358be683de94a585aa.jpg,legacy_train,34a7404dc1e388358be683de94a585aa,3d8664a0e5a1948777c706062ae081434c03c6d0a974926a3b5fed5e1d68de31,b7fdb0f2d3f15128cc6354434994ec19f92bf3b89cc5b3db70b488e36dc6a7d6,1920,1080,3,historical_train
bb_V0033_I0002200,bb_V0033,,data/train/images/bb_V0033_I0002200_jpg.rf.b55144e2c67d07d1d3350f9723eb0be2.jpg,legacy_train,b55144e2c67d07d1d3350f9723eb0be2,3cd17d811cf3c7c49663e2c16dc236947a7df3913cee8195d5e06fb6616754a7,799caf661229ec213f3a2dbdb4638968fe20e51954bccd19ba260e910a8d2f47,1920,1080,3,historical_train
bb_V0033_I0002200,bb_V0033,,data/train/images/bb_V0033_I0002200_jpg.rf.c071ba00f09a941149c4d8f1d01e27bb.jpg,legacy_train,c071ba00f09a941149c4d8f1d01e27bb,933bc4984ac8689a3009731dce965ee4b103ba6b5352454d9e410b7564661912,131fa78db6b23ddf2f97f29982d27c41fe41570d2458cd1c9ce0377ba7e80c40,1920,1080,3,historical_train
bb_V0033_I0002240,bb_V0033,,data/train/images/bb_V0033_I0002240_jpg.rf.832f4b2d9e76e9dd8c8a855a54631b0c.jpg,legacy_train,832f4b2d9e76e9dd8c8a855a54631b0c,f122866c2ec13a98e80afceec88da092639f7c353039b8e3d0806f1f16ed1690,14a4938681eabce8b0029c6d9a4f8163a59c5099809ac62636ffd8d117327371,1920,1080,3,historical_train
bb_V0033_I0002240,bb_V0033,,data/train/images/bb_V0033_I0002240_jpg.rf.b9953ef746e4e883e98a9b5abe1d49c2.jpg,legacy_train,b9953ef746e4e883e98a9b5abe1d49c2,8f595604a610cc39341c6d322631bb9bca3d08b30a20ca657709f30d6329c724,2b3b39862a764ac67115b3202f81d696eb679e7f352fd6afd125f1c7b897d8cd,1920,1080,3,historical_train
bb_V0033_I0002240,bb_V0033,,data/train/images/bb_V0033_I0002240_jpg.rf.f4b53aca20e4aab371061cb1f85e7833.jpg,legacy_train,f4b53aca20e4aab371061cb1f85e7833,b50bd66c86d9103172d40311acd2e94fcb7358b81d7d00ade32b49fb05d72ee2,d6615413642bdbd6d5beaf6d1c3af6b13b3129542c7607daf79bd4246a815a37,1920,1080,3,historical_train
bb_V0033_I0002320,bb_V0033,,data/train/images/bb_V0033_I0002320_jpg.rf.36dd93c4a29eb6fbc0cfd41e29715478.jpg,legacy_train,36dd93c4a29eb6fbc0cfd41e29715478,8d078618a6eaa2ea793233e185b14cb30d375226fc2641a24e280bf5429d814d,f290fca090a76b5c74f18b75e834a08c4a7a3638e5fcb9949c2c88a1e95d6684,1920,1080,3,historical_train
bb_V0033_I0002320,bb_V0033,,data/train/images/bb_V0033_I0002320_jpg.rf.506ac19371be4798314f797207e01ca5.jpg,legacy_train,506ac19371be4798314f797207e01ca5,e521cc17c316c38fc70c308eac2ad66d0c106c35f93c14f78d8cdf48abfecce9,3ae834c389661f0734dbfbbf4bd2d68c28f2bb4193cdfba0352796c18699f2fe,1920,1080,3,historical_train
bb_V0033_I0002320,bb_V0033,,data/train/images/bb_V0033_I0002320_jpg.rf.7ba7a268e4ab745bff5c36d1a6c47b85.jpg,legacy_train,7ba7a268e4ab745bff5c36d1a6c47b85,b57d0d2435b50d7b40767c052699e2302fe4be75b36beee7de402c0c4513cc32,7aada48c046d54dbf34fdcdef42a59edbd1f5003e0c0043f82c902a31b39a42c,1920,1080,3,historical_train
bb_V0033_I0002440,bb_V0033,,data/train/images/bb_V0033_I0002440_jpg.rf.1be972ad827387dbbe9727a3fe8a5f1d.jpg,legacy_train,1be972ad827387dbbe9727a3fe8a5f1d,4f9157add91d03a846da9c471416a324c46803ce7a1baebe986422add3d3919d,f2f75510273a79c7e6d65295adb090c7f5aea06b4fa5a4f880d37027772a24db,1920,1080,2,historical_train
bb_V0033_I0002440,bb_V0033,,data/train/images/bb_V0033_I0002440_jpg.rf.42e9f9657c9bd04d1cce61a6af05a0b6.jpg,legacy_train,42e9f9657c9bd04d1cce61a6af05a0b6,20f43c6377b344a7d6a8c28c24c1ab923251c886d998b540171c112fdfb02317,86d6a2a95b011651496ff7b7f41e9f2d956f2eff74024709a2683416a1dcb16d,1920,1080,2,historical_train
bb_V0033_I0002440,bb_V0033,,data/train/images/bb_V0033_I0002440_jpg.rf.d30a62736574132100580c65ef65f164.jpg,legacy_train,d30a62736574132100580c65ef65f164,d613399be2f664c354f3832af5ba5c5143ce219e406516297bfdba3665205f61,9d6bdee7b2bb2267e0ce0439cbf2b568e2ac75288b9c0ec032bc30bf5ae15b24,1920,1080,2,historical_train
bb_V0033_I0002480,bb_V0033,,data/train/images/bb_V0033_I0002480_jpg.rf.331ad2159d8884bc6be63dba6f3e9133.jpg,legacy_train,331ad2159d8884bc6be63dba6f3e9133,b9e7d5e619ba5fe2389e148029ccc3f25b2b714d14b95b0902d40257ff18c42d,aef50e6b623194509d965911ab1c651bc8d533c7fe3dfc3e287e25e891bd2617,1920,1080,2,historical_train
bb_V0033_I0002480,bb_V0033,,data/train/images/bb_V0033_I0002480_jpg.rf.68cf3f7868ce1a93dad4dac8820a0175.jpg,legacy_train,68cf3f7868ce1a93dad4dac8820a0175,bf0555cd3c99e92ee5546bed95f61a2d9736eff9b96486fa14d9a8688c15acab,44952bc6eb42be8f71bb433f187a8ec83d6d8acafc4edaeefe65d8f1201d3c7b,1920,1080,2,historical_train
bb_V0033_I0002480,bb_V0033,,data/train/images/bb_V0033_I0002480_jpg.rf.e1b0e016d1821d83fc4fc0f3d5014334.jpg,legacy_train,e1b0e016d1821d83fc4fc0f3d5014334,921a5da62daee2fe021e62939da38b1e614fe9366491af7fcab2149b2db6dddc,4f1ba27a8766a076fa725e8419ad54c935cc724d3fbab8b262c05ded1ba8f3fa,1920,1080,2,historical_train
bb_V0033_I0002560,bb_V0033,,data/train/images/bb_V0033_I0002560_jpg.rf.27eb2e044952e2860b1f39b433a61261.jpg,legacy_train,27eb2e044952e2860b1f39b433a61261,01bd3b062ce727c049b1542afac3dc337c619df7887918be222f20722517c6df,e322d4e4be1e7e0bdfda88368f61dbbb4dc729742565f87b0b47220f0883c314,1920,1080,1,historical_train
bb_V0033_I0002560,bb_V0033,,data/train/images/bb_V0033_I0002560_jpg.rf.b5b0dd3b6f61509435ec42b61436fff2.jpg,legacy_train,b5b0dd3b6f61509435ec42b61436fff2,0077adc418c705d7a6e80e72da890525cbec0fbeee3b2a7eb54e145bff7ec740,cf619c67d3303b259c3dd030066749c3c6a18d2d19ffceff121032890a8ae98a,1920,1080,1,historical_train
bb_V0033_I0002560,bb_V0033,,data/train/images/bb_V0033_I0002560_jpg.rf.f07a2f2d36f2ac7477f734c660b06186.jpg,legacy_train,f07a2f2d36f2ac7477f734c660b06186,3f6b843b2f042ac462234de196356464a22584e4171f08f3f4add84894e84575,5c1d7b1136efe373990f26da2c503a9264fee6fc36448fe8833423d3ddc35315,1920,1080,1,historical_train
bb_V0033_I0002680,bb_V0033,,data/train/images/bb_V0033_I0002680_jpg.rf.57d0ce82e331175db6b935a611ed3735.jpg,legacy_train,57d0ce82e331175db6b935a611ed3735,98c7c8eff0edefb280836f7ee3f078cd71a28fb01f0a6e68b0f6b7faa17b3110,d4e2b9f265fc1bbad2d1726b7999ad17c753854d4e056d7fc4fb169945843698,1920,1080,2,historical_train
bb_V0033_I0002680,bb_V0033,,data/train/images/bb_V0033_I0002680_jpg.rf.69e660ee406604c540c519a15277345d.jpg,legacy_train,69e660ee406604c540c519a15277345d,d942d4b0a18ae6546f20dacaa1786ea60f65c72772afde0a785be24a52251bbb,6638ad5a03559ad1836506cffc8868ed29dad1830f978c6b6a0164a7385fbdc8,1920,1080,2,historical_train
bb_V0033_I0002680,bb_V0033,,data/train/images/bb_V0033_I0002680_jpg.rf.8fa3f2f28b56bba3ee2416178767a662.jpg,legacy_train,8fa3f2f28b56bba3ee2416178767a662,b91a10ce8c664dbae1f22d4f2aec004fcf2dd9893c34d94fed6d2fed7315f0b0,456f1d7b81d23182aa858eadc183812539485cb1d76cf5d0488afb8f5eaebbf8,1920,1080,2,historical_train
bb_V0033_I0002720,bb_V0033,,data/train/images/bb_V0033_I0002720_jpg.rf.5455e85a64f88ae270900e765e7d9560.jpg,legacy_train,5455e85a64f88ae270900e765e7d9560,df466ab2bd6cb987441f23d49247f90a1df8d93efb8bd89dec3a89c8567a0c6c,78da2b20f3ece458c570851c4e8c93469293ae2a54e4ad2ca0d36c02b8d51efa,1920,1080,2,historical_train
bb_V0033_I0002720,bb_V0033,,data/train/images/bb_V0033_I0002720_jpg.rf.784edad9966ec6d6a850405d29fe52af.jpg,legacy_train,784edad9966ec6d6a850405d29fe52af,c9c9b09df2350edf1c918b33a708c51a85f90fa29e87d27f19a478274971f6b8,dc8e0e97ae79fb6c5cb898e85eec7506827a7a3d0c5056d2333502c59fb24552,1920,1080,2,historical_train
bb_V0033_I0002720,bb_V0033,,data/train/images/bb_V0033_I0002720_jpg.rf.d00e88a942c0651c02dda7214774dfe7.jpg,legacy_train,d00e88a942c0651c02dda7214774dfe7,169acaac47ed3fce04ea857f1564c8b01280b3b1122925401c3b835688abbb66,1bab4abc3270b6abe7d9a0726fec23bc82f7e42cb4367f5b5a09df7b78e77b1d,1920,1080,2,historical_train
bb_V0033_I0002760,bb_V0033,,data/train/images/bb_V0033_I0002760_jpg.rf.4d3670b65f5d3623b45f222045f466ff.jpg,legacy_train,4d3670b65f5d3623b45f222045f466ff,e9bb403061f6c36b1b75dc672d70be3167de5ef6e36d798b079355d1d30349ec,e3b0c44298fc1c149afbf4c8996fb92427ae41e4649b934ca495991b7852b855,1920,1080,0,historical_train
bb_V0033_I0002760,bb_V0033,,data/train/images/bb_V0033_I0002760_jpg.rf.993f01f29cb005afd0bf60f76941b065.jpg,legacy_train,993f01f29cb005afd0bf60f76941b065,c1c9b753df3959b855ac02b620b43fbd285ed4fa72b60a5a29d148f599db16d6,693ef87c77857b15c0d1ed05d97d168e0f9db915f00ed9ff0491d30cd9e84e92,1920,1080,1,historical_train
bb_V0033_I0002760,bb_V0033,,data/train/images/bb_V0033_I0002760_jpg.rf.c1bf15ca05fd4d76da0699d629dbaac4.jpg,legacy_train,c1bf15ca05fd4d76da0699d629dbaac4,691fd8b343d10d146cc90fa14c1ec92762c5e969d5f5156b6146d3299ea3eea3,4a59d5081d6e75a26e52a3f1901483861d7a6bf8c7aeb1315925ddc49b62106e,1920,1080,1,historical_train
bb_V0033_I0002880,bb_V0033,,data/train/images/bb_V0033_I0002880_jpg.rf.3da3e826b0d7fdade04a30936c82035a.jpg,legacy_train,3da3e826b0d7fdade04a30936c82035a,41a48e6246654915c41d7c73297ca028885dfd50f9689f6ecca3d13c8a435be7,b1b646f73f020f20b53108405d5c5288abcc412cefff843343f6646ae0d3cb95,1920,1080,5,historical_train
bb_V0033_I0002880,bb_V0033,,data/train/images/bb_V0033_I0002880_jpg.rf.96f3844c4c69a17c4da6a0edde57d68d.jpg,legacy_train,96f3844c4c69a17c4da6a0edde57d68d,c7fffe082dac4b3f78ea5ebbed8aa316628fb68abde37e722fbf5b0431ce6f06,9454dc84364290ffb010a9b77f403801beb4fbcf76c41eaced412cfd535118d7,1920,1080,5,historical_train
bb_V0033_I0002880,bb_V0033,,data/train/images/bb_V0033_I0002880_jpg.rf.ec1ac538344d20b8801f8bbeb8285cb2.jpg,legacy_train,ec1ac538344d20b8801f8bbeb8285cb2,5626d638bea4ea278ef7820f0396b2feb24bf62595a13800db83687fbded40be,54d30d7b3b09cb884ce76aed86204323c64a16c30713854de8c2274551cfc7ff,1920,1080,5,historical_train
bb_V0033_I0003040,bb_V0033,,data/train/images/bb_V0033_I0003040_jpg.rf.0959cc1da46e3c1a34f7ae45686d50e1.jpg,legacy_train,0959cc1da46e3c1a34f7ae45686d50e1,9344a1fad3ee14201ba1735a2993daf5f191bd94c8449a1d6d4050c633a3ccf6,cb91eb954fbb0ae9cee74e7d460377d40d09b4546f0f5ac3fd3c3af725ff9894,1920,1080,4,historical_train
bb_V0033_I0003040,bb_V0033,,data/train/images/bb_V0033_I0003040_jpg.rf.39c937294c8851a17d1e1184b12805fb.jpg,legacy_train,39c937294c8851a17d1e1184b12805fb,be95fd283c764660ffda498b5969177795e14fb40adc0e2ff0937955dc498157,36cb1afc5e8c4b886b57f919b1c6485d01fc8fb1117bf23e6de8733e5bd72161,1920,1080,4,historical_train
bb_V0033_I0003040,bb_V0033,,data/train/images/bb_V0033_I0003040_jpg.rf.675518e6fa59f74448196c15ede61d4f.jpg,legacy_train,675518e6fa59f74448196c15ede61d4f,fdd9adf8066de372ceca985106820a6f241d76d1038bc811fa216dfe146fc2ab,0dabe4edb4f201329182b05c84c4677d71fde518f3442957122b3114c68b6581,1920,1080,4,historical_train
bb_V0033_I0003280,bb_V0033,,data/train/images/bb_V0033_I0003280_jpg.rf.b7ecc5c5a5e5bc29a8a2de1dc559b7a7.jpg,legacy_train,b7ecc5c5a5e5bc29a8a2de1dc559b7a7,fe383219e130209034b644aacb7368e4e83d10ded59b9a1f67b5d17f6a7902f7,7e1e66320f89397e16a3e9cf949604ba2b1ce5877f181975e0070a0e71e79605,1920,1080,5,historical_train
bb_V0033_I0003280,bb_V0033,,data/train/images/bb_V0033_I0003280_jpg.rf.cdfa05dd11282b557c49251a63c44fbb.jpg,legacy_train,cdfa05dd11282b557c49251a63c44fbb,591dce65771212ce44f86fdba8dc4452e0b902e61814b7d0c02ed24f0af3b510,e9a23777624e3f972ed2e74c1ffd5db532bf40bd73f2ab40d7bc5fee843c1fa0,1920,1080,5,historical_train
bb_V0033_I0003280,bb_V0033,,data/train/images/bb_V0033_I0003280_jpg.rf.d6d16786e2ac97687cb4b1629d65fe05.jpg,legacy_train,d6d16786e2ac97687cb4b1629d65fe05,785ec0d477670f44256da69e4203592c54c8840a6910b75dae81aa29de6ac55b,7b17ed9f0fa995169334a43edd1547259bf66ca0505a1bb26a0ded66c8cd10d7,1920,1080,5,historical_train
bb_V0033_I0003400,bb_V0033,,data/train/images/bb_V0033_I0003400_jpg.rf.0593d890f6061138550ff17000ec1f13.jpg,legacy_train,0593d890f6061138550ff17000ec1f13,8d4e69709a9ebb7d226b1a0c0d03345a05d1e61cd6dc318dd2f0783226318298,aa7915f30b2013e6d2fef7b99ba53d2ff39554f8c37b3fa49d53059d12654e5f,1920,1080,4,historical_train
bb_V0033_I0003400,bb_V0033,,data/train/images/bb_V0033_I0003400_jpg.rf.639c2b77a365da4fa299dbdcad3c5ac7.jpg,legacy_train,639c2b77a365da4fa299dbdcad3c5ac7,5b3b396e9961ada18a2fedae0db8fbf555c3e006e59caabbf979e36a0dca3930,7b831140d411cd38d00c85c92966ce60c1e9e64a67c9a336431f34e6adfb0e76,1920,1080,4,historical_train
bb_V0033_I0003400,bb_V0033,,data/train/images/bb_V0033_I0003400_jpg.rf.97f2420de1a0b2f0fe0f3ce07117ba65.jpg,legacy_train,97f2420de1a0b2f0fe0f3ce07117ba65,e91c775e2cb962f640123aba796538c6cb4fed3126e4f1f04ac903fc52263ae8,994b7ae5e5cc6d57bb4bb71817ca3e5b8df64e456549a8b76c8672655cca8df2,1920,1080,4,historical_train
bb_V0033_I0003440,bb_V0033,,data/train/images/bb_V0033_I0003440_jpg.rf.205ad662d0b3cfc0d3d476ebf941960d.jpg,legacy_train,205ad662d0b3cfc0d3d476ebf941960d,c5ad364d8015ca30cfa709fdcd2376172bf467408b1dc1d5df3ce73a817e893c,b6f1b84dbb92af565cc17a7625d35ba30502b69004982a809371c4154b8b604f,1920,1080,2,historical_train
bb_V0033_I0003440,bb_V0033,,data/train/images/bb_V0033_I0003440_jpg.rf.5f8ce94ec5c43ee2c50176c585a07ba5.jpg,legacy_train,5f8ce94ec5c43ee2c50176c585a07ba5,967b4baf8ad7f3d9e310444e3e801710b33e28c47977f86c39088bedbc197752,274bd8f647187cfbdfcd0500d21da0fbcea89443c9c7246d888550d4b3b4a5fb,1920,1080,2,historical_train
bb_V0033_I0003440,bb_V0033,,data/train/images/bb_V0033_I0003440_jpg.rf.d211370d9b4dc1929fee2b60daed7363.jpg,legacy_train,d211370d9b4dc1929fee2b60daed7363,5d5a37b6aa2d40a7fbe011e56b76f2a065e171dd2c519cdc49ff173a0bfa2854,5a832f21a1b5821c1c3ac634f0f493a2c43e8ff8b3b85e2ac82c3fdfae7e2ad2,1920,1080,2,historical_train
bb_V0033_I0003520,bb_V0033,,data/train/images/bb_V0033_I0003520_jpg.rf.0a34538b9be0e68dc48c6d4abd286098.jpg,legacy_train,0a34538b9be0e68dc48c6d4abd286098,237fca2e25438bd0b6ec7e917da1571250a55fe660121d3b24559d2e6d3e288e,b2131738942c1c8cb54d954a0b7d7f788a9a90edf89ed376e058d00bed2e4e10,1920,1080,3,historical_train
bb_V0033_I0003520,bb_V0033,,data/train/images/bb_V0033_I0003520_jpg.rf.0acf57f0664dc144ea54065f1324cfc9.jpg,legacy_train,0acf57f0664dc144ea54065f1324cfc9,c6b11ee97cfe61c2df09f64b9efc4d835dd429e45354048ce00210db01f9af0f,7a42f1d819ab96cdaa232a545b42289bcef9281e9820097781694f7879730bf3,1920,1080,3,historical_train
bb_V0033_I0003520,bb_V0033,,data/train/images/bb_V0033_I0003520_jpg.rf.ec31dc3b8ff46d2b5f27e7e4f199f06f.jpg,legacy_train,ec31dc3b8ff46d2b5f27e7e4f199f06f,cb3159e3fb09c526186c2f2fc265a85349fd3957f283fe04db093996f0cde710,b744f1aabef4d75bffa33c8f1355b6f44c4ac24977c8b5ef25a57ee7e2a14155,1920,1080,3,historical_train
bb_V0033_I0003760,bb_V0033,,data/train/images/bb_V0033_I0003760_jpg.rf.8579b770a789f7fbb3888c0f8b61ae9f.jpg,legacy_train,8579b770a789f7fbb3888c0f8b61ae9f,f6813474470a236293f8a6a6d6a577ff297519197c17417dc8348e5519afa094,0af4865a0be09544d411cc6d6f30ec6a86994a093f75ea325e3274ed10e1d028,1920,1080,3,historical_train
bb_V0033_I0003760,bb_V0033,,data/train/images/bb_V0033_I0003760_jpg.rf.b0489ff250a2ee56608d144369df8fe9.jpg,legacy_train,b0489ff250a2ee56608d144369df8fe9,62d73a58325b76ae799f2b4599fc3938f5d1a9aa59a9ea18d5e7a79e3b891cb7,d01a7a8debcd627890828bb564288d6006ae0b918abc538850bffde39fc96e66,1920,1080,3,historical_train
bb_V0033_I0003760,bb_V0033,,data/train/images/bb_V0033_I0003760_jpg.rf.b990f516006f084dbbb0b9982cf556c9.jpg,legacy_train,b990f516006f084dbbb0b9982cf556c9,e6bc8a65f4c642cd92d6eb27557cb1dcad7fb51c64d465e47f62f474cb46710d,0fe65137212215911763ff8d4ac4f16c606c217f68cc8267a932205a51411c39,1920,1080,2,historical_train
bb_V0033_I0003840,bb_V0033,,data/train/images/bb_V0033_I0003840_jpg.rf.2a822ece4e4b1cd8d39d692d44c21344.jpg,legacy_train,2a822ece4e4b1cd8d39d692d44c21344,a34cbec657753d8a35e9e66fae160aea15a837f19b1d8ee0cd208de6d009cdda,03025ff7c42729772008563d2add44273afad7241d83a60c0253cbee46c6e98d,1920,1080,3,historical_train
bb_V0033_I0003840,bb_V0033,,data/train/images/bb_V0033_I0003840_jpg.rf.6bc238947d55fbacf2b3e27c2d610ede.jpg,legacy_train,6bc238947d55fbacf2b3e27c2d610ede,53c7ac4bfad442b1475fa6d2405440f5d0e9371af7e1e7291061fb7677a3afac,760734a1c35dc2c895119a12e3a17e71776f8e38539548bedd6a046e1bb1b524,1920,1080,3,historical_train
bb_V0033_I0003840,bb_V0033,,data/train/images/bb_V0033_I0003840_jpg.rf.ff49286c7c5c4a6cb0fbe6a43f7373ad.jpg,legacy_train,ff49286c7c5c4a6cb0fbe6a43f7373ad,d9ce11c837865b8abe1bd16b105cedd746da007a2250ec4a55041340627d53fa,147475e3b956be6fecc7e12b0d9e8529a526c9b5f0ab5e7306f05c91f6524463,1920,1080,3,historical_train
bb_V0033_I0003920,bb_V0033,,data/train/images/bb_V0033_I0003920_jpg.rf.57d5a4e64a53d6fba3ddb84b7b193823.jpg,legacy_train,57d5a4e64a53d6fba3ddb84b7b193823,df11f46ff64da8d53bd9a2e64c7bb6044e34168b1a5fd774305745e0132d0853,e1c9c75355d1ba3fe86355d67b31ab2b556506174de0339aa05d0ce707472259,1920,1080,3,historical_train
bb_V0033_I0003920,bb_V0033,,data/train/images/bb_V0033_I0003920_jpg.rf.b634a0c1156b6d0a69e75f3b9b1438fd.jpg,legacy_train,b634a0c1156b6d0a69e75f3b9b1438fd,5b234e15d502db75180c9d9426e7a9dc6442523e29f8db389407198c78360d90,cf237ef0e3646fc9d7ca732813ec8f5f41703dbd89cf954904864db48bdcf9e6,1920,1080,3,historical_train
bb_V0033_I0003920,bb_V0033,,data/train/images/bb_V0033_I0003920_jpg.rf.ce662f8bf0f168a8c0dea614cb951f37.jpg,legacy_train,ce662f8bf0f168a8c0dea614cb951f37,4a41aa68b2698c01ae2cbfc4c8cc146ffd1102bfd038fb69759fff3dbf48515a,a1024c399b88cad1fdcc918b6efe8df7223825bd5d27f3f9b001233b0338c00b,1920,1080,3,historical_train
bb_V0033_I0004480,bb_V0033,,data/train/images/bb_V0033_I0004480_jpg.rf.c0f5caddf1555cb8e0cccfbf64a45ab9.jpg,legacy_train,c0f5caddf1555cb8e0cccfbf64a45ab9,550ea54cd7be36e030a644877eccd377c95c7aec81dc308503c37c366e6a05d5,d6fae7772c7d7fd009f50c2aac36ea861f08250ece91c16ae42e543cba0cbc2f,1920,1080,2,historical_train
bb_V0033_I0004480,bb_V0033,,data/train/images/bb_V0033_I0004480_jpg.rf.e55c58b82ea546f9fbfc90ff8f8b7007.jpg,legacy_train,e55c58b82ea546f9fbfc90ff8f8b7007,594656558c480c04daa2043e2278e16bcd8e08a33d86a86d954c6e64845c4606,4629d253f6d729d0dfc7aa0bfbdb38671a3ed4caca4c79ff6d9e0036c78e79bb,1920,1080,2,historical_train
bb_V0033_I0004480,bb_V0033,,data/train/images/bb_V0033_I0004480_jpg.rf.e7b2f18f98b55bce1d12dcb47b00fcbb.jpg,legacy_train,e7b2f18f98b55bce1d12dcb47b00fcbb,8d714e0fef59ef52aac19611a5c69462e906e413fa910ca62e637c280977fd0e,3f2df494ca9bbcce73a4712ee5386ca065057e23f22b8fba888d6049e9d3b18d,1920,1080,2,historical_train
bb_V0033_I0004560,bb_V0033,,data/train/images/bb_V0033_I0004560_jpg.rf.01467c3fa865728a126f9a950b2ae7da.jpg,legacy_train,01467c3fa865728a126f9a950b2ae7da,3204c7e35b8f9d71789b2cc23d1e9d515a7f305333c13040a845c52e7faa9d4c,286b4fbc94b72b6f2d35c1f79cb922490bcdc0f064d2fa7ab4abf14bdddd58ff,1920,1080,1,historical_train
bb_V0033_I0004560,bb_V0033,,data/train/images/bb_V0033_I0004560_jpg.rf.870b0e88dc53c201023fb41768cdbeed.jpg,legacy_train,870b0e88dc53c201023fb41768cdbeed,b937cf5e31f38848a8be51a810e321b53b88162db771e0238bcfd3d88a9d6764,c9ea7f1514aeca4a16994c13e962ca98c764a20b8e687df740e15c5ccc336751,1920,1080,1,historical_train
bb_V0033_I0004560,bb_V0033,,data/train/images/bb_V0033_I0004560_jpg.rf.918a9079826ed9e4dcde12cf7aca3fbe.jpg,legacy_train,918a9079826ed9e4dcde12cf7aca3fbe,c14012da2a61b078b527c269d2419c2fc5c3309e94db9d84f8ae27b6916705a7,95d09543d09e08dafdbaab611a0d153a67ced98248f8c95a62d3fd7318e1471c,1920,1080,1,historical_train
bb_V0033_I0005360,bb_V0033,,data/train/images/bb_V0033_I0005360_jpg.rf.69f3dde9731748047b1dcbba7bce96e7.jpg,legacy_train,69f3dde9731748047b1dcbba7bce96e7,142d7464a92d372dcd84ce5e06017decd6d8b2a70bb6232449cd3357a87ad6d5,9c5bfb8e6fcd1dd0195a15287273aabe76a33882cf94070fbe30e45b3d669108,1920,1080,2,historical_train
bb_V0033_I0005360,bb_V0033,,data/train/images/bb_V0033_I0005360_jpg.rf.c8d6826da46a5925ea5862317bf9ee87.jpg,legacy_train,c8d6826da46a5925ea5862317bf9ee87,2f7dc0f2e2311317755ac9ec1734f07cc16797a3f91746169e38d89605567a32,fd82a59453e2cedd65916928d094ca324ac79fa320dd1b05f977470c2d01cbbc,1920,1080,2,historical_train
bb_V0033_I0005360,bb_V0033,,data/train/images/bb_V0033_I0005360_jpg.rf.c8d79b5e24fa79631359226136a060e7.jpg,legacy_train,c8d79b5e24fa79631359226136a060e7,48fc490929d8590c18d5b081e77138e6ac479c63512114ba7a4cd34cbbd6fc00,4c804bf807f3e778f356f6ba80c665ae5377b8caa78fbfe01ea32a6ce2fac847,1920,1080,2,historical_train
bb_V0033_I0006400,bb_V0033,,data/train/images/bb_V0033_I0006400_jpg.rf.290d51db926f3eec395a2d136e96396a.jpg,legacy_train,290d51db926f3eec395a2d136e96396a,fa3a6a90a323b451286f1c3ead8e5a1c7a2816304e830174b3f18dba8c0f13fe,f674e89bb85b16dcf6092cb17f2d1f976dd3fc29d25a38ed7fb74a2a4712cb4e,1920,1080,2,historical_train
bb_V0033_I0006400,bb_V0033,,data/train/images/bb_V0033_I0006400_jpg.rf.4c5f306f9344b87a04f735ed9c1199e3.jpg,legacy_train,4c5f306f9344b87a04f735ed9c1199e3,6142a4270c86bd0aee2da74669361b3ea34866da792e58ebcff2e6d49214bf98,70de4a332868bfce3b750d7cf46547fd6d6ef14f923dbc5940546ec23143b252,1920,1080,2,historical_train
bb_V0033_I0006400,bb_V0033,,data/train/images/bb_V0033_I0006400_jpg.rf.c224888e2641afb7c0a25deb4e3a5886.jpg,legacy_train,c224888e2641afb7c0a25deb4e3a5886,2ce80e9daacdcfc40f0da311fa973b4d8eeb8b74b9f0115c53299b509ec977d5,c11cb56e91c27cdaf8e71f361b5925c06ebed9923228cde09c401f30e4955e09,1920,1080,2,historical_train
bb_V0033_I0006640,bb_V0033,,data/train/images/bb_V0033_I0006640_jpg.rf.341bdf95541189b4e6031d424d597ca5.jpg,legacy_train,341bdf95541189b4e6031d424d597ca5,dc8e55b5de3700bd8dcdb4a630ec4e09ebdc9d6ecabc28fe5f459096741439bc,0dbbd903748bb9ee031d62fbbdac2899cf524613b3a9bea9e0f4838387aaf80b,1920,1080,6,historical_train
bb_V0033_I0006640,bb_V0033,,data/train/images/bb_V0033_I0006640_jpg.rf.547e31321de6fdf211237b99adc71166.jpg,legacy_train,547e31321de6fdf211237b99adc71166,623efcc59df77427fa4f8590549041816dc1e533c3ce1cbfbdaa0411989e307d,621ac5bef86e51eedc51ca074d7ebf8648067535c9290f30ba16820f1aa1144f,1920,1080,6,historical_train
bb_V0033_I0006640,bb_V0033,,data/train/images/bb_V0033_I0006640_jpg.rf.eb8fb44ce7739d715bbf02bf4e3f854a.jpg,legacy_train,eb8fb44ce7739d715bbf02bf4e3f854a,b17d8d94908074f04b87a5583a101cf7cbc5ad6e92617770f2b5d88ae66d91b0,b0276d156a1fa2f7ed75af94c5e9050af615435b6eb5e5014ebd76db6f277d24,1920,1080,6,historical_train
bb_V0033_I0007400,bb_V0033,,data/train/images/bb_V0033_I0007400_jpg.rf.4add8e0e0b836d37b23105603296dd73.jpg,legacy_train,4add8e0e0b836d37b23105603296dd73,89c707672b0a057a4bb62c9f8a405f0396820ce4dc6a44f96dd3f7d63f2fd905,a6bbe17f661a1d8ab8439606aa9f694bfb9c5d5a1a25110743778bd355a1c93e,1920,1080,8,historical_train
bb_V0033_I0007400,bb_V0033,,data/train/images/bb_V0033_I0007400_jpg.rf.bcbf36fe82063f88dd3c39c8ee9c9dcf.jpg,legacy_train,bcbf36fe82063f88dd3c39c8ee9c9dcf,44e1a3d82c12e493b3c61f4fb85925ef658446c427a6ee826bbe691f2a50e83b,388f1dcaf4017f894f4137e6e29baf450fbe05de45ff672030a611427ef171a5,1920,1080,8,historical_train
bb_V0033_I0007400,bb_V0033,,data/train/images/bb_V0033_I0007400_jpg.rf.d9fdfe3e06c22315877252774510c175.jpg,legacy_train,d9fdfe3e06c22315877252774510c175,e9cbfc50d5daccc8383173d67cca442d99d255172f6567b4c907efde53bbeee3,d80a2f993b4d21d9398f897e41393c78f8094a2832752a3da4f5b36c84ae1609,1920,1080,8,historical_train
bb_V0033_I0007480,bb_V0033,,data/train/images/bb_V0033_I0007480_jpg.rf.2cc8eea4841ed3ac3b0fbf901066c4dc.jpg,legacy_train,2cc8eea4841ed3ac3b0fbf901066c4dc,cd92c29cb994bbdefecc9d4c6a95f2f1157b063450a3c02e4fa40b7400d24655,30e463f18c5aeb2221c57c133fe1d90985cf18b19473fb3808288d4a83ed1704,1920,1080,8,historical_train
bb_V0033_I0007480,bb_V0033,,data/train/images/bb_V0033_I0007480_jpg.rf.724e1c6c1d9371436d9bf6c9984a2ae2.jpg,legacy_train,724e1c6c1d9371436d9bf6c9984a2ae2,1a38eb7093b7eefe60b939d2276a5b4365a157fb5d3a646dd4237e7f07290515,08038bd1938bca94789b25991c1e39d5d10d51ff6e5369d8e84bc7c047e1bab1,1920,1080,8,historical_train
bb_V0033_I0007480,bb_V0033,,data/train/images/bb_V0033_I0007480_jpg.rf.a64b4607380c41d1ebdfd35f403e349b.jpg,legacy_train,a64b4607380c41d1ebdfd35f403e349b,8933652c1967f4fa9b2a4153064cf99307224322919288a8a17d993fec5ae1dd,f70fd7bfc3bc821474957d9faf0d3a26fb6abf1560b4f7e6dade263e2dcf762e,1920,1080,8,historical_train
bb_V0033_I0008080,bb_V0033,,data/train/images/bb_V0033_I0008080_jpg.rf.01ba273d44e011964889ca7a79b4a579.jpg,legacy_train,01ba273d44e011964889ca7a79b4a579,ee4f18c6b137856954fdd96299e30ba2b2eaffc8ac246393a44881c1fec85c28,b0b8c91780825f6638206c6da54e1829dbee8bb50351e3a0ba23bcd97a51bdcd,1920,1080,62,historical_train
bb_V0033_I0008080,bb_V0033,,data/train/images/bb_V0033_I0008080_jpg.rf.8ba80b3598e4fc0feb04542b20205ec4.jpg,legacy_train,8ba80b3598e4fc0feb04542b20205ec4,83e716db599e449f58c4455d9ff22fe83d0b1f7dff0e549f75845dade473c001,30125b89421d269ea31cc5e23d0f4b1f18c79892f6d7724df529669a57db693f,1920,1080,62,historical_train
bb_V0033_I0008080,bb_V0033,,data/train/images/bb_V0033_I0008080_jpg.rf.aa91762eb15c6b7bd35a9bf4644345d3.jpg,legacy_train,aa91762eb15c6b7bd35a9bf4644345d3,09e13c74bea6ef25601d9e13dd7b6d12da2868c20b6da1827bfa162c4abf80ee,b625cd5582d12bd1aacbd23840c6d22b8a793aa1eca251f198626897e0bf6061,1920,1080,62,historical_train
bb_V0033_I0008200,bb_V0033,,data/train/images/bb_V0033_I0008200_jpg.rf.128ffadb2d070a07822db2f1961494de.jpg,legacy_train,128ffadb2d070a07822db2f1961494de,e20de54eed18dcaf6d76bb65112b119825417d6a6d16870f58775fbdc1082f58,7e7fcbfe9c7d076c3083f116ec8d884f58dcf5ca25fda02a7b5c165003b5c6a7,1920,1080,60,historical_train
bb_V0033_I0008200,bb_V0033,,data/train/images/bb_V0033_I0008200_jpg.rf.87794a1908da8dbccb4e7ea432e84ee9.jpg,legacy_train,87794a1908da8dbccb4e7ea432e84ee9,850157671304912f0b3c06c345f95bf80971907906bb6b7f5e30656a42076277,0627e89008c98b760e0f2e73657e1425ad4b415ec3eb7002f00f246773cf0f4b,1920,1080,60,historical_train
bb_V0033_I0008200,bb_V0033,,data/train/images/bb_V0033_I0008200_jpg.rf.bc8765ecfa9195a9366dab239bab3a1b.jpg,legacy_train,bc8765ecfa9195a9366dab239bab3a1b,b6ce4f32b1492c139cf50cc7111ad7ea25e2d9c62376100943e91f0256a2bd82,0b4cf9b440629d9ecc2407992ac71edf78cdc93db2ae412f883ddf0c3da729d1,1920,1080,60,historical_train
bb_V0033_I0008840,bb_V0033,,data/train/images/bb_V0033_I0008840_jpg.rf.1be242ada95f26c127f2fe65036e823d.jpg,legacy_train,1be242ada95f26c127f2fe65036e823d,604f7d79b2f4d78f5b202571006b1a0a27c9da07b574bcb2b56ba10f43c5fba4,70ac8464418ca7c80a17da1df075ced855307e8470d312bbb048c219cb91734a,1920,1080,1,historical_train
bb_V0033_I0008840,bb_V0033,,data/train/images/bb_V0033_I0008840_jpg.rf.8262cce976f3c8922d19d8ba6f29bcfa.jpg,legacy_train,8262cce976f3c8922d19d8ba6f29bcfa,0bd9d6507a266dab32b11b45ea0f2a3c93de271ff8c8c5e00ebf1c83e99991ec,f967f8a1222e837c1242be5737a68a94656056cc46c7770aeb976c0d619384dc,1920,1080,1,historical_train
bb_V0033_I0008840,bb_V0033,,data/train/images/bb_V0033_I0008840_jpg.rf.f491a36690b26ae11f2111621b09d93c.jpg,legacy_train,f491a36690b26ae11f2111621b09d93c,c7a5085aa1dbb1b37adcdd4388354acfec023e84c6c1e62a6bd424d8d1382f8d,93e75886ca5ef18900f4662575fc910394964f2953a5c563d2d6a64bd4589c11,1920,1080,1,historical_train
bb_V0033_I0009280,bb_V0033,,data/train/images/bb_V0033_I0009280_jpg.rf.c6e1b19f8db28b688852409be0a5f631.jpg,legacy_train,c6e1b19f8db28b688852409be0a5f631,10f57bc5702a6d9b04d354ebcb00476329889990d5d5e4dba7b61186bd4f45d1,3a0e4c548c87dfe688368b6fb239841d920a47aca460a6755df570ef2b31da38,1920,1080,2,historical_train
bb_V0033_I0009280,bb_V0033,,data/train/images/bb_V0033_I0009280_jpg.rf.e38d3c36fdeb4419b39985bf178a8c3f.jpg,legacy_train,e38d3c36fdeb4419b39985bf178a8c3f,020235e69f1824710b854195da6416ad37588183f1aa3b544f09a4a88ce4d939,6d5c965c0d36a20ae5dca10b73ef18d9ee770b5ef1d4680a268392c7801fac13,1920,1080,2,historical_train
bb_V0033_I0009280,bb_V0033,,data/train/images/bb_V0033_I0009280_jpg.rf.fa618f309611a2deb9416eba4da02819.jpg,legacy_train,fa618f309611a2deb9416eba4da02819,69d9bad185dad66a1ed3a667149f34d04fecbdb3d0cc4c3e270e13f9014a115a,6c91ea74e1c81b67aa877068b2d83fd23132430ceb80d63e46cf1b8b286f03cd,1920,1080,2,historical_train
bb_V0033_I0009320,bb_V0033,,data/train/images/bb_V0033_I0009320_jpg.rf.aef9a6ebe23422d76699b335cc9b077d.jpg,legacy_train,aef9a6ebe23422d76699b335cc9b077d,dcdcd028ae4fae183b56ce8d5e4594124a6984a9f8598f866fe008881193b0fd,0e1af4738a74f4c3d911d95f8c8b3208abef24fc43edd7aef8319b8f3d39d8ce,1920,1080,2,historical_train
bb_V0033_I0009320,bb_V0033,,data/train/images/bb_V0033_I0009320_jpg.rf.d284b668195f6d4fd7d9d93b27d42880.jpg,legacy_train,d284b668195f6d4fd7d9d93b27d42880,f8a8f779a3ba917ac667a41a8eb4fa1a1724a49576bea012ebfd4d02ab3d86dd,d3176663f5d6fd16b2225a3064063a53936954529414bd04f1a9b9956a865127,1920,1080,2,historical_train
bb_V0033_I0009320,bb_V0033,,data/train/images/bb_V0033_I0009320_jpg.rf.d75983413f6dbe922f7293f7c09e10ae.jpg,legacy_train,d75983413f6dbe922f7293f7c09e10ae,be529d17da1b29e34f68c13ec985e9db1d304c48cc4d7b2fff6e551516e5ad93,119c667bdebdf3e684b83f224c40e0766483fb68c194ef5417e4a70528accc3b,1920,1080,2,historical_train
bb_V0033_I0009440,bb_V0033,,data/train/images/bb_V0033_I0009440_jpg.rf.4977a2c67c86980b4bb63324e3130f5d.jpg,legacy_train,4977a2c67c86980b4bb63324e3130f5d,fb4b9586f427fb800433fbb28702889f837f17e328008ab52e1093d46a39e8dc,a902ad1ee3e14313bb946f1abd9abbf68d18187aa0768b280f8b9a7ee9314071,1920,1080,1,historical_train
bb_V0033_I0009440,bb_V0033,,data/train/images/bb_V0033_I0009440_jpg.rf.a0dbe5e117e88a7116a9bb564d01728c.jpg,legacy_train,a0dbe5e117e88a7116a9bb564d01728c,6772b7d3e852e8473a5960f2342cb9c5bfc0a06d6f816e509c8b7ff4c40a3a12,3ee5555991d21768966cc3565b5e2645c16d263b9dc8086efde37f1757c1ae9c,1920,1080,1,historical_train
bb_V0033_I0009440,bb_V0033,,data/train/images/bb_V0033_I0009440_jpg.rf.e8528dc10e8e08df5a8c02132ab9d3d2.jpg,legacy_train,e8528dc10e8e08df5a8c02132ab9d3d2,165e1a4ea1cf65f22dc68fe0c3afdd03bfc1a0b6c174476e9f92817bde11bec9,384d14e13648b91f57ae8ebbf67f549b197ed8d3861566a3a1343179a33feeb9,1920,1080,1,historical_train
bb_V0033_I0009480,bb_V0033,,data/train/images/bb_V0033_I0009480_jpg.rf.20821ac5ddc45ae0dae45b3d60a15606.jpg,legacy_train,20821ac5ddc45ae0dae45b3d60a15606,2e667ac58eb370d20a83c25dd4aa121681158f84f62af83d14d5320d54b60c2c,9fdda18c627367ae998c8074edc7a82ea5cbc75497f6a49ac9d480c8753ef41a,1920,1080,1,historical_train
bb_V0033_I0009480,bb_V0033,,data/train/images/bb_V0033_I0009480_jpg.rf.8481a20cdbefa1e9218da0e39f18dbd7.jpg,legacy_train,8481a20cdbefa1e9218da0e39f18dbd7,3522fed5818b34b76026cd73b9daf72b7c8a9bf963568ddeb47833a4727fb1c4,9ca00ca6934c7b69494d64d0e04ab2cef313c9bb721c654589450b5f39b364a8,1920,1080,1,historical_train
bb_V0033_I0009480,bb_V0033,,data/train/images/bb_V0033_I0009480_jpg.rf.ca14ba5cb69fabfe45aa5daa6a108d88.jpg,legacy_train,ca14ba5cb69fabfe45aa5daa6a108d88,de0a337fa5543397d6e03ad98ff81af1facbfe3280f355fae675d3fe7440855b,ad7c1935c0b0f359c410111cfa0cac1c7203209faed0e8df20f427a6333db3bd,1920,1080,1,historical_train
bb_V0033_I0009520,bb_V0033,,data/train/images/bb_V0033_I0009520_jpg.rf.7f6db821b6ce9697c991489ea405d39c.jpg,legacy_train,7f6db821b6ce9697c991489ea405d39c,e718dda9276e1da8fa409ebd649fc0cd80c5d0a7e9c0d63b49af79baef2e001c,b1444e4f7d086ef476563d81eabad2f99775320c469f26ef837696713ba1ef69,1920,1080,1,historical_train
bb_V0033_I0009520,bb_V0033,,data/train/images/bb_V0033_I0009520_jpg.rf.c8d617fd1d5f1ede8c297a3c336fc8ed.jpg,legacy_train,c8d617fd1d5f1ede8c297a3c336fc8ed,96c91939c2c43d0e9ea5f4b3ad492201abfc6837b127b6ac65bd0e6a0336597d,c646743290c324aabab03179b176dc007f5a570f647a62cc7175b1421383f02d,1920,1080,1,historical_train
bb_V0033_I0009520,bb_V0033,,data/train/images/bb_V0033_I0009520_jpg.rf.d1f02cb51d3675b953065d929ff0a7ed.jpg,legacy_train,d1f02cb51d3675b953065d929ff0a7ed,13b49c0823720ca4d399bb430e3124d8596eb5498026ffd15a2b78fb64595f42,5ccde0e906cdc558856ca68f1226670c557305cbc9e827d1a3b209f50ff83208,1920,1080,1,historical_train
bb_V0033_I0009640,bb_V0033,,data/train/images/bb_V0033_I0009640_jpg.rf.a6280f7b34bf27aab6f41ae0392fa559.jpg,legacy_train,a6280f7b34bf27aab6f41ae0392fa559,fced4cde5749550118cf3a25b72bb1a6ac1dfb322baf3075c4117da9e84a3616,2447c422a430afa5519c6d36e8d391304cdbe64642d793bb4be96946229fe890,1920,1080,1,historical_train
bb_V0033_I0009640,bb_V0033,,data/train/images/bb_V0033_I0009640_jpg.rf.f262079aaebc37b78e0393f1dcff1a41.jpg,legacy_train,f262079aaebc37b78e0393f1dcff1a41,ceda7ddecaa3ddb8c5e67c0785b8a95dd81d5b0d8d518dc5cb29dd67773d902b,73753ec6d2bbcb2de8375511e11019251214b5c52d3320d4a92657496965f7ac,1920,1080,1,historical_train
bb_V0033_I0009640,bb_V0033,,data/train/images/bb_V0033_I0009640_jpg.rf.f66bd30720ae8e7c3bc1e550683ba833.jpg,legacy_train,f66bd30720ae8e7c3bc1e550683ba833,2ba5a684f36444ce6d9dc9ef3623c5ec8f2e8410588aa9de2ce5cc7e0f32b038,2631fd65678c03381ec4e79256f97b3c48716e9f1831f40c59faa98c8e866e59,1920,1080,1,historical_train
bb_V0033_I0009800,bb_V0033,,data/train/images/bb_V0033_I0009800_jpg.rf.1d4cc3789555d015d23002407e01e648.jpg,legacy_train,1d4cc3789555d015d23002407e01e648,90d86afcf1f116b4db89b296080458c0c251f61c5b92718279d18a9404843a9c,89ceb96e69585b1c2845628a1ca27f4df7f099cec62c1d307189210a173651d2,1920,1080,2,historical_train
bb_V0033_I0009800,bb_V0033,,data/train/images/bb_V0033_I0009800_jpg.rf.42df731448237d75cc6600913f4d6ee0.jpg,legacy_train,42df731448237d75cc6600913f4d6ee0,9dbd2394d3c9480400a9c1f5071cda200da46843a845eedeff740c25d8961156,b4393bb06a1755d45170ca89414f392bc62771d850ee5a30ba3152c8de8b7a8e,1920,1080,2,historical_train
bb_V0033_I0009800,bb_V0033,,data/train/images/bb_V0033_I0009800_jpg.rf.9b6fda654e1549c477b65b45a9176130.jpg,legacy_train,9b6fda654e1549c477b65b45a9176130,fe7ce19641b48ea682634cfa902af276ecb53000f05400c23962f948249caa9d,7ce009da18b93515e4c93ffb145e5a996de1244f0ed7bf7984b36769bceadb3d,1920,1080,2,historical_train
bb_V0033_I0009880,bb_V0033,,data/train/images/bb_V0033_I0009880_jpg.rf.be0959c3f7106c13bfd0e567858e1127.jpg,legacy_train,be0959c3f7106c13bfd0e567858e1127,50f79b23d3298659c758eeb82def3c7ea76b1e48c360703266aad4e3e16b37fb,6ad36532e29e502bc8534360f50306dd13df7a0265c2bc756a5b5d5b2c92603c,1920,1080,1,historical_train
bb_V0033_I0009880,bb_V0033,,data/train/images/bb_V0033_I0009880_jpg.rf.c2bb6686cf13609cbfe3fa512bb07768.jpg,legacy_train,c2bb6686cf13609cbfe3fa512bb07768,727e12dc73ad9d259f97773a5fba88dd407fc4c5c5d53e0720c8a3bc53c5eb09,169c67bc9d6e8cf7f69da5f17a753d37c8335862552f5e3b4db7d4973d4675e0,1920,1080,1,historical_train
bb_V0033_I0009880,bb_V0033,,data/train/images/bb_V0033_I0009880_jpg.rf.c43d1775711a7f9d50e699d8515a2a3c.jpg,legacy_train,c43d1775711a7f9d50e699d8515a2a3c,d6f44c93352ad504649bc6111b307991372c77ab327963eb1efbb3bd70875d3c,45cc7f8dccbc8565781cb58386ae03ee30618f970f49ae733f275b2e037280e1,1920,1080,1,historical_train
bb_V0033_I0009960,bb_V0033,,data/train/images/bb_V0033_I0009960_jpg.rf.4bdd0c28083ecc3a00798aa4abb94b16.jpg,legacy_train,4bdd0c28083ecc3a00798aa4abb94b16,c4b3b54733220758b85a757644f6a322f43a7c0788195882ecf7dfef84dc9b1b,446d47484529c0fb52a11c63a66f018dc914d2b6853d8f6476e7d4a3d7974e1e,1920,1080,4,historical_train
bb_V0033_I0009960,bb_V0033,,data/train/images/bb_V0033_I0009960_jpg.rf.590b1373759e14b730da38952f1c1548.jpg,legacy_train,590b1373759e14b730da38952f1c1548,ba3a8f6f48998ed47979068045a0ff05ef8a56c94f0822e9454fd83d494cafdc,d68e724793d7a80c08f96ba831d6535124a5f54a5a7305b856c5950c503e9d0f,1920,1080,4,historical_train
bb_V0033_I0009960,bb_V0033,,data/train/images/bb_V0033_I0009960_jpg.rf.ffc8f0dd0afd8ff0ee1f130e409b3db0.jpg,legacy_train,ffc8f0dd0afd8ff0ee1f130e409b3db0,df06785b017ed9a76a217b25bd037392ff438a2a8fed080b7a4cc0e8a263d4c1,c93e87ae21fbcac7242354c898445cbbaf417fb3127d523eb6cff6c2e00f4dce,1920,1080,4,historical_train
bb_V0033_I0010280,bb_V0033,,data/train/images/bb_V0033_I0010280_jpg.rf.13f6a07ce3d208c4f50cf540ada9bc94.jpg,legacy_train,13f6a07ce3d208c4f50cf540ada9bc94,64f1721100277ff53e41727dff9c390134d00e02f4e93e43a382b8f788da07f5,d031e3c6c71c89183a13a058ba4cada40f8f9f03cd5c452a09a039c99fdeccad,1920,1080,1,historical_train
bb_V0033_I0010280,bb_V0033,,data/train/images/bb_V0033_I0010280_jpg.rf.4037657ffbc0b29fdbeaa11a9107e577.jpg,legacy_train,4037657ffbc0b29fdbeaa11a9107e577,2cdecdc5293b4365abb4308bf850346c2b581d093b0e5091beab61bcee8e04d6,eef9180ca771d412df2d7c873499601410707b4eb1ae4350845f63774f6cbbea,1920,1080,1,historical_train
bb_V0033_I0010280,bb_V0033,,data/train/images/bb_V0033_I0010280_jpg.rf.e89501b754aba03fbb6473d169eca7d5.jpg,legacy_train,e89501b754aba03fbb6473d169eca7d5,ac616083ae4295aea49b467589140be3603342c1b232d38b40adb9c4f44a9f06,bf0751df96add78c9bae259077e11a899c3fae0d8803036b9c1793f3512898de,1920,1080,1,historical_train
bb_V0034_I0000320,bb_V0034,,data/train/images/bb_V0034_I0000320_jpg.rf.6d1253feecafa7735ae6ce3f032cf83f.jpg,legacy_train,6d1253feecafa7735ae6ce3f032cf83f,14a9d575cb41dc46b0cddb0c9df96c3f90b56314b166eaa6f4c1de88b01a6d61,9116fa74f532c6ee5dd549579716bcdb29bd5cc550020ca415f37e18723e7ed2,1920,1080,1,historical_train
bb_V0034_I0000320,bb_V0034,,data/train/images/bb_V0034_I0000320_jpg.rf.9ab655c32118f8fc2c868bf27aff3e3c.jpg,legacy_train,9ab655c32118f8fc2c868bf27aff3e3c,02fb36c173272ae149ff64c044a1094b8efd99179f6afb3fe643f6dfbcd47b8f,75d7f4d6b44485473f544856384698108ac833f7d010168a76f48455ba7f562e,1920,1080,1,historical_train
bb_V0034_I0000320,bb_V0034,,data/train/images/bb_V0034_I0000320_jpg.rf.b919bfdea2ce4f131f92e314ab76f81f.jpg,legacy_train,b919bfdea2ce4f131f92e314ab76f81f,cc84d5328a3202d2e631802cda632cbfc2c98d0eca8a51bcaa80599b2a7b3afb,b511c98a9445a9e3504ee5e61a699c180ea98968a3fc85a64aa8d40aba24d6c0,1920,1080,1,historical_train
bb_V0034_I0000600,bb_V0034,,data/train/images/bb_V0034_I0000600_jpg.rf.70515cbabc2d37d0f5f2f6e032394673.jpg,legacy_train,70515cbabc2d37d0f5f2f6e032394673,9837dd0761390aae009ac01bed98306c493bf760fc02d49d82fc3b6dcfca45da,09d25ca2f81c1298801622bf2651ca85991ceaaa4dd965101855c1263c6aac7f,1920,1080,8,historical_train
bb_V0034_I0000600,bb_V0034,,data/train/images/bb_V0034_I0000600_jpg.rf.8e16ef38bd6d021b48892ac998003b23.jpg,legacy_train,8e16ef38bd6d021b48892ac998003b23,d8a3074db08fba1a26c83d47b86e42debd188ccd4a747345747dca3b11bbfff2,5b4ba2effd42bb8ef0532c1927a5f5a24d7a753cb8cdd2daf1d60397cc66ed2c,1920,1080,8,historical_train
bb_V0034_I0000600,bb_V0034,,data/train/images/bb_V0034_I0000600_jpg.rf.d96fc6feb3e15c36709f6d3b0910de8a.jpg,legacy_train,d96fc6feb3e15c36709f6d3b0910de8a,d4820bb5680fe1977887c31c64cf0f471016de505ae4b75f43a267cc0fd4abeb,525ccfb34617d923ee27e3a27388988fa45b19504dcaa114e2818e72d8040c4a,1920,1080,8,historical_train
bb_V0034_I0001120,bb_V0034,,data/train/images/bb_V0034_I0001120_jpg.rf.10cf51e95fe26a16677adf2fc863c3f1.jpg,legacy_train,10cf51e95fe26a16677adf2fc863c3f1,fc0844dc46d78c2659f03d6bd48982dd89dfac968602a40b28e9b8b7d84baf76,8fab45f9b358d7fd2c3af132333dffad443ecee12b4ff931e457591859005ee9,1920,1080,108,historical_train
bb_V0034_I0001120,bb_V0034,,data/train/images/bb_V0034_I0001120_jpg.rf.74246c78862c86d34045417bb0270815.jpg,legacy_train,74246c78862c86d34045417bb0270815,8e8b54260067c99a22c89b5d7b3b4cb9c8c093cac215d3869208abd31eaa2454,272c1686ed1c18b926a96ab00e9ae36f12edaae04baf2f84af9d97d6b936d738,1920,1080,108,historical_train
bb_V0034_I0001120,bb_V0034,,data/train/images/bb_V0034_I0001120_jpg.rf.891271ce9c9f4726715c3b1d671b21cf.jpg,legacy_train,891271ce9c9f4726715c3b1d671b21cf,70b23ac91e7eff57047ede14380cdb9390992333c4fa1884cd4c598b5c9b328d,b58c0ca2573bc9bcb73ace621980e7385f6ca5c118a25bac834185e119c53480,1920,1080,108,historical_train
bb_V0034_I0001160,bb_V0034,,data/train/images/bb_V0034_I0001160_jpg.rf.adffe8dd043a552a47aad32567635b0a.jpg,legacy_train,adffe8dd043a552a47aad32567635b0a,cee827713764a89c6bf305643716ca16e5135633a8453752dc1f4c4927e5c4cd,4b7bbee513665dc4beddc57edc5e67c7d059c194509384d546419aff0c73abfa,1920,1080,89,historical_train
bb_V0034_I0001160,bb_V0034,,data/train/images/bb_V0034_I0001160_jpg.rf.cb2f77dbccd9c3f56e3db3434bf4cbc6.jpg,legacy_train,cb2f77dbccd9c3f56e3db3434bf4cbc6,9a6316eeaaeb921c8bd9089e22c4e7e5c9be99efeaba51199ea03e700b74f673,dd0cf8bf340f796234edf9b1319ff04f1c05805090b46df5e1bbfc51a458a6b3,1920,1080,88,historical_train
bb_V0034_I0001160,bb_V0034,,data/train/images/bb_V0034_I0001160_jpg.rf.e01aac94ac9f44bcc50b350a2df162c3.jpg,legacy_train,e01aac94ac9f44bcc50b350a2df162c3,5e6f2a3d63ac9aa7170c6b81322665049bf4e211e7fa55152efb54ac8630cc77,7c83831342bd5ee554c6ca89cf8fc44936c689693854cee7e9d42c3428012bb2,1920,1080,89,historical_train
bb_V0034_I0001200,bb_V0034,,data/train/images/bb_V0034_I0001200_jpg.rf.520800663ade2c08b42bbabf4f4cd69f.jpg,legacy_train,520800663ade2c08b42bbabf4f4cd69f,a65b370ed1bfef32c27f51d23011debcab7fa105448812cf153123543f0a09eb,21389e7f6c4f107c017ee5857ed80211859ec7e9c691a974162b0c6ea1fee11d,1920,1080,63,historical_train
bb_V0034_I0001200,bb_V0034,,data/train/images/bb_V0034_I0001200_jpg.rf.88f10fe71a9381f61fdf71892243b9bf.jpg,legacy_train,88f10fe71a9381f61fdf71892243b9bf,143a6d61268c3bff20ce1ac680fd7b69e358cc07716e9f4e30e2e1f60f917aad,8d145e57a48717a260b6cf8715400e81a63695fb600facf6df962acdc1bbcc3c,1920,1080,65,historical_train
bb_V0034_I0001200,bb_V0034,,data/train/images/bb_V0034_I0001200_jpg.rf.de934b236a1f7c484c65ae847ec47ed9.jpg,legacy_train,de934b236a1f7c484c65ae847ec47ed9,366384cfa2686f5564fd5a16ea0c14eba11cfbef982894ed744e97caa27ecb69,3674f15a831350b6cf4b8b37bb42cc3e9ddafb268b17f8cf68174efc72c38d37,1920,1080,65,historical_train
bb_V0034_I0001360,bb_V0034,,data/train/images/bb_V0034_I0001360_jpg.rf.b586c42495c143e86d4d78e5b4ea68e7.jpg,legacy_train,b586c42495c143e86d4d78e5b4ea68e7,2e8232f7bf10b5f980b28e0c1e2cc267f967d28cb2f43cef083a1d49099529b9,03ce235196741f7f367ae20293b860d2af71ef214221d72a46dcf623ac70a384,1920,1080,122,historical_train
bb_V0034_I0001360,bb_V0034,,data/train/images/bb_V0034_I0001360_jpg.rf.e42ee6f0a6e271621b5bbe5c80f88655.jpg,legacy_train,e42ee6f0a6e271621b5bbe5c80f88655,f75ce1deaa9502bfa0c95545c98020c36889953146699995917ebea86147e9c0,13ae7576ba0b6fa73b65a5f2a29594d4986bc11e71dc7bec1bf6c3ebe65a8796,1920,1080,121,historical_train
bb_V0034_I0001360,bb_V0034,,data/train/images/bb_V0034_I0001360_jpg.rf.f00eed45f850afb24eeef7f87a5bd9b1.jpg,legacy_train,f00eed45f850afb24eeef7f87a5bd9b1,46c5ecee5a23da616124443df7f7228202a9cd7c4d29854c06a9ce6e30609455,6737559d0b7055f6518e2daaec604d9623135e6fd494675c97a2d02c1d4f2500,1920,1080,121,historical_train
bb_V0034_I0001600,bb_V0034,,data/train/images/bb_V0034_I0001600_jpg.rf.66b8461464767b9e3809867102e79b4c.jpg,legacy_train,66b8461464767b9e3809867102e79b4c,6a6d4dda082f2b942c303758e4f57adc3946cf06fece86ebec529127e7a0b3c9,ed9907af0e6a7c0a403a766b6139a8d0a6580e9e52589ccdbdacc6980d3046c5,1920,1080,57,historical_train
bb_V0034_I0001600,bb_V0034,,data/train/images/bb_V0034_I0001600_jpg.rf.bfaacebb0bc54809fbe54eba672e7218.jpg,legacy_train,bfaacebb0bc54809fbe54eba672e7218,da8c75ba4dfb0de8fcd85f041d1a0e13c286f0b89a5ecbaa9a3967dbaeff0733,d5dbd2c43415361a20f8ead46d9c974f0fbe3529e44a20bc9bc4f8c17ac63266,1920,1080,57,historical_train
bb_V0034_I0001600,bb_V0034,,data/train/images/bb_V0034_I0001600_jpg.rf.ecc03f3b6ec210795f65b1e96fb141aa.jpg,legacy_train,ecc03f3b6ec210795f65b1e96fb141aa,0e45997c736aaebb6376e5999d87901ec7877f73285db72b2abbc3c3328d1dbc,11720ede161d678387f60ab8ffd5073c6c59249fc2d2fd6f6edf486050172126,1920,1080,57,historical_train
bb_V0034_I0001640,bb_V0034,,data/train/images/bb_V0034_I0001640_jpg.rf.086e3357ad5024a3391fff64f89235b9.jpg,legacy_train,086e3357ad5024a3391fff64f89235b9,a1105dcb22dc1612b8a4ae481d7ad531bf6df7bcfd58ede8b60687a9fb2c5fed,1d17b5cb2a63a2bcdd59f8217a6b06a65dfbc0ec385c61c24e0ed39f2f6f197d,1920,1080,8,historical_train
bb_V0034_I0001640,bb_V0034,,data/train/images/bb_V0034_I0001640_jpg.rf.352bd0adf6398bbe0bb90926a944bb59.jpg,legacy_train,352bd0adf6398bbe0bb90926a944bb59,30b27c9827fa53e9720dcc5f962d36625f254a7470c1019acf66d4986c57a647,6f1f20a29cfcec07fb85184c0a28df80f13d3cbac89a7aae69eff4c6f9918fc6,1920,1080,2,historical_train
bb_V0034_I0001640,bb_V0034,,data/train/images/bb_V0034_I0001640_jpg.rf.7ae4cc8bd99a117f6bec422d3bf28532.jpg,legacy_train,7ae4cc8bd99a117f6bec422d3bf28532,0639d02e216cd87de302dab2581fb4126cddd678e4c6edf67d636f39c23d807a,c6f30bfa572fa8c686cbef5a27a3a1d9d3817ebc63e52a77fe2be2180eeb0282,1920,1080,8,historical_train
bb_V0034_I0001720,bb_V0034,,data/train/images/bb_V0034_I0001720_jpg.rf.9c90f5ef2fb07a9201eb0a9f537ba9e7.jpg,legacy_train,9c90f5ef2fb07a9201eb0a9f537ba9e7,e877145b352ca9cd0a73d1a061b75994492b6149d0788f0fe000b73799c96614,55b1b1da08ff50b8ebe9e7526245faa0eff0885a8a09c142459cd93a0381dcdd,1920,1080,20,historical_train
bb_V0034_I0001720,bb_V0034,,data/train/images/bb_V0034_I0001720_jpg.rf.c91e8c359e438174891087ce1c7ce33a.jpg,legacy_train,c91e8c359e438174891087ce1c7ce33a,43988bb5cb2d37c0ea0efb06e8b0da5829b1dbaad1a731e26f34d5f658822065,a56340d4b42f0eefce7874f678efecaac815409ddfac0ff6550e1aa69f237a35,1920,1080,19,historical_train
bb_V0034_I0001720,bb_V0034,,data/train/images/bb_V0034_I0001720_jpg.rf.f67be73a5ad904f53b952f847a8ea9c1.jpg,legacy_train,f67be73a5ad904f53b952f847a8ea9c1,3a9c700404d979b1581691cf4c77331fb9631144807f8702062e8ac23c1e38e2,9b4444e43c0c24f537a8552e6cc1f51877064255489a01420f3ff2d33abb02c6,1920,1080,20,historical_train
bb_V0034_I0004200,bb_V0034,,data/train/images/bb_V0034_I0004200_jpg.rf.60b692ad529461f12f9d28df0b08da85.jpg,legacy_train,60b692ad529461f12f9d28df0b08da85,84652d3867cdccca0d8bba75544e43175764375cf47864ea7920d58cb466a969,d80d1067265670e5b7708118db21a85b83675a406a20ce7f53f00668e2e81a43,1920,1080,5,historical_train
bb_V0034_I0004200,bb_V0034,,data/train/images/bb_V0034_I0004200_jpg.rf.789999bf589bcee53cc6932dbb6cdbfe.jpg,legacy_train,789999bf589bcee53cc6932dbb6cdbfe,c32d8fba27c5f92779bfcfaa0408823024b51d09733b46da075ad6b7dd44a5ad,d4acc20f57cd9a4ab45cbfa085d49fff8ff2b3641d1c2467a0d954e733af3145,1920,1080,5,historical_train
bb_V0034_I0004200,bb_V0034,,data/train/images/bb_V0034_I0004200_jpg.rf.79e58f51bf5a512a355e1819511b16a0.jpg,legacy_train,79e58f51bf5a512a355e1819511b16a0,5892a6a3ceabdfbc3e31f0c163cda89c77c64c910465dc4286632bd8b4c273d0,ca9886d9bd0b08243a643d3fa7e75ce1c279e908e7c0a3d264fa9e3138db3e9e,1920,1080,5,historical_train
bb_V0034_I0004280,bb_V0034,,data/train/images/bb_V0034_I0004280_jpg.rf.03b5160887d198ecac402df728a3c6df.jpg,legacy_train,03b5160887d198ecac402df728a3c6df,c755f54934988ddb95389b2d9f5dd93620ee462ecdbbe31b8054671d899a18df,0ceff05ece395d1d21bd8142e9f3038e648ae0cc09e40eb6db641a48ecc22163,1920,1080,2,historical_train
bb_V0034_I0004280,bb_V0034,,data/train/images/bb_V0034_I0004280_jpg.rf.9c2f6add58bd1fd720050f213ea2e81b.jpg,legacy_train,9c2f6add58bd1fd720050f213ea2e81b,af3853d4fad230c2e60927d97094b2f34a84b55e92dc34125426c42fd89fedea,b56970b43929f5d5614d37083594d4bc4815bc79dd34b0ecde33da6cb8d81741,1920,1080,2,historical_train
bb_V0034_I0004280,bb_V0034,,data/train/images/bb_V0034_I0004280_jpg.rf.ac30dc3320c0d79cc4ab852ea74ed077.jpg,legacy_train,ac30dc3320c0d79cc4ab852ea74ed077,aee2addcf8522ac3cae311a05fdcb318624239eadd615cecb4fe5d76611f0b0f,ef910427e242c4aa304ed2adc6b928a1a837c873e3a65d980475c345a3b8297a,1920,1080,2,historical_train
bb_V0034_I0005000,bb_V0034,,data/train/images/bb_V0034_I0005000_jpg.rf.4eae3142116943d974ae0cbf6c291f97.jpg,legacy_train,4eae3142116943d974ae0cbf6c291f97,4b3e709894ad4fb351e52f93abf08664908c12b214e4cd4c880f88b1bbd14bc2,c53484ac221b9ec773885c58a81620af40a5d4d3655d2acc5a6e78a48073af13,1920,1080,2,historical_train
bb_V0034_I0005000,bb_V0034,,data/train/images/bb_V0034_I0005000_jpg.rf.dec3f7b86fa8ced5220910dd5e8df07b.jpg,legacy_train,dec3f7b86fa8ced5220910dd5e8df07b,6b0b7f7ed4c2c7bbf5f9be3ff09e54f63e94b9622e5171a18a35e1dbdf3e3b15,eea5104be857d70096fb433bf901333bb3e467e60c9350f3a73a63935629d97c,1920,1080,2,historical_train
bb_V0034_I0005000,bb_V0034,,data/train/images/bb_V0034_I0005000_jpg.rf.ed690b7d4c87de1ccd2502ae774b2dd3.jpg,legacy_train,ed690b7d4c87de1ccd2502ae774b2dd3,90f20f38c1b8d9dacbf7b56f90b85c2e8eb6c30e167be6daf2c5fb8a9a7bce6c,80228efc2fa2336916c4743999b4b7dac9cd21f841fb696aec7933fdbe053243,1920,1080,2,historical_train
bb_V0034_I0007960,bb_V0034,,data/train/images/bb_V0034_I0007960_jpg.rf.2b87cb1483c5b3683f0f9e841cddba6c.jpg,legacy_train,2b87cb1483c5b3683f0f9e841cddba6c,41912044cf71ab088e0cddada3f0ab2fb3c95faae20e41b4830d24e4a8c66b8a,a47abb93e05bac687cfb59bf3760b19016057ac564aa4685b34f7959e6db9fce,1920,1080,6,historical_train
bb_V0034_I0007960,bb_V0034,,data/train/images/bb_V0034_I0007960_jpg.rf.4ac11b7f51fbc11cacc75604164d8391.jpg,legacy_train,4ac11b7f51fbc11cacc75604164d8391,4eb20c1ecbcb3c2763d3a6d9235644b0455bdfd9b9c9ab2d120ea9f13bde87a2,c532c796be52bbd0ee478d60d07174f6ba5a9624889c2eb2a8dbacc9161c3241,1920,1080,6,historical_train
bb_V0034_I0007960,bb_V0034,,data/train/images/bb_V0034_I0007960_jpg.rf.c9db2ce514cd4b59ef7c1fff90fc3e9f.jpg,legacy_train,c9db2ce514cd4b59ef7c1fff90fc3e9f,29c4dd74a0f84b6e87dc84639a28efbc201740d83f2636a4a2ae80fb7ff50784,38c6097d515513c0603bb9e9d461e62fe0b265f588f81258ce2e421ceb7a1255,1920,1080,6,historical_train
bb_V0034_I0008080,bb_V0034,,data/train/images/bb_V0034_I0008080_jpg.rf.1afe9455d29b56a1707be2851f309198.jpg,legacy_train,1afe9455d29b56a1707be2851f309198,557d0e70d9f68d421100cb2002802412ae4e7318de3d5cee2033e02fd68ea521,73d4cb6c9f368ca390921390788bef7c08ca6c5bf8c6a3b6a88b5ba6ababc0eb,1920,1080,3,historical_train
bb_V0034_I0008080,bb_V0034,,data/train/images/bb_V0034_I0008080_jpg.rf.87d5fda8d353fcda52be37e5badc7217.jpg,legacy_train,87d5fda8d353fcda52be37e5badc7217,c64f7773d0bc639407cdce2b9901c7a44513998c1dce638ffa74aca569026226,892be7bbe172724ccfe7170135b685e44618c0f47ea3e51ac046104491262c49,1920,1080,3,historical_train
bb_V0034_I0008080,bb_V0034,,data/train/images/bb_V0034_I0008080_jpg.rf.f48aef7bad8835407041915d29238c39.jpg,legacy_train,f48aef7bad8835407041915d29238c39,3c0421ee71180cd5af19f66eddeb7653d369913f5ce68970aa1df1ccf55b698d,8f63722a236047520ab5b9591331f7c1a059b480dbc6be01b54c20c558dc7782,1920,1080,3,historical_train
bb_V0035_I0001160,bb_V0035,,data/train/images/bb_V0035_I0001160_jpg.rf.3b93262ea548c4666779ec0d65f5ec3b.jpg,legacy_train,3b93262ea548c4666779ec0d65f5ec3b,1c6b2629d95100f0f7e6bdd6e172937cc91456c7bdd4b7e12a48e510ccd17d43,f8775a4f43b495e790454914448c3b423659d8f0f0140d0c4985d04b1ffb6844,1920,1080,315,historical_train
bb_V0035_I0001160,bb_V0035,,data/train/images/bb_V0035_I0001160_jpg.rf.a638c1e967d7df132de4379f0b87ab23.jpg,legacy_train,a638c1e967d7df132de4379f0b87ab23,105671105ddf2c771e81220c3c33253e147f14b86890240966e565aa1eab6ec1,1931a296efbda497f845df27339e837755a74111ef2d567bd3794352a3f5480c,1920,1080,315,historical_train
bb_V0035_I0001160,bb_V0035,,data/train/images/bb_V0035_I0001160_jpg.rf.fc328230a39ad201bfdef8502150addb.jpg,legacy_train,fc328230a39ad201bfdef8502150addb,c0255460d7c28c850444829de0b31d295648a510824a92aa5be33cf94617b803,530c2e3bc4d623a1b71453418a5deef483895924bba6c952ac7d0bebef76c1a8,1920,1080,315,historical_train
bb_V0035_I0001640,bb_V0035,,data/train/images/bb_V0035_I0001640_jpg.rf.28e8d0b8c316418af1de8c25e7ddf8f4.jpg,legacy_train,28e8d0b8c316418af1de8c25e7ddf8f4,34162f451989cf896a3996c563a6f6652661305dae42d9ef6e3186a256df1bdb,0469cf5ee213bcdf17d9612ab1842a8c0bd0c187f8fb7797376003a1e9ebe005,1920,1080,221,historical_train
bb_V0035_I0001640,bb_V0035,,data/train/images/bb_V0035_I0001640_jpg.rf.e3ca800dec5cfca7279012d388503e3f.jpg,legacy_train,e3ca800dec5cfca7279012d388503e3f,a83d071aa9eeca4b2fae7a6eed084971196070b94b12e07def39a984a9ee1ccd,7429a5a2a7b6424252f36e24873a4acda58887f08b5da61425c744f479227c41,1920,1080,227,historical_train
bb_V0035_I0001640,bb_V0035,,data/train/images/bb_V0035_I0001640_jpg.rf.e75ea32fb09819552556788f95cfe2b9.jpg,legacy_train,e75ea32fb09819552556788f95cfe2b9,9ddf73d80ef7ce92c6203a3519a778717f381f4f951980e80538f752e0b98cdc,e1deb218a7e4ed725504b73fe6a2898b2629325b1726a661a38cf365a6ca54fa,1920,1080,227,historical_train
bb_V0035_I0002080,bb_V0035,,data/train/images/bb_V0035_I0002080_jpg.rf.7537513ec36a72f5a62a01eb65f924ee.jpg,legacy_train,7537513ec36a72f5a62a01eb65f924ee,b57be1b1109a106791c6e58f2bffa65435f452cad3ef09a02ce285ba834d1f36,cb875465779b56644aa37d498b2fc079360b85a3fa2d10d8ea1bed4f4b41bfc4,1920,1080,185,historical_train
bb_V0035_I0002080,bb_V0035,,data/train/images/bb_V0035_I0002080_jpg.rf.795aafd60806d6a15341251390fdeb6c.jpg,legacy_train,795aafd60806d6a15341251390fdeb6c,71a2c4b5d52f5cea59e9b4858f002c46d4c5cba664cc55e1f84cf7de422671ca,baa65dceedef4ce087bd36894e3681126c9e0d39489ad4ecb9608bc8c73b84cc,1920,1080,172,historical_train
bb_V0035_I0002080,bb_V0035,,data/train/images/bb_V0035_I0002080_jpg.rf.c6ae02e2e4d6c6019a8205252e95e5af.jpg,legacy_train,c6ae02e2e4d6c6019a8205252e95e5af,5eec9da32ec1c621d870a55f0094cee7fb9a16201b5fdd5bc882ba0e90660f07,41b62f95392b1a4bbf2c43bf37accedfc7d19d7fa6f827d90e436b1d7f88a618,1920,1080,185,historical_train
bb_V0035_I0002200,bb_V0035,,data/train/images/bb_V0035_I0002200_jpg.rf.1f84d1d75b81cb57fb56447fb8c1e0ed.jpg,legacy_train,1f84d1d75b81cb57fb56447fb8c1e0ed,9de0506a988cbb234878804e839ab1253b4d7034962c050683267b0bb5b590ca,b4a09dc2adc23119561dd9e68ab41c7927ede0d89e78bdd0f5be8fc7c34fbbaf,1920,1080,140,historical_train
bb_V0035_I0002200,bb_V0035,,data/train/images/bb_V0035_I0002200_jpg.rf.285723e90183e185a1b407093790660b.jpg,legacy_train,285723e90183e185a1b407093790660b,71c60bfa9e4375b224ad63412c1882173d4a1fd10170faa59da0da7ab63e5815,130ddc64d7b8e5627e5faa77c16cb61f8d9385c953cc0b65e9b19daf2387e90c,1920,1080,140,historical_train
bb_V0035_I0002200,bb_V0035,,data/train/images/bb_V0035_I0002200_jpg.rf.91d3d1fcb1f7c15e2576b1a08b712bac.jpg,legacy_train,91d3d1fcb1f7c15e2576b1a08b712bac,95af24ffd0b8a69ac0f63196aeec1cf7477e66cb5d5c05a312125dc0fc48099e,c53a7eb44960401597cc84d377c0ef96d700467d321b7cb1774df86396e4ea0d,1920,1080,140,historical_train
bb_V0035_I0002280,bb_V0035,,data/train/images/bb_V0035_I0002280_jpg.rf.2ee6733a3fb2c0d1ee55dbf45ca7ecd0.jpg,legacy_train,2ee6733a3fb2c0d1ee55dbf45ca7ecd0,4aad077b23e99f19823251ff0002a2338a20cffb9ad7680b4b2623961b150ab3,c3b3dec84382586a6db1b22c4e14a381d038fffd4e815055fa23f49a844edbd8,1920,1080,7,historical_train
bb_V0035_I0002280,bb_V0035,,data/train/images/bb_V0035_I0002280_jpg.rf.41bd202bb5b35c9b480ff3b3d325f9ee.jpg,legacy_train,41bd202bb5b35c9b480ff3b3d325f9ee,736f353260700549f19a00d49e3f4f0c1b337da6caf04671992e34a6cbffa893,e74fc19f0ba03f1a16379557f4d0e56649c4c595dfd56f36b9235d4961969f58,1920,1080,7,historical_train
bb_V0035_I0002280,bb_V0035,,data/train/images/bb_V0035_I0002280_jpg.rf.6a58dd2cacc85ff814c799135a72e0b3.jpg,legacy_train,6a58dd2cacc85ff814c799135a72e0b3,b524e0da1a2c5df5ac9a00c31e8bb18133503eeda451c6715687aa18d6d18690,98e3a2d8e13bc245f6e1952c0a52e7398ab8f330deb899bbc99048dc76b613fa,1920,1080,7,historical_train
bb_V0035_I0002360,bb_V0035,,data/train/images/bb_V0035_I0002360_jpg.rf.198ca1e0026cb9dcccf0558f532e5638.jpg,legacy_train,198ca1e0026cb9dcccf0558f532e5638,fc83502322db0e3cdea3dada784a1708de8a0f6666674bdb058f540702b7a0ed,08438070de3c0e785b943c161a908f5b9acd896970a3c7f4f36d7489c9076147,1920,1080,21,historical_train
bb_V0035_I0002360,bb_V0035,,data/train/images/bb_V0035_I0002360_jpg.rf.1e0ed9c3dd6480781b23560b529c3ea8.jpg,legacy_train,1e0ed9c3dd6480781b23560b529c3ea8,d1b1d3b5121229f9604575d708fa07c0f618c7de0118a41ec939d7e848d91f99,0379766668adec235e49c66f5b2db317602d4b192405f28f399be5d17263968c,1920,1080,21,historical_train
bb_V0035_I0002360,bb_V0035,,data/train/images/bb_V0035_I0002360_jpg.rf.9f3fe9767c244af5575625be4173c8b3.jpg,legacy_train,9f3fe9767c244af5575625be4173c8b3,a62cf889da511857f05b750d578c1beadb0b749f2fcf7ba691657ca76bfa20d3,877e6c2aa163fd36958576117c80f89cc3089fcb796994751574ec24eabdb96d,1920,1080,21,historical_train
bb_V0035_I0002400,bb_V0035,,data/train/images/bb_V0035_I0002400_jpg.rf.0724f98ed4bc6a52b42b460c2cd865cb.jpg,legacy_train,0724f98ed4bc6a52b42b460c2cd865cb,a401909d5cb04328b2545780e1353ec1c437e36801710e34b5fc031ec062c40c,43d77bba77a245eba3dec3b55e052ff775f8a66a6f86fd5d1c45584b4dd4ed62,1920,1080,19,historical_train
bb_V0035_I0002400,bb_V0035,,data/train/images/bb_V0035_I0002400_jpg.rf.3181c00782621072c4fceeee43cba5de.jpg,legacy_train,3181c00782621072c4fceeee43cba5de,9184b8219ebc746b03150aa9f2c6b3ca0dae5c13a468a6dd9258eab63e139cdb,404120d78b00c0311264873237b0a1c7e214fa743701d5151ca5e496e965312e,1920,1080,19,historical_train
bb_V0035_I0002400,bb_V0035,,data/train/images/bb_V0035_I0002400_jpg.rf.999ff79887fddc2c1bc322eccb51a333.jpg,legacy_train,999ff79887fddc2c1bc322eccb51a333,c53ea5e6883af72ed51a6238b1e48e0db3cd1d53ea6be383ded0bb6f1acc3c2c,dfcc173ca93931b6e864efc5722b59cd6d3824fc5fb28f73bf8834496d017667,1920,1080,19,historical_train
bb_V0035_I0002600,bb_V0035,,data/train/images/bb_V0035_I0002600_jpg.rf.876ef7f39d1adb7652215da9357f8ed7.jpg,legacy_train,876ef7f39d1adb7652215da9357f8ed7,6c039278d5765150ce1e75c1002554c33065291de0f6c424a78505afeb4765c3,cb825fa1830708178077b54435a69d47fe3c3b855c3b02f9005cc47c9470234c,1920,1080,44,historical_train
bb_V0035_I0002600,bb_V0035,,data/train/images/bb_V0035_I0002600_jpg.rf.9a65a56256248b5713f02218caa7c456.jpg,legacy_train,9a65a56256248b5713f02218caa7c456,0f200ee8d0c309126632744ef58004d7fc26d6931d783eda9d9fd5d173461895,8e3ec8fe6f521e481a4863a793bdf54f1e574ede9d982ad447c4fe2111f6edb9,1920,1080,48,historical_train
bb_V0035_I0002600,bb_V0035,,data/train/images/bb_V0035_I0002600_jpg.rf.d00034994a0f053aae66abaf4436b4dc.jpg,legacy_train,d00034994a0f053aae66abaf4436b4dc,a52a56fd0c0bc11a1fb712d5c41cef2f9dfd3be0ff918501523d55274a061541,9a5fdc3bc23b74bac361595df35cc22f16bfb95b9ea33a38b7913b179e3b8c93,1920,1080,48,historical_train
bb_V0035_I0004080,bb_V0035,,data/train/images/bb_V0035_I0004080_jpg.rf.49cecebbceee7df91afe0eafcf02f26c.jpg,legacy_train,49cecebbceee7df91afe0eafcf02f26c,48cfc9514aacbc8ac8f2614c8c7b907b005fb395d8a59c76f1aa302e2c60d0ec,1b6ad92befad6b2b9b7a065f21f367a60cc2e3a6fa399e94bd5948ab62adc0b0,1920,1080,220,historical_train
bb_V0035_I0004080,bb_V0035,,data/train/images/bb_V0035_I0004080_jpg.rf.98e540040351d9a12a5aa13f673ffb81.jpg,legacy_train,98e540040351d9a12a5aa13f673ffb81,47924fa26085cd734b90d901769e3efefee80b246d330b04f5e8c60083d4ec9c,c5fcf6fd72918e744708d97946fd04ebe0d0d71b984ac6ea8ad95965c88a16f6,1920,1080,218,historical_train
bb_V0035_I0004080,bb_V0035,,data/train/images/bb_V0035_I0004080_jpg.rf.d8f97e2dc2d7244908b0ca52af958978.jpg,legacy_train,d8f97e2dc2d7244908b0ca52af958978,b96f82b84ea82af4e6f635bdf82b35fc2f2c52e5dc90a828a735f6f7ced40932,1e9faceffe52a83ba9c7cdf33050870f4ca908ec530b008f284fd7847874fae4,1920,1080,220,historical_train
bb_V0035_I0004840,bb_V0035,,data/train/images/bb_V0035_I0004840_jpg.rf.13fdd316302a38893009dd8c5a65ffe1.jpg,legacy_train,13fdd316302a38893009dd8c5a65ffe1,6b6a0c71e30769140e3ac8474bffad77b014b123217039316fec899f6c10f335,e38ae28a5c09234178cb13cd5e64847622629540cbcee6ec42a5e68157f25197,1920,1080,152,historical_train
bb_V0035_I0004840,bb_V0035,,data/train/images/bb_V0035_I0004840_jpg.rf.29e5098fa73a5f87b33c489deaceaa85.jpg,legacy_train,29e5098fa73a5f87b33c489deaceaa85,1bede91073bd414ec4337cf3c73a94bc03880b6355b30f603b6da5b67f2e4bde,3b91475e506d10aaacbef32611cc10a76493726d3be4a8f6b0159fa47cc24b11,1920,1080,156,historical_train
bb_V0035_I0004840,bb_V0035,,data/train/images/bb_V0035_I0004840_jpg.rf.5ecd37bcc5975259fa0991d6c82a0f3c.jpg,legacy_train,5ecd37bcc5975259fa0991d6c82a0f3c,b19f8fa177a540e6aaebbb72575bca7c583956ba523477d467b1f63d98b50fa0,8defd0b1b08b2905de3f27ae6775c7f31702f649e2126a6d82b8932e452cc04e,1920,1080,118,historical_train
bb_V0036_I0000360,bb_V0036,,data/train/images/bb_V0036_I0000360_jpg.rf.13188f9caaff4da63b30833e3fa94308.jpg,legacy_train,13188f9caaff4da63b30833e3fa94308,746e47ffceeef73615130bd09cfadaffb69d49e379e62218fcdfbff957c158f8,475e5c366bd6ce9bfc7af3e6566255e6f9da36cf73a1372506c0e124eec5d6c9,1280,720,112,historical_train
bb_V0036_I0000360,bb_V0036,,data/train/images/bb_V0036_I0000360_jpg.rf.b375c0748c95c5396fbec42296f885d0.jpg,legacy_train,b375c0748c95c5396fbec42296f885d0,494010db2eccb6a87a3f68483d23fd653c5f0e31fc0a7dd3825abe5ef06a8dde,8ed60b6ff0acecbaeb871348fbd2d58cb500e415b59d868ff837bea02371cdad,1280,720,112,historical_train
bb_V0036_I0000360,bb_V0036,,data/train/images/bb_V0036_I0000360_jpg.rf.db9a18ee4a3e4985ed589cb442867990.jpg,legacy_train,db9a18ee4a3e4985ed589cb442867990,46c59a21c518fbf5e30f0285fb4ec1684cdea0aac2321c064397088191dcf592,aa6dddf1dea994fd7cde2ba53ca6a027b7385a7ff5171151af61aa9606a5b20e,1280,720,111,historical_train
bb_V0036_I0001000,bb_V0036,,data/train/images/bb_V0036_I0001000_jpg.rf.5ebc45956c0ac22b731a3de7fee367d1.jpg,legacy_train,5ebc45956c0ac22b731a3de7fee367d1,03c1ceae278836681233d8fd6b9881ef0dfed99df3fddd4695531ed558cdb936,020f5d5dbbc1df2de7fbb507f8ccf128c02cb427de3d70cc2696a5998e8ccb87,1280,720,3,historical_train
bb_V0036_I0001000,bb_V0036,,data/train/images/bb_V0036_I0001000_jpg.rf.baa3fb957ea34ab4eca75efb171e2feb.jpg,legacy_train,baa3fb957ea34ab4eca75efb171e2feb,5542f68a9c3bccb90316ee257038db5db588cf134ec7c4cea57c2f151e63d934,4d5d0f510bc490c60179a0bc28742c29f6fb0cd759020a7903583435bc4218fb,1280,720,3,historical_train
bb_V0036_I0001000,bb_V0036,,data/train/images/bb_V0036_I0001000_jpg.rf.d9462b5f1853522865054dc8e8456b8e.jpg,legacy_train,d9462b5f1853522865054dc8e8456b8e,9f1e092bc592b93c6dfdcd6799f95a1dad5180535f96867bfa0d1e824dfa2094,59411e7c65da9e47c154f597f688c5bfa9290713d3203de476b3bb2bab0f5abe,1280,720,3,historical_train
bb_V0036_I0001040,bb_V0036,,data/train/images/bb_V0036_I0001040_jpg.rf.17acd4459859060f9b1cbfcbc4a659e7.jpg,legacy_train,17acd4459859060f9b1cbfcbc4a659e7,895a02d4a24a4ce15bf23a743c605510057e3d60497d4e78446b596598cf62ff,96a50d08f33e6342b88f899eceba88c05abeaaa6dc369ed5fcb197d4b11a6880,1280,720,7,historical_train
bb_V0036_I0001040,bb_V0036,,data/train/images/bb_V0036_I0001040_jpg.rf.7d3a5fbf0a750a8a0e30fd99309fd861.jpg,legacy_train,7d3a5fbf0a750a8a0e30fd99309fd861,a24c1c3f25051179aea4126d6c24c0edead4e3daf3bcac3dbc511d12d8fcc065,6a897a73c693a49ebeb0e900e6b079ca84623d985c49bdabca6e4b622dce8936,1280,720,7,historical_train
bb_V0036_I0001040,bb_V0036,,data/train/images/bb_V0036_I0001040_jpg.rf.acb92bcc693605a52c73b6f9045f4b44.jpg,legacy_train,acb92bcc693605a52c73b6f9045f4b44,246b6acfc07683fded3ae112e0e7a62610cac9323f5cf4d5a86134331a0ad1ae,812a48378980fc0ef476f628d7a3bba50bd588e5fdf9cfa51ab82358d8823c6c,1280,720,7,historical_train
bb_V0036_I0001080,bb_V0036,,data/train/images/bb_V0036_I0001080_jpg.rf.4f8d3d80364788a0859ed6a6bd09e57c.jpg,legacy_train,4f8d3d80364788a0859ed6a6bd09e57c,276eb442ba1bc3330db19f285d95818b4fc352a1c7d6f8c86c4aa537a85e9f62,d0e90ef0fb681d9f932e5fe03bd0e37a358965f5e01a00674e1ec8273a232d62,1280,720,1,historical_train
bb_V0036_I0001080,bb_V0036,,data/train/images/bb_V0036_I0001080_jpg.rf.a2ee0a78f9d2aee86fca6dedd239a4d6.jpg,legacy_train,a2ee0a78f9d2aee86fca6dedd239a4d6,23cfe7d8343ec8e8baa8034b62eb3f9f1f9eee33e7f25f6b78a36fd18a7d6ee6,5fd49e978922487decacee499973336dbfdbdd662992636f63fc6c5a5ea615d5,1280,720,1,historical_train
bb_V0036_I0001080,bb_V0036,,data/train/images/bb_V0036_I0001080_jpg.rf.ebf957675462f508f07c137bc0373ae1.jpg,legacy_train,ebf957675462f508f07c137bc0373ae1,41f7f2994a406d9a739a102b075aa86a23d723ad6bc43cf9bb811fb9191b2a99,e7debc724a9ff46f28a9cfdc215f073b5e69e8526e29b896d810ea272c0b253f,1280,720,1,historical_train
bb_V0036_I0001160,bb_V0036,,data/train/images/bb_V0036_I0001160_jpg.rf.bcee9b760084e5d2801721f099091f9e.jpg,legacy_train,bcee9b760084e5d2801721f099091f9e,c731c738d762223c00ea8aecb9d754a8cd9696e83a264df2c30897c26909fca2,d12dbdc777b6c88bf36463e7586d0b4d0deb669c20f9b63551da8d64b7486517,1280,720,4,historical_train
bb_V0036_I0001160,bb_V0036,,data/train/images/bb_V0036_I0001160_jpg.rf.e40de03e764fe6d1b09b3ba0bee65cc8.jpg,legacy_train,e40de03e764fe6d1b09b3ba0bee65cc8,8969b35d67bf625bf0ced53bf115b6a381acc0bbb6c6fd3bba214eadf48d01c7,7eb80b15c81e3b95a89976d2a45d93437cf967e7ba41ebf7161d963d4118fbc8,1280,720,4,historical_train
bb_V0036_I0001160,bb_V0036,,data/train/images/bb_V0036_I0001160_jpg.rf.e72bc09dd15306cc7239bc35bd0c8853.jpg,legacy_train,e72bc09dd15306cc7239bc35bd0c8853,6dc100278f5c84dea1ef4cb091bead17faf11165d2685c64959bc5a2168f81c2,4b30e976fb17e01ad25ef34df358751ad4a92707f3e7e5fb9628fd6d4110ae16,1280,720,4,historical_train
bb_V0036_I0001200,bb_V0036,,data/train/images/bb_V0036_I0001200_jpg.rf.e994049c99d660486935a14543e15e6a.jpg,legacy_train,e994049c99d660486935a14543e15e6a,822422a733412ae1d72c7a73f68f8d80ee3be67d9e8273d86931d81758cfc7ab,f0e182df9a12f2bad9b89a743ddb2676b8103f33325ac9f646f62f54a3d83632,1280,720,1,historical_train
bb_V0036_I0001200,bb_V0036,,data/train/images/bb_V0036_I0001200_jpg.rf.f7d5069991e5fc0a8f6c1a6a72ecd140.jpg,legacy_train,f7d5069991e5fc0a8f6c1a6a72ecd140,fa6dcc0a41279c67b48e176a22ff08c9b89b47156458eb7a98f97bd5a02e8441,cc68775c2d7cf82f6895f98d5e09eb2fb9c131a0e6c9922f5fc7d14fe4e55f38,1280,720,1,historical_train
bb_V0036_I0001200,bb_V0036,,data/train/images/bb_V0036_I0001200_jpg.rf.f868197ef69e5678eef47dddca34fb2e.jpg,legacy_train,f868197ef69e5678eef47dddca34fb2e,eba3cef6c6a2db58b8ef7de8f59d1d7bd7c969efe7dc09529e95b40bedacd56c,bcd28d4007968540b160b16cb26a434b6495c29610dbc7d197953c1fb2a20aa1,1280,720,1,historical_train
bb_V0036_I0001280,bb_V0036,,data/train/images/bb_V0036_I0001280_jpg.rf.4ee790499beff070ed8223bac128db1d.jpg,legacy_train,4ee790499beff070ed8223bac128db1d,0841df32011034a565672eb9b3d81d4f56c001e15bfc1d428298f93128bcfeab,19b7502e5ee1f0ad4c164365b4d14284982c3dfb5ebf51bcd309111a8dde64ca,1280,720,31,historical_train
bb_V0036_I0001280,bb_V0036,,data/train/images/bb_V0036_I0001280_jpg.rf.57cbf703957afef65b4c0f839f1511a6.jpg,legacy_train,57cbf703957afef65b4c0f839f1511a6,c213d5f9fbc0841fec1ffc7e7c665026c5b22ed96dbea7e7d3adb1d242f3f296,f3878b7e404f521a7c4e2b49acbb45b24ea81fbd763e7d2e4c271b083ad3d729,1280,720,31,historical_train
bb_V0036_I0001280,bb_V0036,,data/train/images/bb_V0036_I0001280_jpg.rf.7de8e126c5b358e5c2bf71984ab23ce0.jpg,legacy_train,7de8e126c5b358e5c2bf71984ab23ce0,64dada2eaa3049cc194a5f0d3f3cb59a59b64c04f87ba02d22212344977883e8,b4674c534ec1c2294c64783c76b4109da5ff89cd06c60053dd54827e20d05fe0,1280,720,31,historical_train
bb_V0036_I0001400,bb_V0036,,data/train/images/bb_V0036_I0001400_jpg.rf.065aeec0b0e6b587fd63402fef389a4f.jpg,legacy_train,065aeec0b0e6b587fd63402fef389a4f,4335daea7bc25ffd1c1841bc9de611305c5b5454275357b42decac81295e771e,b4209307b0be07ea418ae839b4a536bb939d8a97d2a70852a12cfe0874b22936,1280,720,49,historical_train
bb_V0036_I0001400,bb_V0036,,data/train/images/bb_V0036_I0001400_jpg.rf.20aebebe4f8d54f150995ae1fd2a4812.jpg,legacy_train,20aebebe4f8d54f150995ae1fd2a4812,42be721f4feb4afe257d263def8c8488a5a214300bba06953526fc8b5f73d0bd,7545e193a5267f10c760339cc128d8959eea5659d23c73de4a26b5e04b1c7253,1280,720,52,historical_train
bb_V0036_I0001400,bb_V0036,,data/train/images/bb_V0036_I0001400_jpg.rf.b3f85cc4e6fab8890a39cc881ee831ab.jpg,legacy_train,b3f85cc4e6fab8890a39cc881ee831ab,3d25700be5b0c91b392c6f5d6284a1e65f4fa9098ec8d0938ba7b5caf39ac735,5d0b973cbbd73d7c07a08cfae9790ea9a9ef54df203ca024a9bbe8e931db11b4,1280,720,52,historical_train
bb_V0036_I0001520,bb_V0036,,data/train/images/bb_V0036_I0001520_jpg.rf.7da971dbfd08edba0acf8364b8c6bf0c.jpg,legacy_train,7da971dbfd08edba0acf8364b8c6bf0c,34a9221bd41b9bca39cf7f5d1d1ed74cf5bf6713e6a1f54fd359dee8a50cd997,2a9cd484513538e94c959c1bec210a8475e8a4386020dee84a7c6f7d2780b7d1,1280,720,2,historical_train
bb_V0036_I0001520,bb_V0036,,data/train/images/bb_V0036_I0001520_jpg.rf.a4b5ff3a64ec47fabc8c16f52bd48dbe.jpg,legacy_train,a4b5ff3a64ec47fabc8c16f52bd48dbe,fed7e3cc8d01508cb2db9216078aab05684a94688df1ce5e4508e527c865bf30,1b33b14cd85d1d7a532b2493532bed7e3287b0c5a541cba5b2f852697b576283,1280,720,2,historical_train
bb_V0036_I0001520,bb_V0036,,data/train/images/bb_V0036_I0001520_jpg.rf.d61a5ded8792fa6265fcb4e1d95fcf9c.jpg,legacy_train,d61a5ded8792fa6265fcb4e1d95fcf9c,e7db0edae230d37094012deb9006c17d1a3209faa9b84499d4fa20d002e03a0f,5fd801cb0861569080061042d0a36066966e3b86063ebe7582c44888d0f2aa96,1280,720,2,historical_train
bb_V0036_I0002160,bb_V0036,,data/train/images/bb_V0036_I0002160_jpg.rf.7afc195513eb9d00e6094e6456236646.jpg,legacy_train,7afc195513eb9d00e6094e6456236646,ed04e49ba800c7594c7756b35a859bae98c25f78fe3ee294f798e1e9f519c95e,ebea134c5fc3404592126390ce3de9f770c79b890a3b99c9d2cc0fc5da6cf32d,1280,720,3,historical_train
bb_V0036_I0002160,bb_V0036,,data/train/images/bb_V0036_I0002160_jpg.rf.9df6c354c18f4d06047e60c7bc7f4b23.jpg,legacy_train,9df6c354c18f4d06047e60c7bc7f4b23,c6ba861ac7dc973f635ad8caf9688ba3d0122bd99c934509e3a4570e3a76c09c,074f18a2ceb74a375c362c3080a4b09a0089610ab636d77af1d39c29a48188fd,1280,720,3,historical_train
bb_V0036_I0002160,bb_V0036,,data/train/images/bb_V0036_I0002160_jpg.rf.fc96a980b5b39cf9f7b1d63c3196e08f.jpg,legacy_train,fc96a980b5b39cf9f7b1d63c3196e08f,55dc3a6dd8a5c15db60239e96c808f90f79b9d0c1030a3ba60e1b14b56e31458,3cf3f15dfaedb6956f7aadd0cb0bd6ed78afb0f34aeaca2820e4db1ea4fdc560,1280,720,3,historical_train
bb_V0036_I0002680,bb_V0036,,data/train/images/bb_V0036_I0002680_jpg.rf.3412ad75b31262be8c68a6d9f6fbd5eb.jpg,legacy_train,3412ad75b31262be8c68a6d9f6fbd5eb,db461662e2d753e8d4410e03ee852f11d98f5c8e4aa225466e4ea77897f09644,7edbb88994c20eef5c3048e5d5fc8e2253ad8b73bfb4120921f27ae0609701a4,1280,720,15,historical_train
bb_V0036_I0002680,bb_V0036,,data/train/images/bb_V0036_I0002680_jpg.rf.369cc87c21ecd52d714054ec4cafad18.jpg,legacy_train,369cc87c21ecd52d714054ec4cafad18,08258e02f1c4c397d628a1e77bac163d2bc848424eccff08cc783c16eefb0653,24177cca43efb8bac1002b6d4bf12b3b69bb64fdd416fa79fc55c095570e5945,1280,720,15,historical_train
bb_V0036_I0002680,bb_V0036,,data/train/images/bb_V0036_I0002680_jpg.rf.8b8bd0bca93f07020ee7e4ca01728c43.jpg,legacy_train,8b8bd0bca93f07020ee7e4ca01728c43,a60e0406810c02464486007b47125ac35cc85983d6139fe92fee6c4de15cc4a4,1d710e229ad23be45fc1c38857e8074e5eb397930b87d58f7696737f019f5e9c,1280,720,15,historical_train
bing000_2009040913572766058,bing000_2009040913572766058,,data/train/images/bing000_2009040913572766058_jpg.rf.66cd3d2c5a39918eceb3536a3ef35e36.jpg,legacy_train,66cd3d2c5a39918eceb3536a3ef35e36,372b5a2513461a672f1108e62fcccea747bd255fb8304272887e7dd5e2b069b3,a63a16d006ee074ee3dec56bb79cae59732248adac10f19e6aebd150da2a4a0e,1024,768,2,historical_train
bing000_2009040913572766058,bing000_2009040913572766058,,data/train/images/bing000_2009040913572766058_jpg.rf.7560d03c88c0204d65bee0b92e69ae45.jpg,legacy_train,7560d03c88c0204d65bee0b92e69ae45,140003bf2adacaf88347b260738e8c3d6fba92871b5d51afb27dba3dab51f8b0,ac8fd989174904665a886a2fda4c8f81501db5ad2d4091cb401c98e419f39e24,1024,768,2,historical_train
bing000_2009040913572766058,bing000_2009040913572766058,,data/train/images/bing000_2009040913572766058_jpg.rf.f42853d3194edc399e87dd456e8a5ea6.jpg,legacy_train,f42853d3194edc399e87dd456e8a5ea6,8c00115473bf06c9747abd10992ff132611b5f2591552a00872a06f161419297,16655def2dda096d0d5833f0bd465ab57b314bf98ad5e4746c8bca0bba2b4cbc,1024,768,2,historical_train
bing000_b3f5501754d3424ab6ab88ee85592888_th,bing000_b3f5501754d3424ab6ab88ee85592888_th,,data/train/images/bing000_b3f5501754d3424ab6ab88ee85592888_th_jpg.rf.64afe7c37d9832987efc8f84e7a1751e.jpg,legacy_train,64afe7c37d9832987efc8f84e7a1751e,33300e8c67ea48c8a94a294b8d1e0b115ea889d37f1df81978807fc35f285457,d6574a326ff081492b228e2c736808101abde9a3a1fc1c154b9c89b629fbc6e1,2048,1368,3,historical_train
bing000_b3f5501754d3424ab6ab88ee85592888_th,bing000_b3f5501754d3424ab6ab88ee85592888_th,,data/train/images/bing000_b3f5501754d3424ab6ab88ee85592888_th_jpg.rf.c0873e537e4bf0fcf97d50e40a59c002.jpg,legacy_train,c0873e537e4bf0fcf97d50e40a59c002,311e7e26eca65e404b9a14ccf428ff66f07e6e7b3e9517fdc7d266bb643704ec,2b81d7301d8b4d41e364a637e8f87a3ac13d8e431c0c8b1f6d415cc110de2d06,2048,1368,3,historical_train
bing000_b3f5501754d3424ab6ab88ee85592888_th,bing000_b3f5501754d3424ab6ab88ee85592888_th,,data/train/images/bing000_b3f5501754d3424ab6ab88ee85592888_th_jpg.rf.d64ad67a31de26187748ec78c897c6f2.jpg,legacy_train,d64ad67a31de26187748ec78c897c6f2,16abe9e2e574dd279c385e31bb402bab4f58e01b50705f95f734a02181087e99,381084e4213bb706bb35bc67a2a7d2c89e856e6a6a6131e07f5d64768322d03c,2048,1368,3,historical_train
bing000_glss_44,bing000_glss_44,,data/train/images/bing000_glss_44_jpg.rf.208050b3db7a97da55e51c79a944ed52.jpg,legacy_train,208050b3db7a97da55e51c79a944ed52,443047abe171c468a4a0435de9927e05436709cf1fe0891acf59f2ec68589b95,0a0fd1d50f357c565931ad2c391a18f7b63ee6c889433cf66be314a076321142,1280,960,1,historical_train
bing000_glss_44,bing000_glss_44,,data/train/images/bing000_glss_44_jpg.rf.457b409dcaaf2c8e96a664ccdb57b350.jpg,legacy_train,457b409dcaaf2c8e96a664ccdb57b350,227d8b6a712add0fe871f91fa31b1997c32c22e98e4133d29a20d8e859ab6f4c,1f9e89b14f0b2b2576b01d3a683972e9fd5010709c824f979a7ca35ebdcd0f6d,1280,960,1,historical_train
bing000_glss_44,bing000_glss_44,,data/train/images/bing000_glss_44_jpg.rf.5170b706c2e0f272912e41c26e15c491.jpg,legacy_train,5170b706c2e0f272912e41c26e15c491,cf7b097598231670632aa6375859413b54d53760041f266a7dec5e75b99588dc,8109ad5d4affb33bb54f2380c14a484764adca4f5d6eda52241c67d3f2dc7e43,1280,960,1,historical_train
bing_P000_100q0f0000007ddhhA2F6,bing_P000_100q0f0000007ddhhA2F6,,data/train/images/bing_P000_100q0f0000007ddhhA2F6_jpg.rf.26fa300c4a80efe23b167a482300f68c.jpg,legacy_train,26fa300c4a80efe23b167a482300f68c,2bf3be75bc4618fd58aeaa32ecff0da36b6e0c6b3c86db8b2d8a68330f121b02,a025e9b055a21e1b640b40a9b97978e7ba909e19700005fb4fb52bc5244e81ab,1280,845,6,historical_train
bing_P000_100q0f0000007ddhhA2F6,bing_P000_100q0f0000007ddhhA2F6,,data/train/images/bing_P000_100q0f0000007ddhhA2F6_jpg.rf.a890c017c571a06b20feec1cb41e363b.jpg,legacy_train,a890c017c571a06b20feec1cb41e363b,a68eff5a6393971bdff599bb8abb88e419b71aa1d2e104a48775e820f1514d29,0373aafb4710525d8334fd3e9ff1d89e4674bf4fc9e1f1c30ea9f712b997034a,1280,845,6,historical_train
bing_P000_100q0f0000007ddhhA2F6,bing_P000_100q0f0000007ddhhA2F6,,data/train/images/bing_P000_100q0f0000007ddhhA2F6_jpg.rf.c71cbe9407d81eac12d93f786b3172e9.jpg,legacy_train,c71cbe9407d81eac12d93f786b3172e9,b86dfe567549891cd5c277bb5ea7393b7b2e77501a1efaecc7d6266064b0eb3f,d5f52b5ff04619be285c8812a378b183a520650edad1d0fc12894b4a47acc73e,1280,845,6,historical_train
bing_P000_1165551_234642054401_2,bing_P000_1165551_234642054401_2,,data/train/images/bing_P000_1165551_234642054401_2_jpg.rf.041c352ed5af5ceac78a5c77aafca9b9.jpg,legacy_train,041c352ed5af5ceac78a5c77aafca9b9,f90a1ebca95aae6cf2a75b4df6e06c8e6a40603d5a74dfe2cc5ff2cb0e6c922a,74c759b7f22e45f10ba26ff876789d66d5118ab2734fcd2b973bbdd219c84bf1,1024,768,12,historical_train
bing_P000_1165551_234642054401_2,bing_P000_1165551_234642054401_2,,data/train/images/bing_P000_1165551_234642054401_2_jpg.rf.af1741a1a844879d32ed46adf333ab0b.jpg,legacy_train,af1741a1a844879d32ed46adf333ab0b,c7d4e4586f64c7b34697aa6376f5511a299370ca0c26ec1db3bd6ee40e09eb71,a5540f7475b42f9fee330b3e0d2a95992a8136f892ef74e5d33d252e97835bf5,1024,768,12,historical_train
bing_P000_1165551_234642054401_2,bing_P000_1165551_234642054401_2,,data/train/images/bing_P000_1165551_234642054401_2_jpg.rf.aff9a0286aca543c02f99e4cfa2365bf.jpg,legacy_train,aff9a0286aca543c02f99e4cfa2365bf,310eff1f7eb8ad5521d25a59931e33b563ffa0fe4f946473be135ab03fe67460,ec0998fcb143b5a581594836875b10658e3d4f6c3c4febb123dba8b77859be48,1024,768,12,historical_train
bing_P000_12372996_235300674175_2,bing_P000_12372996_235300674175_2,,data/train/images/bing_P000_12372996_235300674175_2_jpg.rf.7542a32b9a3f732491e9e46e433ea040.jpg,legacy_train,7542a32b9a3f732491e9e46e433ea040,4553e10e4b248d676342fc7e679190e4cba36021573f10a23ce6f6f73a99cb44,99680fef98ff5ea69b115b389113eae0e0ce4a01d2e0cf45830c4b3e5d01fa15,1024,768,1,historical_train
bing_P000_12372996_235300674175_2,bing_P000_12372996_235300674175_2,,data/train/images/bing_P000_12372996_235300674175_2_jpg.rf.88468506ef188d7fa03e15ff8a90f601.jpg,legacy_train,88468506ef188d7fa03e15ff8a90f601,36977b02e43113b9e058de6e5d0da6b794249bd7337801a9778fa836d3aba631,18854599531419afbf584d12712ec9b723a6babed0b6df971eca301e428ca328,1024,768,1,historical_train
bing_P000_12372996_235300674175_2,bing_P000_12372996_235300674175_2,,data/train/images/bing_P000_12372996_235300674175_2_jpg.rf.aa3cb852aaa665c1c140322ed150ae18.jpg,legacy_train,aa3cb852aaa665c1c140322ed150ae18,4934e32c2ac3c069224fc723e59c679836d16e12b270b35499928601a52c96e3,58d87588479cec82eceac53430d3517b43cf8da6fe73a2459aa0215d43ba33d1,1024,768,1,historical_train
bing_P000_17989670_17989670_1359993127203,bing_P000_17989670_17989670_1359993127203,,data/train/images/bing_P000_17989670_17989670_1359993127203_jpg.rf.263e1c6626cf8e3208e577cca6a9cc54.jpg,legacy_train,263e1c6626cf8e3208e577cca6a9cc54,f5af0e6d4f8bb8a549fdf021e5f132f80e84350cca1072a7d13145813547c414,1a18058c8a79688b5a0245ea07277200b8e351e2b4f3d9d06d3ad88f164d9859,2048,1216,22,historical_train
bing_P000_17989670_17989670_1359993127203,bing_P000_17989670_17989670_1359993127203,,data/train/images/bing_P000_17989670_17989670_1359993127203_jpg.rf.5e2126eef692315606045060c1040d7e.jpg,legacy_train,5e2126eef692315606045060c1040d7e,56ba1154084e1187ed1098e4d476049d240290ce8d267bb4ac12b40dcaf34808,6fb78ca014a7edbeeca61c58c58cb5671a37d0123b1ab72d76d41bb9873a8092,2048,1216,22,historical_train
bing_P000_17989670_17989670_1359993127203,bing_P000_17989670_17989670_1359993127203,,data/train/images/bing_P000_17989670_17989670_1359993127203_jpg.rf.70dfbe0d34950522606069cdf5c6f90c.jpg,legacy_train,70dfbe0d34950522606069cdf5c6f90c,c877d6f46b3b33dbed5e41a4ef423c0f9ec01ca6fa36a78ab330e954c29f79bf,f4dc50112e7fd697698b9483b858183ba1b87e49db978c63418c848091e64b2f,2048,1216,22,historical_train
bing_P000_2008512103913872_2,bing_P000_2008512103913872_2,,data/train/images/bing_P000_2008512103913872_2_jpg.rf.65314c680e3c187ca0d1690ec96db735.jpg,legacy_train,65314c680e3c187ca0d1690ec96db735,521568cd3cbeafce7d19a8f6c88de943a187f4797a156aeffc663e39582af671,15023a22657e0add639752354db964c7fa2d9809b366f39ac8ac0b3b09924ce8,1024,768,13,historical_train
bing_P000_2008512103913872_2,bing_P000_2008512103913872_2,,data/train/images/bing_P000_2008512103913872_2_jpg.rf.7084cfd871363ff56657820628293c8d.jpg,legacy_train,7084cfd871363ff56657820628293c8d,1d6789f1ce0fea64d66e8f879bdffec6a8a2f68cb7afebfae7513036ecd44090,67217b6eb7e32f82f389bedd06efa41afbd95b47646147ef08ddfa1d582a6208,1024,768,14,historical_train
bing_P000_2008512103913872_2,bing_P000_2008512103913872_2,,data/train/images/bing_P000_2008512103913872_2_jpg.rf.a680abe980f66d45694fb44d7c204a11.jpg,legacy_train,a680abe980f66d45694fb44d7c204a11,d6b17c49950b9a51922e4e0f7bec4ca641857402a219343ba68d3267d9c8c002,b9b96caaa664747a33791f8492a5f01c0e148e62acdb23526941eb3d27399998,1024,768,14,historical_train
bing_P000_20110117_7ca596d5cfa55ab25ed0Ktk2kHjmNNkn,bing_P000_20110117_7ca596d5cfa55ab25ed0Ktk2kHjmNNkn,,data/train/images/bing_P000_20110117_7ca596d5cfa55ab25ed0Ktk2kHjmNNkn_jpg.rf.4683ca7495f5d25d1f77e7c05b934302.jpg,legacy_train,4683ca7495f5d25d1f77e7c05b934302,0c4d480ff8b21494538d1950724cd85554811417478c0e88408ba03570cdfe8d,8e5198ec09f2be1608a4aafe5266ace0826bf1d2351d10c49d94e75e090627d4,1600,1200,44,historical_train
bing_P000_20110117_7ca596d5cfa55ab25ed0Ktk2kHjmNNkn,bing_P000_20110117_7ca596d5cfa55ab25ed0Ktk2kHjmNNkn,,data/train/images/bing_P000_20110117_7ca596d5cfa55ab25ed0Ktk2kHjmNNkn_jpg.rf.7445a0e43b6b779c40dea509c1955668.jpg,legacy_train,7445a0e43b6b779c40dea509c1955668,6aeb0e8c0e32fb7822e51cdd4ece0e9322162d2844dc0c88e40ebcae936f9af4,eb45a4832b1c0e24968eb320695a5b498e77f888beda767f73d92f2a927afe42,1600,1200,44,historical_train
bing_P000_20110117_7ca596d5cfa55ab25ed0Ktk2kHjmNNkn,bing_P000_20110117_7ca596d5cfa55ab25ed0Ktk2kHjmNNkn,,data/train/images/bing_P000_20110117_7ca596d5cfa55ab25ed0Ktk2kHjmNNkn_jpg.rf.a1164966cbdc8d1c8d298c59266d8eed.jpg,legacy_train,a1164966cbdc8d1c8d298c59266d8eed,0379441b9543c85c50c6151de63807300187fc5967a7580e6e7f8683d452cfb8,46d84aab5f2f0ea3eda064aadd6983a12902cdd88673535c3fbd5ec98e369060,1600,1200,43,historical_train
bing_P000_2012112511085316540,bing_P000_2012112511085316540,,data/train/images/bing_P000_2012112511085316540_jpg.rf.0072f24185dc8ed56cc92e9ec292f121.jpg,legacy_train,0072f24185dc8ed56cc92e9ec292f121,8eb3307cc6e857e3ed116dfd3e62a4d7888c72433369d4f2f0d97878924dc0fc,250a4aa29a432149c4323067f143e9d0097c0601218329ca1a642a7c20800aa6,1024,768,10,historical_train
bing_P000_2012112511085316540,bing_P000_2012112511085316540,,data/train/images/bing_P000_2012112511085316540_jpg.rf.806b052b571562ef8358ea90cfd96d6c.jpg,legacy_train,806b052b571562ef8358ea90cfd96d6c,2a854d5ee3b5288ade3fd018e2de822c9d99e9eb0ed4884c3ccb483f15ff9644,bae848c79df41dca3eed789ac7c955853fc93b197108064473026d7ab0bc0cbe,1024,768,9,historical_train
bing_P000_2012112511085316540,bing_P000_2012112511085316540,,data/train/images/bing_P000_2012112511085316540_jpg.rf.e1e9b0873a40ce1728e3e18c781a6c1b.jpg,legacy_train,e1e9b0873a40ce1728e3e18c781a6c1b,31279fd303b725ec381afbcbd79c3e539d19de51c15b0a6678c6c0d6600e3742,01c6446fa5ceac5f8e8007ee0fb1ba96cfe3688f2acaa286517967549b1230b8,1024,768,10,historical_train
bing_P000_201508171437108276,bing_P000_201508171437108276,,data/train/images/bing_P000_201508171437108276_jpg.rf.208eb8767024d6efa8040ab540f38e2d.jpg,legacy_train,208eb8767024d6efa8040ab540f38e2d,44e32b6e51ae6d0f9e13e7b37a97e9e4a211a1a0954c40a1110ba5f07b4d958e,437f38cece2ddce03c293b34d1f54272cf46bdb101d19581d869c5df7f93f7b3,1600,900,13,historical_train
bing_P000_201508171437108276,bing_P000_201508171437108276,,data/train/images/bing_P000_201508171437108276_jpg.rf.a723be70a15c59e7d6dd26d86738b2e4.jpg,legacy_train,a723be70a15c59e7d6dd26d86738b2e4,dfbb18a54531e36f1056709b3088dd4e1f9947ab1f1064218cb94686c9219aa8,8998ff6b0604a60d8b116f1e33f47ad3c046245278283b9f21d7a387b9de8564,1600,900,13,historical_train
bing_P000_201508171437108276,bing_P000_201508171437108276,,data/train/images/bing_P000_201508171437108276_jpg.rf.c706587bce5a48e94e859535b30f8e99.jpg,legacy_train,c706587bce5a48e94e859535b30f8e99,39009fbfca2d095afe0c4a3b57eb1799cefa4039191160d318b69fe7a2d55b2e,763e85ee7350ac91a87eead6b0acc2ffd4e0296428b29136de723d266f0ff861,1600,900,13,historical_train
bing_P000_214435m0amrezrdnwfxrxa,bing_P000_214435m0amrezrdnwfxrxa,,data/train/images/bing_P000_214435m0amrezrdnwfxrxa_jpg.rf.120511960baad6011fc8ef37f66ea9a3.jpg,legacy_train,120511960baad6011fc8ef37f66ea9a3,68f0d55b97437e1dcb0fe343af9934f97943866849e97e899ce5eccf05c0ff3a,68fc7fdb04ead176a4e8b698efcdd5c639d0d408956dc34d8b0fe2ed41110344,2048,1536,35,historical_train
bing_P000_214435m0amrezrdnwfxrxa,bing_P000_214435m0amrezrdnwfxrxa,,data/train/images/bing_P000_214435m0amrezrdnwfxrxa_jpg.rf.89b95ea57bc5e9e363e3b0a62b289404.jpg,legacy_train,89b95ea57bc5e9e363e3b0a62b289404,367f9a1eb2fc74dbc66e7bd2e74241c9e526c010178dfd7c3bb179e8998c1d8a,178a0fa5bfdc7134ab2d595c1c327dd2efb628ec8c2428a47c3068c413d466cd,2048,1536,34,historical_train
bing_P000_214435m0amrezrdnwfxrxa,bing_P000_214435m0amrezrdnwfxrxa,,data/train/images/bing_P000_214435m0amrezrdnwfxrxa_jpg.rf.e0722e9d74da3c2458a7f8c2514c7f9b.jpg,legacy_train,e0722e9d74da3c2458a7f8c2514c7f9b,b281b820883cec926cef11caf9fdd6949b36f5cc16fa8f39cb3390cb5cd8511d,6ba0ce7e67fcfeeceac776cb1055e2ce1b01bd5f9d45ce07b812e8ed7cda11c0,2048,1536,34,historical_train
bing_P000_24023926_24023926_1375371139289,bing_P000_24023926_24023926_1375371139289,,data/train/images/bing_P000_24023926_24023926_1375371139289_jpg.rf.270d52b1276c9edda159d344923dfb07.jpg,legacy_train,270d52b1276c9edda159d344923dfb07,f01378b54b298ed17988dd3d50e0e647e8e0008afa171efd932807f10f45ec35,13dbf99a0b01a3f23838015402f80d8ec029d8a81b15eca491da94cfc1ef8e2c,2048,1536,35,historical_train
bing_P000_24023926_24023926_1375371139289,bing_P000_24023926_24023926_1375371139289,,data/train/images/bing_P000_24023926_24023926_1375371139289_jpg.rf.d921570047e0eebfe178d872de5198e2.jpg,legacy_train,d921570047e0eebfe178d872de5198e2,9f3d5357b12745f9b1cd5c285f92a924f134ad1349ff1bc969128fde821b386d,f4b53b8a85685fb537f4486f121f0370461aa550837cfb5b1297173e2fe2ff1d,2048,1536,35,historical_train
bing_P000_24023926_24023926_1375371139289,bing_P000_24023926_24023926_1375371139289,,data/train/images/bing_P000_24023926_24023926_1375371139289_jpg.rf.dcc4916ff352ea4f795d36735eb69c27.jpg,legacy_train,dcc4916ff352ea4f795d36735eb69c27,641b45410e46b3aad0163c66ceece310cf6da56ef8c14edca400e3e2d81df4ff,ee10b50040fca69dd5e48ec9d184efad8563ae7d8ef5532a1525c6aad41d73ee,2048,1536,35,historical_train
bing_P000_367362_174157147172_2,bing_P000_367362_174157147172_2,,data/train/images/bing_P000_367362_174157147172_2_jpg.rf.2414354ae330396e9de11eed79c7d155.jpg,legacy_train,2414354ae330396e9de11eed79c7d155,1feb5adde19643af446a208a6b96c512a08e4bcbd9dbb93b79dcff92e61f70c2,e5d923fbb844dfd2ee7f0c2a89b6085e3971efbef215cbd92703c0f265f879b4,1024,740,139,historical_train
bing_P000_367362_174157147172_2,bing_P000_367362_174157147172_2,,data/train/images/bing_P000_367362_174157147172_2_jpg.rf.b00a966ba1d6887d62b81feeecfc9878.jpg,legacy_train,b00a966ba1d6887d62b81feeecfc9878,7cd02bec37b0c533bee46c5598d7fae409d3bebbec265fa46435e6fb98bf0629,e06250a1bd3bfdcc4977d142ee62dcd4eddc639dad83ff3c677df1166fff704e,1024,740,132,historical_train
bing_P000_367362_174157147172_2,bing_P000_367362_174157147172_2,,data/train/images/bing_P000_367362_174157147172_2_jpg.rf.c2b47bdaf6f961a2a7e9b814fb06a821.jpg,legacy_train,c2b47bdaf6f961a2a7e9b814fb06a821,1e9eb5d379746914460b57e865100ce0b0ccdae942c39017c6f39743a846b5d6,f2fb27a4f25282be9dff63c0a3eb7170c528650ee9848f9f9d6e6a8235cc314e,1024,740,132,historical_train
bing_P000_42288e0050a245049627a1e85e82fddf_th,bing_P000_42288e0050a245049627a1e85e82fddf_th,,data/train/images/bing_P000_42288e0050a245049627a1e85e82fddf_th_jpg.rf.0857afc6fd62bab92d62e7100b592c61.jpg,legacy_train,0857afc6fd62bab92d62e7100b592c61,c640a8490f9f6135205782133f4d2ba473dd15f7e2f5485f736247d163079f0d,3c34f47ca251e5a2fe630d561ad8f372ca2c5783a44081bce7fdbee9a4fb09eb,1024,683,42,historical_train
bing_P000_42288e0050a245049627a1e85e82fddf_th,bing_P000_42288e0050a245049627a1e85e82fddf_th,,data/train/images/bing_P000_42288e0050a245049627a1e85e82fddf_th_jpg.rf.b803939c9d4dbb42c1c6b86d6886c960.jpg,legacy_train,b803939c9d4dbb42c1c6b86d6886c960,78c6010569fc87a293005fef5b02de0d2c4d5852ba79ea3f9adc7b3bc8b865cd,7b792277cd6328a29c085b399edda5abb842d9b359a48a5c7b88dd080b2c195b,1024,683,42,historical_train
bing_P000_42288e0050a245049627a1e85e82fddf_th,bing_P000_42288e0050a245049627a1e85e82fddf_th,,data/train/images/bing_P000_42288e0050a245049627a1e85e82fddf_th_jpg.rf.eb6f6407b5cf25de451ea3249af75ce5.jpg,legacy_train,eb6f6407b5cf25de451ea3249af75ce5,71ba0e1d183e9744ae1c222ad9557dd39ce43faf3c82ef1c5399dca7890edf8c,a21dade946b3b4509ef66b6cecab53799e704e5d5fb63020d6b478e5ff09f68d,1024,683,42,historical_train
bing_P000_5518b70991785,bing_P000_5518b70991785,,data/train/images/bing_P000_5518b70991785_jpg.rf.11b44a72accdc529d3826c34318f3968.jpg,legacy_train,11b44a72accdc529d3826c34318f3968,c67fa4032cce44ce51167cec857cd362649230e6df82d880d11deae510d57030,daa49037212fe647d3092dbc171379d6a816e58cc0124c95d671be0bf573518b,1920,860,72,historical_train
bing_P000_5518b70991785,bing_P000_5518b70991785,,data/train/images/bing_P000_5518b70991785_jpg.rf.4c04390da3c95f65624e636dd1e18a87.jpg,legacy_train,4c04390da3c95f65624e636dd1e18a87,94318fac4201770981097b671218bdfaad5fbe1bf2583a7cbcdcabc6a30af225,5ee7995c9f48ce82de6a74d7c71385591425079cfba475a7ca39aa558949b1d7,1920,860,72,historical_train
bing_P000_5518b70991785,bing_P000_5518b70991785,,data/train/images/bing_P000_5518b70991785_jpg.rf.83134872aa908531b49362d7a95b0fca.jpg,legacy_train,83134872aa908531b49362d7a95b0fca,88b4af74de571441dcea1c100c6ef5f139a480e410a9312d9085c17c695c1387,fd5b49e3c1c28b018fa6e37039b3bb4e232760581992c301c890d86804a9223f,1920,860,72,historical_train
bing_P000_6308827_060005495772_2,bing_P000_6308827_060005495772_2,,data/train/images/bing_P000_6308827_060005495772_2_jpg.rf.48fb8654ed051bcd02c60b7d41090f0c.jpg,legacy_train,48fb8654ed051bcd02c60b7d41090f0c,d8cff2f5e24105de3fe23bb6bd4ec516c86f90398742cf4f036d3970ac04d441,4454b359ed3fa47bfaacd7019f6f63685acaeda63f87b209d3b8d3c5deb1196a,768,1024,7,historical_train
bing_P000_6308827_060005495772_2,bing_P000_6308827_060005495772_2,,data/train/images/bing_P000_6308827_060005495772_2_jpg.rf.8e3eb5858406a613e32b7e71659f5934.jpg,legacy_train,8e3eb5858406a613e32b7e71659f5934,1963aa86bb9807f3942428b87e614debb2b5e9bfe3b5596f79fed8b22d177b70,a57235f621ccac683898d422297aede069f5e0e2d6b1e98bc36683df603a2861,768,1024,7,historical_train
bing_P000_6308827_060005495772_2,bing_P000_6308827_060005495772_2,,data/train/images/bing_P000_6308827_060005495772_2_jpg.rf.b86e4d81dc647b7108f4c3462f6d99f7.jpg,legacy_train,b86e4d81dc647b7108f4c3462f6d99f7,44166c48e3993a95b0951df5046e65028e567f87d9aba619c8f561c006f748e7,213c835ac88e5acb1e5959ac89dbc82388a09d5870b954be481f7745c5bba44c,768,1024,7,historical_train
bing_P000_6325504_185935246146_2,bing_P000_6325504_185935246146_2,,data/train/images/bing_P000_6325504_185935246146_2_jpg.rf.b34f58f2f7f65a48dc7c4266942bf0db.jpg,legacy_train,b34f58f2f7f65a48dc7c4266942bf0db,605bc9f9ce169ee727972c473fd555a4f51f75db8f65e5dd391d9bea710d31e0,7661a857cb5ed22e1328bd16d93620e0471b31273a100beb75554eede5c52682,1024,768,5,historical_train
bing_P000_6325504_185935246146_2,bing_P000_6325504_185935246146_2,,data/train/images/bing_P000_6325504_185935246146_2_jpg.rf.cc77e13f38dfe608b121d3d429f8086a.jpg,legacy_train,cc77e13f38dfe608b121d3d429f8086a,a16759bd6cfa34ac6668e7007248009cb390d62ddc22bb9826e439259dcf54c5,6411c08778b7cc4bc932e2b29ecbed9b3e6bd9afcdaff88794c0b13d40057cf4,1024,768,5,historical_train
bing_P000_6325504_185935246146_2,bing_P000_6325504_185935246146_2,,data/train/images/bing_P000_6325504_185935246146_2_jpg.rf.d10a30c15fdd02facb45e41161a25391.jpg,legacy_train,d10a30c15fdd02facb45e41161a25391,845477fdbc00575d30e8a44d2cdfec2cd7dcd14d94ef9fc12992160b538f9fb5,03785802091ad8b28160b56434cdd8272e0bb04cbbd23c97eecb76dd80c7a410,1024,768,5,historical_train
bing_P000_8862579_8862579_1315095643000,bing_P000_8862579_8862579_1315095643000,,data/train/images/bing_P000_8862579_8862579_1315095643000_jpg.rf.5b5c3c6d5a05b830a454370d315a6d5e.jpg,legacy_train,5b5c3c6d5a05b830a454370d315a6d5e,c698a5ad57d201043e26d6a06a2313897884a9fd9fcad5ae6021ecee5c30bd51,076bc3bf8ed3cf498a2731dd3fc4edb208b0493aedcb0737c544da97eba07894,1500,1004,20,historical_train
bing_P000_8862579_8862579_1315095643000,bing_P000_8862579_8862579_1315095643000,,data/train/images/bing_P000_8862579_8862579_1315095643000_jpg.rf.d09a36809ed8bb798188e017890677c1.jpg,legacy_train,d09a36809ed8bb798188e017890677c1,6e132406798ae762dad1cb950ede1624f22c6e8f382e9d521647c61f7bff23da,868b155418df63e224e66f54e707d5c1f298a98ba6f81071833ea5ae2f89f068,1500,1004,20,historical_train
bing_P000_8862579_8862579_1315095643000,bing_P000_8862579_8862579_1315095643000,,data/train/images/bing_P000_8862579_8862579_1315095643000_jpg.rf.dc784192c2a11e9b5b546500f399142d.jpg,legacy_train,dc784192c2a11e9b5b546500f399142d,2dcce5dfb4badb101e11d2a0169419aff4469cd5669d21ad755a756b4e27f023,3fc9284d2e4b500ab8fe0e232bc53859d7a3f3a7e499bffc41161174dd9ec7ed,1500,1004,20,historical_train
bing_P000_94,bing_P000_94,,data/train/images/bing_P000_94_jpg.rf.70e7ebc5dad240da82b38224a16ad843.jpg,legacy_train,70e7ebc5dad240da82b38224a16ad843,9b2b7f105f7840ef2b208a48a485c97a33fe654fa38487798fc88ef7bc0caa11,34175b7f69bf2d436ef139efcc6f31c24582b7af1d8a6ed534ce5f521e2efe19,1600,905,16,historical_train
bing_P000_94,bing_P000_94,,data/train/images/bing_P000_94_jpg.rf.8574dfc99e8672f935b9a50ac4c4f54a.jpg,legacy_train,8574dfc99e8672f935b9a50ac4c4f54a,7c3b5df9e91f3d2d0bb41c93d234d4204533f4b5a4a2bbde409f27346d1c339f,6fd7fc11256829c678e3379ee3b6157c2fc0d5e9081e653d5042520091f7070f,1600,905,16,historical_train
bing_P000_94,bing_P000_94,,data/train/images/bing_P000_94_jpg.rf.b7ca0c07402517dd285ffda72ce29e8d.jpg,legacy_train,b7ca0c07402517dd285ffda72ce29e8d,6a777060b8ec7fea6a207d8472947eb20deeb9bcaf31ebd034da0bb8d9c712d5,a6013d21fdb61946d04e7891d1ce03345da1b17d2d7796b114e6b8bb72b3e904,1600,905,16,historical_train
bing_P000_9705071_200721594152_2,bing_P000_9705071_200721594152_2,,data/train/images/bing_P000_9705071_200721594152_2_jpg.rf.4e35f52f31994188e3ed6aca3dbba8a4.jpg,legacy_train,4e35f52f31994188e3ed6aca3dbba8a4,850a4fcd81fd4cbb76f6211464610bd9480a686877aa2a7f733d0e01b98c02e8,2d838995051841b553aadc02515849aecdb772890eddc4269e41f689cf63f7a7,765,1024,9,historical_train
bing_P000_9705071_200721594152_2,bing_P000_9705071_200721594152_2,,data/train/images/bing_P000_9705071_200721594152_2_jpg.rf.79d1bae8aa32b08c07e080ab9d074462.jpg,legacy_train,79d1bae8aa32b08c07e080ab9d074462,e80e35c9c5a12cb1d4dd9a5f82152bef25931ee0a82db34149949a9aa8029030,f90ea987e9d9f55f51d2b82dee776b39284241ac81db574cb8c323bcc6473261,765,1024,7,historical_train
bing_P000_9705071_200721594152_2,bing_P000_9705071_200721594152_2,,data/train/images/bing_P000_9705071_200721594152_2_jpg.rf.8501b738a726acfb35269834dcd470de.jpg,legacy_train,8501b738a726acfb35269834dcd470de,afb60d72719939c22c3406e2a02f4edb676f278055bd5e95ebc006b2043fbb4b,c5187a75d224fcaaa19c76b691a404959cc2adef7a742476bf614bf65e04f9c7,765,1024,9,historical_train
bing_P000_a24908bfb6be4282fb0bb64be4c6558f,bing_P000_a24908bfb6be4282fb0bb64be4c6558f,,data/train/images/bing_P000_a24908bfb6be4282fb0bb64be4c6558f_jpg.rf.0e417a03e1d307b8d69d921cb46fefbf.jpg,legacy_train,0e417a03e1d307b8d69d921cb46fefbf,9fe8da9331ce7fa6ef9c7f02c415d5c3b1d42419bf9244a1f8847c184b18c9dc,5bb62717cd8f29047d06fadfe78506ec5acf07b05bdd2a8fc80d6442040c21ca,1200,800,58,historical_train
bing_P000_a24908bfb6be4282fb0bb64be4c6558f,bing_P000_a24908bfb6be4282fb0bb64be4c6558f,,data/train/images/bing_P000_a24908bfb6be4282fb0bb64be4c6558f_jpg.rf.65a6466b3083beb532d0d299e958f3cc.jpg,legacy_train,65a6466b3083beb532d0d299e958f3cc,495cd20b4202be5840ea5ec4e8659ffcb2e4281d962e995eebe5974bf669918b,c3c78606dc1b9576bb184ceb5a26de007bd6f41d0790f8c8aa3e36405590e712,1200,800,58,historical_train
bing_P000_a24908bfb6be4282fb0bb64be4c6558f,bing_P000_a24908bfb6be4282fb0bb64be4c6558f,,data/train/images/bing_P000_a24908bfb6be4282fb0bb64be4c6558f_jpg.rf.c9d467d96af878ca9362fec9f7c8b29d.jpg,legacy_train,c9d467d96af878ca9362fec9f7c8b29d,20d7b3766ff9a410f9112bb1ae2a96bf3e7e558c1cdbd873b76662e9ace2408c,c09a6177ccff60e7f8c3c4d60f951406c27bae385abecedcc169b97cda104900,1200,800,58,historical_train
bing_P000_CggYHVZXskOAUwd3AAMxQdHpJ88420,bing_P000_CggYHVZXskOAUwd3AAMxQdHpJ88420,,data/train/images/bing_P000_CggYHVZXskOAUwd3AAMxQdHpJ88420_jpg.rf.21eabed01a8c600eafc5d6aa0b2faab4.jpg,legacy_train,21eabed01a8c600eafc5d6aa0b2faab4,91999ec3caac908c444ef93b010b53c122bf0adc8d79d63519cc9a566130338b,3972fe0f06cbcd46b37c26cf03ec635ff88c1e4ea9721cc6d1a3346d892edf48,1536,2048,9,historical_train
bing_P000_CggYHVZXskOAUwd3AAMxQdHpJ88420,bing_P000_CggYHVZXskOAUwd3AAMxQdHpJ88420,,data/train/images/bing_P000_CggYHVZXskOAUwd3AAMxQdHpJ88420_jpg.rf.cb7be393bf44ab571c84ce82eb5958b5.jpg,legacy_train,cb7be393bf44ab571c84ce82eb5958b5,aa2ea4124a2f44ec7cc25f099751b5bac186e8b71bd06bfdd505e12f713c0a4f,9f5362d5e949d308710b47f7b6a60373f900725c186e867ca1f5368cbbc6b0c7,1536,2048,9,historical_train
bing_P000_CggYHVZXskOAUwd3AAMxQdHpJ88420,bing_P000_CggYHVZXskOAUwd3AAMxQdHpJ88420,,data/train/images/bing_P000_CggYHVZXskOAUwd3AAMxQdHpJ88420_jpg.rf.f190ab49ba0840df902efcce37b2ca79.jpg,legacy_train,f190ab49ba0840df902efcce37b2ca79,2a1124f825ed2dee5cf03d37566aba7bf1e1cad1b36369d61d3e36e99cbf43dd,18dec2a94e47ec934c882330aab14d96afb5ffdc4a9e14e620da733cbb03b76a,1536,2048,9,historical_train
bing_P000_CghzfVV7cCuAOsUmAAJwfSQI7n4788,bing_P000_CghzfVV7cCuAOsUmAAJwfSQI7n4788,,data/train/images/bing_P000_CghzfVV7cCuAOsUmAAJwfSQI7n4788_jpg.rf.1c72b1565c7e16d8fba03cabba5d5afd.jpg,legacy_train,1c72b1565c7e16d8fba03cabba5d5afd,505653948037db794f04042c5d63371e67bd96191a1e58d20e41ff98a948e167,fc9401bdcd521a11f6978d9e772e1c256d030d0238030ff08a2b2f774c878d1d,1334,889,1,historical_train
bing_P000_CghzfVV7cCuAOsUmAAJwfSQI7n4788,bing_P000_CghzfVV7cCuAOsUmAAJwfSQI7n4788,,data/train/images/bing_P000_CghzfVV7cCuAOsUmAAJwfSQI7n4788_jpg.rf.59c7c93c3674e39ea9f7df3bbc40ba07.jpg,legacy_train,59c7c93c3674e39ea9f7df3bbc40ba07,10d1e59fc5c198330f3f45943a1e529bc17b6675345375df95a7bfe9d17cf45a,1f11ab92bf4f3cc06618f7e7c32c8931b738efa91cd81deb0c6e59777fb0b7a4,1334,889,1,historical_train
bing_P000_CghzfVV7cCuAOsUmAAJwfSQI7n4788,bing_P000_CghzfVV7cCuAOsUmAAJwfSQI7n4788,,data/train/images/bing_P000_CghzfVV7cCuAOsUmAAJwfSQI7n4788_jpg.rf.c7cebc7c5afb32f6c34b53202a394e9d.jpg,legacy_train,c7cebc7c5afb32f6c34b53202a394e9d,9ddae00af8811fa833a3b3385a6bea1ecd58d97c170c6bfe5c6046ce97e0ed33,f5ced55a48f4f0f5467f2e87ca05778f4cde716c895d2d555ea97e1786340a55,1334,889,1,historical_train
bing_P000_tooopen_09320794,bing_P000_tooopen_09320794,,data/train/images/bing_P000_tooopen_09320794_jpg.rf.2fe9d50e5a1f8db3ee7f9c34ebd4ff7c.jpg,legacy_train,2fe9d50e5a1f8db3ee7f9c34ebd4ff7c,eebc56fb8684e7d7235a6ef9f725213715a3faf3b2c3c6322b46acd798862f35,14548afa99117e3a28a7447a368b47df94b85c41dd2e60e133710ddc8be68bd6,1024,768,4,historical_train
bing_P000_tooopen_09320794,bing_P000_tooopen_09320794,,data/train/images/bing_P000_tooopen_09320794_jpg.rf.61f440f8bb58103cdcff33e5638bf962.jpg,legacy_train,61f440f8bb58103cdcff33e5638bf962,b6901eeaf39229301cb218ab9fccdca08a97e1c7fbd733b6393af93ca2e64c04,58a639dccdbf972aa4d581699a380efb0f6c9796b8915b822986c9bfb51dca6a,1024,768,4,historical_train
bing_P000_tooopen_09320794,bing_P000_tooopen_09320794,,data/train/images/bing_P000_tooopen_09320794_jpg.rf.9b2df2857ad3762f502733364dbcfd92.jpg,legacy_train,9b2df2857ad3762f502733364dbcfd92,76a3f6a496f31e5412d305b6f84a4a48bad830d9948c1ba10d45e8dbc633aa03,e21699559850448fd581b88631d0c0d08fbe5ff737432e9baa4f8792ed58827c,1024,768,4,historical_train
bing_P000_wKgBZ1i5w6iAan-nAAqdnFOV1H888,bing_P000_wKgBZ1i5w6iAan-nAAqdnFOV1H888,,data/train/images/bing_P000_wKgBZ1i5w6iAan-nAAqdnFOV1H888_jpg.rf.75d79335cf7b8b2069d7eabf7ebbb78a.jpg,legacy_train,75d79335cf7b8b2069d7eabf7ebbb78a,e929fdd2449a1493388d10ee38d69f55c5078183d3ce12a740dee84f2e51f729,230bee2fcec6692f5c36cc78be0c3273996b2012e47a1ccabc92f345f72deaa4,2048,1530,41,historical_train
bing_P000_wKgBZ1i5w6iAan-nAAqdnFOV1H888,bing_P000_wKgBZ1i5w6iAan-nAAqdnFOV1H888,,data/train/images/bing_P000_wKgBZ1i5w6iAan-nAAqdnFOV1H888_jpg.rf.f9bec399bf2df34a6e12ad6ac3995e5e.jpg,legacy_train,f9bec399bf2df34a6e12ad6ac3995e5e,2f33f868a4922a9d885aef370ae2334d2d04bfffa2a64484acfee403fa6faeb6,c01208535726efee322c6fb0d677224248bd1572fe0e1281c1a20a466160f437,2048,1530,41,historical_train
bing_P000_wKgBZ1i5w6iAan-nAAqdnFOV1H888,bing_P000_wKgBZ1i5w6iAan-nAAqdnFOV1H888,,data/train/images/bing_P000_wKgBZ1i5w6iAan-nAAqdnFOV1H888_jpg.rf.fdeb4716dd24d5ab460837d429fb8bf1.jpg,legacy_train,fdeb4716dd24d5ab460837d429fb8bf1,3c4527d040cde838a9c2a1342e9ad56f2d02cb11143dc6b25256e19bc5a0c2da,a833333b0e3965131ab33150041d5f28e350cbe9ff5678ae57baa7e6a1aa0795,2048,1530,40,historical_train
chitube_V0002_I0001220,chitube_V0002,,data/train/images/chitube_V0002_I0001220_jpg.rf.185da9efa001de233a68e158b5ef9761.jpg,legacy_train,185da9efa001de233a68e158b5ef9761,0f760369ca470129cf5fea6422e94d4667e014dc30c7033e23bf8deefc5ba722,bdc435c83f98df8bf7c1f9a0098ce6ea4bee0067f485375c0987855096e8a8fa,1920,1072,300,historical_train
chitube_V0002_I0001220,chitube_V0002,,data/train/images/chitube_V0002_I0001220_jpg.rf.32887753c99ac3398fa2a4a6111eca86.jpg,legacy_train,32887753c99ac3398fa2a4a6111eca86,ba059b4cb775c2a80fedb8303f957a560ae3b43c285abb708ab1d98ec0c96edc,be000a992d048d85115e16c199a28ba0dd63c5644f2070f8617546f43e82e417,1920,1072,303,historical_train
chitube_V0002_I0001220,chitube_V0002,,data/train/images/chitube_V0002_I0001220_jpg.rf.423cd0a09d8d419ab3cad36ebf17d1fb.jpg,legacy_train,423cd0a09d8d419ab3cad36ebf17d1fb,c17f602dcf54c2fb11543e1b6ae6247a0cbcb774f80ae5f95ba845ed16ef99ef,30fa71d8e85336f4cd5455445784a8476dffaa0889f018815ba4570679822b96,1920,1072,301,historical_train
chitube_V0002_I0002940,chitube_V0002,,data/train/images/chitube_V0002_I0002940_jpg.rf.2fc253c2526653c62f553b05f445f221.jpg,legacy_train,2fc253c2526653c62f553b05f445f221,faac0c691557a9d477eb8584bb567999a632ae06fc99019e2c81522b38aa73a7,31ffd96a57fc90845869c08a3ab270111847867bffa26df1a58bfd3b32c2e788,1920,1072,505,historical_train
chitube_V0002_I0002940,chitube_V0002,,data/train/images/chitube_V0002_I0002940_jpg.rf.632f492a80495123a317bbf35f02a701.jpg,legacy_train,632f492a80495123a317bbf35f02a701,7db2d31011d4fbc0e523afafd2d450f53093a92c6cbd8e1bf6c0cf6d9b765254,fa45ea953e263dfffd460a368ca13f7c5bc90a1684ef2bf20f91240ca17409b9,1920,1072,481,historical_train
chitube_V0002_I0002940,chitube_V0002,,data/train/images/chitube_V0002_I0002940_jpg.rf.e50bca75ecc1cd019533542d50bf01f6.jpg,legacy_train,e50bca75ecc1cd019533542d50bf01f6,30d8fc3fdf4dbdecb511db9226378962eedd28fa7c1532c947ae1dd619b63f63,c73791468cd1b4e71ae4738f36303b9098a049327298f6320e1d3e204bba5337,1920,1072,505,historical_train
chitube_V0005_I0001080,chitube_V0005,,data/train/images/chitube_V0005_I0001080_jpg.rf.1aa38f5297c0d264c5149ecfa7863db8.jpg,legacy_train,1aa38f5297c0d264c5149ecfa7863db8,a89b2a4eef7bbe501c35bf5f29da3f6684c159ae48bbbcbd2799be73b13ead62,6aaa54165806fc11e0f366d62ecd79d126657210e9897347af61686afca36bd7,1280,720,359,historical_train
chitube_V0005_I0001080,chitube_V0005,,data/train/images/chitube_V0005_I0001080_jpg.rf.d8dfe146610b26de83c908c35de74850.jpg,legacy_train,d8dfe146610b26de83c908c35de74850,4d6ae684ecbcb4d971ff0231e4012e6acbbaaf5ffa840e13649a5dd8f271c406,2c0262369dd1f8237614021658a99236035214539d136d665a95e6d53e4331d4,1280,720,355,historical_train
chitube_V0005_I0001080,chitube_V0005,,data/train/images/chitube_V0005_I0001080_jpg.rf.f44720e7ea0c8a4f3cd8ff695037e63c.jpg,legacy_train,f44720e7ea0c8a4f3cd8ff695037e63c,b8cfe949fcbfb575317955fdb9bbfed715b80ea45f06087e6c868db6ab577d5e,21eb3455cc774d967aa4f0f7e4df6f65251f0fb58d80ff2e78cfdbbfdee2e4cd,1280,720,359,historical_train
chitube_V0005_I0001480,chitube_V0005,,data/train/images/chitube_V0005_I0001480_jpg.rf.9e7c73498cc5193cf57e054135593be7.jpg,legacy_train,9e7c73498cc5193cf57e054135593be7,fef03701d78d792962aba20873405bdab516e4bc0190fc202280899a50c92412,4002df939a580e05b4c3ecd6e86258227a2c2b166f45913b90a51d6cd78c53ab,1280,720,186,historical_train
chitube_V0005_I0001480,chitube_V0005,,data/train/images/chitube_V0005_I0001480_jpg.rf.aebf134beb22cc0370cce0bafe7e135d.jpg,legacy_train,aebf134beb22cc0370cce0bafe7e135d,8d33e78a56686b3abd5123ab36e8bae78b5cc14b68f2a55af148a267da83b4d1,062aaa55d41874091c80c18f0ab92843cc578980efba9a70350be84350f8066a,1280,720,186,historical_train
chitube_V0005_I0001480,chitube_V0005,,data/train/images/chitube_V0005_I0001480_jpg.rf.e8345c3ff4e5192cd0dd8c5ae586dd31.jpg,legacy_train,e8345c3ff4e5192cd0dd8c5ae586dd31,6de86ac2b7b2d0694512ced466a73c3b6e3e74f9134097fb98a2b2547bfef43e,8b184078a1cbbfe15704ef8b1a88ebe2b4ef96f47d98f3a5a617e61c8ccdc4dd,1280,720,186,historical_train
chitube_V0005_I0001960,chitube_V0005,,data/train/images/chitube_V0005_I0001960_jpg.rf.8b010bf9c693dde78b6c7d908ac23ab3.jpg,legacy_train,8b010bf9c693dde78b6c7d908ac23ab3,d612c6deea868d73d15549cf80fa49a72b810257f66d5c26dacde2ec4e74aa1c,341432cc29179e57927c7e355fbea2397798de09e7ca1118bf471a9985177239,1280,720,222,historical_train
chitube_V0005_I0001960,chitube_V0005,,data/train/images/chitube_V0005_I0001960_jpg.rf.90ed1d403016e06168409a91da514cbe.jpg,legacy_train,90ed1d403016e06168409a91da514cbe,7d696e119a0b79847ff04d2754cb1053d712d6cd550d4869cc1d970c1903692a,a4224e4f2248653abad02b227918b3d3396a67571d8114beaeeb4a491a8fdd0d,1280,720,237,historical_train
chitube_V0005_I0001960,chitube_V0005,,data/train/images/chitube_V0005_I0001960_jpg.rf.e44ce1da2af1670009fb5e9fd197e9db.jpg,legacy_train,e44ce1da2af1670009fb5e9fd197e9db,17f394205ba37b48e4c5f91d2983a66815e47039281edee07292da8fb1ddc847,ccaa5d5da24b000cbca8e0b812ecefc4a99181ed83dfbef22108473e61798680,1280,720,239,historical_train
chitube_V0005_I0002200,chitube_V0005,,data/train/images/chitube_V0005_I0002200_jpg.rf.07adcdb9d73fac09856de6fd7cacc3fe.jpg,legacy_train,07adcdb9d73fac09856de6fd7cacc3fe,3ce355af34de9a32efad1e6bee8b0c018e0eb56cd1f627de6c8e2129d50c460c,76896d333c19757613152b5c58de3b114d55ad7cdb1d7b8c37378ff3336faeef,1280,720,134,historical_train
chitube_V0005_I0002200,chitube_V0005,,data/train/images/chitube_V0005_I0002200_jpg.rf.65d974b07ecf3baa4ff078b8f7013705.jpg,legacy_train,65d974b07ecf3baa4ff078b8f7013705,bda1c1828cac30df53e14313f9177cfafea2c189d5df3f3680988395484cd972,3f6248d89adb76ade3870affa071ba202267f2bca94e7dd4460074e1264d7374,1280,720,135,historical_train
chitube_V0005_I0002200,chitube_V0005,,data/train/images/chitube_V0005_I0002200_jpg.rf.8aecc1d56fab5ec6be26174de9128144.jpg,legacy_train,8aecc1d56fab5ec6be26174de9128144,ec4bc5ab7935f1c6cbe7119a2657922f77a2001e027b8ab6ce2385d93cb37764,79c0a095ca4742a95be656df5e53a9590decb71ed7117d81ed065114d2134ee9,1280,720,135,historical_train
chitube_V0005_I0003120,chitube_V0005,,data/train/images/chitube_V0005_I0003120_jpg.rf.6bd3c12f0a6c153fac66ecfb9a46e762.jpg,legacy_train,6bd3c12f0a6c153fac66ecfb9a46e762,f39a222423c85a9ff7eda15e42c9074cd4682d4907cb5f06c116658c579f598b,e024be36f305ce9bbdee278fd467d360f2c74fac7c35fbafc0e55a69029f0f0b,1280,720,20,historical_train
chitube_V0005_I0003120,chitube_V0005,,data/train/images/chitube_V0005_I0003120_jpg.rf.6ebb8671c061ded5d9fd600e2dac27b6.jpg,legacy_train,6ebb8671c061ded5d9fd600e2dac27b6,408f5788aed7f670409359ccd24daed9e942198dc199c2130fdd5add45715669,ebc7899287e21d13ed14ddd69dc4d048a5b17af5d313fc23f7e7d84da9103463,1280,720,65,historical_train
chitube_V0005_I0003120,chitube_V0005,,data/train/images/chitube_V0005_I0003120_jpg.rf.c55d56b52e39dd4de1c210563c4b0bd2.jpg,legacy_train,c55d56b52e39dd4de1c210563c4b0bd2,f1b9020aa8c5a13833c0e8213ce669aba9ffe8968d790653d7fa8a7dc38c0635,b32a2049559321e83522f0e8d0885415b1c1c1233f67f1ded92bfec214a3bfb1,1280,720,83,historical_train
chitube_V0006_I0000020,chitube_V0006,,data/train/images/chitube_V0006_I0000020_jpg.rf.1a71a18f4a0daa4491ab37c7c70dd611.jpg,legacy_train,1a71a18f4a0daa4491ab37c7c70dd611,5ff6968a6a7e25e237144e8026bf1902d0730ae3a5903b217453a525bac5c46e,f23de4a42fa9fd00bd3fcf3c69c72e8763fa65d8e3efcd5a0381c19fe8a313fc,1920,1072,123,historical_train
chitube_V0006_I0000020,chitube_V0006,,data/train/images/chitube_V0006_I0000020_jpg.rf.60581f29ca006e20ada2d60603a3dfe2.jpg,legacy_train,60581f29ca006e20ada2d60603a3dfe2,77bdf040d0859fbadb409eaba130ac1ec224978a6a5967c3fd2b4772812b9d3b,e3ed6e4c1c0223df45389c542812c9e4b8801d62804d9a0bb0528c997e7b3653,1920,1072,123,historical_train
chitube_V0006_I0000020,chitube_V0006,,data/train/images/chitube_V0006_I0000020_jpg.rf.a1f758b1793e2fbecddbc6209fcb557c.jpg,legacy_train,a1f758b1793e2fbecddbc6209fcb557c,5dc6b98e0fcebdd496af4145e4ddce2c26dcb9cee4b8e369a41ecd3efbbdb764,3c57fb3330deb71bb80365c3c69b8e100788d6dc27cbbbdea222babdfd03fe3d,1920,1072,123,historical_train
chitube_V0006_I0000160,chitube_V0006,,data/train/images/chitube_V0006_I0000160_jpg.rf.1df9e25f5e414814087b7d7db7b6c57d.jpg,legacy_train,1df9e25f5e414814087b7d7db7b6c57d,e425d0cfe732e4329071e15e3f34fe8576a0ef8cc3f4f579be7c9d1c883be8a4,813ea6698c0644b431e25e6efd9deb45c2c9b9e8b22b616fe8bec60b730a2a66,1920,1072,30,historical_train
chitube_V0006_I0000160,chitube_V0006,,data/train/images/chitube_V0006_I0000160_jpg.rf.844c0a3be2d0ad7d1ea945bf7fa5fff4.jpg,legacy_train,844c0a3be2d0ad7d1ea945bf7fa5fff4,c5f065fe59b90f5753d9e00888851f69afad133616f2af036cb1bf398b1a03e9,00f8715872abaf6ee4863a0fcf4014909ce2deba2baeebc8f098338d6146ac8b,1920,1072,30,historical_train
chitube_V0006_I0000160,chitube_V0006,,data/train/images/chitube_V0006_I0000160_jpg.rf.aba91d2994058b19edfe6b6fdce32bba.jpg,legacy_train,aba91d2994058b19edfe6b6fdce32bba,763700b240c001443d75ddbfe5b0cc2c1f13e30c02df39fc5aa8e855425ce4ff,3989eb3c8a0d50d184cd2f7d18a6f67f016cb41b73c459c70458c9c22b55288d,1920,1072,30,historical_train
chitube_V0006_I0000460,chitube_V0006,,data/train/images/chitube_V0006_I0000460_jpg.rf.11b137c53575040f3f9e80a794986414.jpg,legacy_train,11b137c53575040f3f9e80a794986414,8208f7a269fb275d3b66a13047cea0e174fe4975a3647e3ffdb6f5f631d616a4,0eb6f2c5a8f3012afb367efd422b022c909f605c0ba0a1b04a8320eafc2532a8,1920,1072,17,historical_train
chitube_V0006_I0000460,chitube_V0006,,data/train/images/chitube_V0006_I0000460_jpg.rf.75976156b9e5a7ec3367bf4907be61a8.jpg,legacy_train,75976156b9e5a7ec3367bf4907be61a8,45360fff4d213bc434834a39ffb89efda2b89ffc64b7c3fd500af29597e80a82,73367c91770781c23fec739133c795bcd749345b2a142806f43ffd8b92d9f7c8,1920,1072,15,historical_train
chitube_V0006_I0000460,chitube_V0006,,data/train/images/chitube_V0006_I0000460_jpg.rf.f73e8201ee130406246b6addc636b9b0.jpg,legacy_train,f73e8201ee130406246b6addc636b9b0,6ae4b1c89085fe949f7df95cc61ed5813dcd44fb1ff4db9b6d371ebb11a89f91,e7360c3ab17bf91649a49757265a764c67519b3b6785dcebd00e727c3be19608,1920,1072,17,historical_train
chitube_V0006_I0001000,chitube_V0006,,data/train/images/chitube_V0006_I0001000_jpg.rf.74284af9adc25e81057f6e16af66f756.jpg,legacy_train,74284af9adc25e81057f6e16af66f756,36b718b37d52ba7c96c72bc4acdea098ec320c386062c652659f4e1cd1c3263a,b039c6b2e5f2a836f2c74c637a77a17774f2ed1e957e7b355ca302d8d0c3551c,1920,1072,173,historical_train
chitube_V0006_I0001000,chitube_V0006,,data/train/images/chitube_V0006_I0001000_jpg.rf.99517f2decdc5fd742d68fcdaf7bac23.jpg,legacy_train,99517f2decdc5fd742d68fcdaf7bac23,1de9086727766c6645c8d86e7090684e631ae58559740cfd49ab3a6833e29c09,33f6c6beb6106d822f427c3bb6d1ffc0f72271756ff6fa670dbf685b1f17bdd7,1920,1072,168,historical_train
chitube_V0006_I0001000,chitube_V0006,,data/train/images/chitube_V0006_I0001000_jpg.rf.eeebc3095b759dc79bf97a2e77002ae0.jpg,legacy_train,eeebc3095b759dc79bf97a2e77002ae0,d7a6e1fc61f93bacd997baec91c3fd343a8365accacdb6ccc6045928222e6b7e,a60fddaefc112210b4279909c12974ab179960348b2813a82ee31fb893675041,1920,1072,173,historical_train
chitube_V0006_I0001620,chitube_V0006,,data/train/images/chitube_V0006_I0001620_jpg.rf.a3b51229a966ec5511452e1f320e46da.jpg,legacy_train,a3b51229a966ec5511452e1f320e46da,754a0a5029098c0abf60ee60e84359f2f0b567f6f459f0e9db54cf78b2ad6a49,5467ea7ff20380e05584d68e21a1409e77b56a3d524fc0df0c72e21fdd336e94,1920,1072,131,historical_train
chitube_V0006_I0001620,chitube_V0006,,data/train/images/chitube_V0006_I0001620_jpg.rf.ccf51961d45f633e5e8adab2389ec155.jpg,legacy_train,ccf51961d45f633e5e8adab2389ec155,9ec35065b06ef12661f0de3b127123bb956f1c6081448d08ca03cfd168864d07,bfcc4fc0755dc48f741c2fe194bb1bd00de014ade262c128cee387d00c3a250d,1920,1072,130,historical_train
chitube_V0006_I0001620,chitube_V0006,,data/train/images/chitube_V0006_I0001620_jpg.rf.dacbf5d2a4a56067a931f23697e822f3.jpg,legacy_train,dacbf5d2a4a56067a931f23697e822f3,c63c2d715653e6d66e46c5caab74260c7dcac541296245a74ba13281701e036c,80c1edd4e1ca55874255064d3c9d60bf2e7b553bd37ef52f2b58c1b86f61ab8b,1920,1072,132,historical_train
chitube_V0006_I0001780,chitube_V0006,,data/train/images/chitube_V0006_I0001780_jpg.rf.4761c336f90018909e570ff5e7a76c66.jpg,legacy_train,4761c336f90018909e570ff5e7a76c66,a363c46ce1dedc74ac712d8952d2ff49b8b8fe16ae8c95c20719c2188c6f741b,82fe47635d8371c955df5cce26749cff6cdcb65a371d877015e8e7f7818e1651,1920,1072,115,historical_train
chitube_V0006_I0001780,chitube_V0006,,data/train/images/chitube_V0006_I0001780_jpg.rf.733e0b6a9bb904232618b6c1a48f100e.jpg,legacy_train,733e0b6a9bb904232618b6c1a48f100e,69a055d35e521a2763e1f34d204c34a5b8be857fe32d4eca28da027f958f69c6,f9c8a33080c54627321f3d31414257601be2d559d3cbf56e708e36951e41d7cc,1920,1072,114,historical_train
chitube_V0006_I0001780,chitube_V0006,,data/train/images/chitube_V0006_I0001780_jpg.rf.f72a5939cf7f500380cad1ecce7cbd54.jpg,legacy_train,f72a5939cf7f500380cad1ecce7cbd54,dbe112640ff64308c6a6aa4fa00143a3b1c33dd4212a18b275f5a6017e1fef44,1760ddc0cb74162b16c1cbf6ef2109c9f8f4ca4bb1b2600572477a0d204bfe49,1920,1072,110,historical_train
chitube_V0006_I0001920,chitube_V0006,,data/train/images/chitube_V0006_I0001920_jpg.rf.330c4c6ae94db5b61a1bbd251067eb4f.jpg,legacy_train,330c4c6ae94db5b61a1bbd251067eb4f,a3f2e40e37bb52545813324b1d84c20f567bac137a8a32dbe1dc9477fff36710,2acab2d615f085cd7d0948e0bedc275573f6dd9cff002eda92bba0ca09d24826,1920,1072,16,historical_train
chitube_V0006_I0001920,chitube_V0006,,data/train/images/chitube_V0006_I0001920_jpg.rf.40809584fca069ebe8d1335ddbe29f4c.jpg,legacy_train,40809584fca069ebe8d1335ddbe29f4c,efdffe40d5a0fa64972a4fa186bb278af6b7b8acf60b7b0534b7bad103952515,777193093551017d21ca54bed6a22eea0b9f2eec52ee88d75ada15bb83831e42,1920,1072,16,historical_train
chitube_V0006_I0001920,chitube_V0006,,data/train/images/chitube_V0006_I0001920_jpg.rf.ae56f4a338f310875e14d693b8e690c8.jpg,legacy_train,ae56f4a338f310875e14d693b8e690c8,b6e02be999cace285409acc22832586e54253ba891a174074a735b429279f9c0,b943f359b5bf77a165520b4b2a0323eb7a5892d92fb8f0cbe14939b665620c4a,1920,1072,16,historical_train
chitube_V0006_I0002740,chitube_V0006,,data/train/images/chitube_V0006_I0002740_jpg.rf.1bdfe27675261cfcbd2bf6cec2ac4ec6.jpg,legacy_train,1bdfe27675261cfcbd2bf6cec2ac4ec6,c7c930903c8ec170a5f7881cc96296f4b47ab634e657057ff1a4aab621e7a8ca,c9b91534a007c0a49d3e693d4b975b3abdb5b4e92c3e9cc6fc2c83cc330b9b17,1920,1072,89,historical_train
chitube_V0006_I0002740,chitube_V0006,,data/train/images/chitube_V0006_I0002740_jpg.rf.8111d589eb5c4c57213e6cb09fd29eef.jpg,legacy_train,8111d589eb5c4c57213e6cb09fd29eef,41d2dd3e62090d28a185a204cab3ca34bd80ed56301aa5a895957fdaf2f9a2ea,0ed32b973ce17e8efb2bc444f7e6f576a4b831c23a0468a7b67e88f19c031c0c,1920,1072,88,historical_train
chitube_V0006_I0002740,chitube_V0006,,data/train/images/chitube_V0006_I0002740_jpg.rf.f3e042d476f897ff37cdd7af0ad58dde.jpg,legacy_train,f3e042d476f897ff37cdd7af0ad58dde,8ebbf88d9615d67810ae3975e0aba67ff45dea675a198f33bf1ac46e5e173192,e2467217557c8ca3ce93b72470ad8635ec0ee66c606e3c11fefa459dd7cfbac2,1920,1072,89,historical_train
chitube_V0006_I0004960,chitube_V0006,,data/train/images/chitube_V0006_I0004960_jpg.rf.20cdfcabdaa524d40fe5810c44a4aa84.jpg,legacy_train,20cdfcabdaa524d40fe5810c44a4aa84,c2f590e48b4b52a29cb6a6ba4b62f1331b899c47ef7f92047c48e7ca6cac56a4,dd3fe29214d87f81cf126202374989b1f09d75fc8cddadaec382292d2548b0de,1920,1072,155,historical_train
chitube_V0006_I0004960,chitube_V0006,,data/train/images/chitube_V0006_I0004960_jpg.rf.ae02242b0ad7b16c6f1e99a2065635df.jpg,legacy_train,ae02242b0ad7b16c6f1e99a2065635df,a4b642ce0bb30d4d5725ba824d55ee25659cff910c7161ffb42079d4f8ea0642,d73166e02a3c0854b744ea4ee5cf29a9a23f385324d694bc80c605a6ffb2e9ac,1920,1072,155,historical_train
chitube_V0006_I0004960,chitube_V0006,,data/train/images/chitube_V0006_I0004960_jpg.rf.b212d4b1cc47b03a956516e21c4165b6.jpg,legacy_train,b212d4b1cc47b03a956516e21c4165b6,29167f73dab36a19581d434b82f2d0d3be97bdea471cf31d09059ebcffacecb5,0a7776c789892c7c03ebe55607a59caced3b6f9b48ab5846761133c6a3807dd2,1920,1072,156,historical_train
chitube_V0006_I0005060,chitube_V0006,,data/train/images/chitube_V0006_I0005060_jpg.rf.37a31e215b2934cbc9c0127bb461671d.jpg,legacy_train,37a31e215b2934cbc9c0127bb461671d,8c976558c7edd141cf3de773309f8b4a277e7ed08c38797002d31cd68825c027,bb3aa58f616ae214f7ff1a1f03dc8016944add768528846e4ff6c7bdc8fb585f,1920,1072,102,historical_train
chitube_V0006_I0005060,chitube_V0006,,data/train/images/chitube_V0006_I0005060_jpg.rf.638f3465f3f6ac6726c09146ef94c2cc.jpg,legacy_train,638f3465f3f6ac6726c09146ef94c2cc,a99acc73a654f088e356bf7cacf7eb10bd52f1872e428ce160d93afd795beac3,177ea722aebec0aad1f18a8e04355f25471d397026c419ab864b498d423144b0,1920,1072,95,historical_train
chitube_V0006_I0005060,chitube_V0006,,data/train/images/chitube_V0006_I0005060_jpg.rf.ad9af614438d7c12b7c56936a81ef23f.jpg,legacy_train,ad9af614438d7c12b7c56936a81ef23f,a87254eacaa678e03d28bbd4dd71dad83c99338eaf1d92c452b00aa29ff612cb,ad23a90092f521d015ecc5b17d3837e03a2caad622d93a89ae655ef0e5900824,1920,1072,102,historical_train
chitube_V0006_I0005100,chitube_V0006,,data/train/images/chitube_V0006_I0005100_jpg.rf.2d036e3670321e898a715f094521fe4d.jpg,legacy_train,2d036e3670321e898a715f094521fe4d,74990200d2303a3bb59f68d37b6a5b69d3d8ff2887506e7b5b40859b18841b6f,192d7fbf707a5c018b9970f6142a4147aba4ffc6f341ca99f1400900d0d8bcba,1920,1072,71,historical_train
chitube_V0006_I0005100,chitube_V0006,,data/train/images/chitube_V0006_I0005100_jpg.rf.478aa5108af43a435a55f4032c2b6d0b.jpg,legacy_train,478aa5108af43a435a55f4032c2b6d0b,46264062aff4e477aacf93b7e631174a4e19500f4b032c50051d5b8673e9beb3,bb5674dc28f779cf3db9e54aa7eef5ed14296bbf916234007334c975cfa61246,1920,1072,71,historical_train
chitube_V0006_I0005100,chitube_V0006,,data/train/images/chitube_V0006_I0005100_jpg.rf.d5985e9b4c6bed8f4df3c0474b563c04.jpg,legacy_train,d5985e9b4c6bed8f4df3c0474b563c04,a1bc0d265f0a0d5ac1ddc15f11282a994de55d72c042299860124fc730bfa785,bfd2e9d7acc9f01c59909dc189de0097f1325d8db4987b2f480df2798de7efdd,1920,1072,71,historical_train
chitube_V0006_I0005520,chitube_V0006,,data/train/images/chitube_V0006_I0005520_jpg.rf.71eb56b64e047644a7353e2cec7513c7.jpg,legacy_train,71eb56b64e047644a7353e2cec7513c7,8072fa92466ab9bf4406ede92ba8250a3b4dc3e9bf7854d1151030effd44ef77,cd1bd625087a76c0e53523aee0d3e9a70f63b6d3d764b2fa87bb3dbbd29f3c62,1920,1072,49,historical_train
chitube_V0006_I0005520,chitube_V0006,,data/train/images/chitube_V0006_I0005520_jpg.rf.d44ee577542b90a0c66676eeeced229c.jpg,legacy_train,d44ee577542b90a0c66676eeeced229c,fb03dbff0e2a93edfe04e4ac7deab8e82eaa0a1af1e5fb2d179e2851222a3df5,cae8ce842f4c88ead483950eeb59c49ad7479a7bb6aa90127d13a889e779b555,1920,1072,49,historical_train
chitube_V0006_I0005520,chitube_V0006,,data/train/images/chitube_V0006_I0005520_jpg.rf.fd725d5f71bcb303b0c17de548e7373f.jpg,legacy_train,fd725d5f71bcb303b0c17de548e7373f,5006844460f7deb6bcf37629c1d39274ceb13a2595b0cbad12cd3ecbd97c00f5,247cdc2bf1fc85effabc6306c50aa062f5f7947eec709e5929ffb9750badb46e,1920,1072,49,historical_train
chitube_V0007_I0000280,chitube_V0007,,data/train/images/chitube_V0007_I0000280_jpg.rf.761b7dccb43e3b9d607eebfbcdf133d2.jpg,legacy_train,761b7dccb43e3b9d607eebfbcdf133d2,e4918e93cdc0094069a1696c663b89b09b050cbfda9bacb9707ef822a99fe1cd,7c38f70f2d409a5da3d48cfb745e324e3b1e826613530e526e0da3b83f641277,1920,1080,147,historical_train
chitube_V0007_I0000280,chitube_V0007,,data/train/images/chitube_V0007_I0000280_jpg.rf.cc6b61e238f02084dd3bf5b6af464eeb.jpg,legacy_train,cc6b61e238f02084dd3bf5b6af464eeb,b1c3689b626fe768fa8e942ee931892fd41db3e3fbbc34c437649c1450f616e2,c64037ca6600e16c61bb92526061ae3184e122b8bfa825c85f96f7668bdee553,1920,1080,147,historical_train
chitube_V0007_I0000280,chitube_V0007,,data/train/images/chitube_V0007_I0000280_jpg.rf.cfb0cadb217657b3f15304d111186480.jpg,legacy_train,cfb0cadb217657b3f15304d111186480,d4136b689a33911f6f34672d87ab7f45167859544722d29fdac3c27c96cff0f0,90a3ad2fd08aa4c22f0267f85b4073778e6a0fa84fba24a81f8b025c19f7e58e,1920,1080,147,historical_train
chitube_V0007_I0001640,chitube_V0007,,data/train/images/chitube_V0007_I0001640_jpg.rf.0b7b4889daafcda055c5f3cb68b00916.jpg,legacy_train,0b7b4889daafcda055c5f3cb68b00916,fe9dbeaef83db0e2123e06086265f0f6ec425857c6919355361003bfca4ad452,f06ba321ff2a064d9ab6670714ac9e1861131cafb636a52fe5cc1efcee0aa4c2,1920,1080,83,historical_train
chitube_V0007_I0001640,chitube_V0007,,data/train/images/chitube_V0007_I0001640_jpg.rf.67bc27db5d3d93fe74b02bd8ef0aadd5.jpg,legacy_train,67bc27db5d3d93fe74b02bd8ef0aadd5,4d230348649ae45116213b9319be13d37d148afb7e8e6d70cfd18b4c89a8e103,36e420c8a0b02c552eb4a229a91e2b268c79042c72d5bf91774ebf592b60cccc,1920,1080,80,historical_train
chitube_V0007_I0001640,chitube_V0007,,data/train/images/chitube_V0007_I0001640_jpg.rf.76a02c01fbcc58d164e99709f8b924e0.jpg,legacy_train,76a02c01fbcc58d164e99709f8b924e0,934769967a09a11500f1f257c2745d920582de2818ccfac5cd0604bb2c851ce0,941b9c6db2cd924514cdba31ae4c41f4f52b4d607279e4095c79c454597a0204,1920,1080,83,historical_train
chitube_V0007_I0002360,chitube_V0007,,data/train/images/chitube_V0007_I0002360_jpg.rf.36ad8e016de41896a65deee6dc79ca1b.jpg,legacy_train,36ad8e016de41896a65deee6dc79ca1b,e1cf7c707e68f0036aab7cf93e8235f4f518721aa63a3a5263f3cbf85cedc4e7,c2628da09867cd4ac748b72794212c1c70362754c63e1886ce584191ff69501a,1920,1080,43,historical_train
chitube_V0007_I0002360,chitube_V0007,,data/train/images/chitube_V0007_I0002360_jpg.rf.4963ae0efa9ca4d0873e180fdfb442e6.jpg,legacy_train,4963ae0efa9ca4d0873e180fdfb442e6,a23d4f811472144cd01c407f3e3c2762fe6d32ced3a0d10e629b1cbc11a52370,c18931b578c9fc12d9924a13d1943dd063e3eb7a9728778f6c50568f4ce05ff0,1920,1080,43,historical_train
chitube_V0007_I0002360,chitube_V0007,,data/train/images/chitube_V0007_I0002360_jpg.rf.c51f4fba6cadfdb3a313e7e95f6a3b0c.jpg,legacy_train,c51f4fba6cadfdb3a313e7e95f6a3b0c,a7b1c7b49c1be748ab1b6d68bf68fbd162ca62528b2c946146416682d53fad3d,01fab5ed5149eaa79d55105a381a54ca239506cd04dcc66847ede49ef29d601f,1920,1080,37,historical_train
chitube_V0007_I0002840,chitube_V0007,,data/train/images/chitube_V0007_I0002840_jpg.rf.b1196b09f6a7b22307915cb96a907ea4.jpg,legacy_train,b1196b09f6a7b22307915cb96a907ea4,8af9669c2cfe4ef4dc914fd9570a1f0f7e7f625039e9eff5cb8771f28ee75758,374dce86ac880af40594cc4a6274bf4a278cb8923d68cf7fa8d5361c15610d82,1920,1080,40,historical_train
chitube_V0007_I0002840,chitube_V0007,,data/train/images/chitube_V0007_I0002840_jpg.rf.cdd3c2140b0cac954763601099be0868.jpg,legacy_train,cdd3c2140b0cac954763601099be0868,89dd4e47857f74a5c58bcaf38ca1dc553ae2eade2c82599fd6718ace6b5e7d35,99a5893fd4bb9b4eea756e7c56c7f91fb0148448e382ec39ce449e64ca709e20,1920,1080,40,historical_train
chitube_V0007_I0002840,chitube_V0007,,data/train/images/chitube_V0007_I0002840_jpg.rf.e6b35e948d4b18d19a50f1af9f8919d4.jpg,legacy_train,e6b35e948d4b18d19a50f1af9f8919d4,d21d23578d5d9e4f5154f46769f4d4890ed7943852fffd0e92455b475ace37af,5b772cb9c67a7a1788f62768d03a2dfc37188cb66767270a4c0a025d55a56810,1920,1080,40,historical_train
chitube_V0007_I0002920,chitube_V0007,,data/train/images/chitube_V0007_I0002920_jpg.rf.164978643a2e2ba841629e36fcd23d30.jpg,legacy_train,164978643a2e2ba841629e36fcd23d30,ae2aaf561b38cb17516c08060b3fb167f44d7fe0cd156968ebde5034fd0f534f,f3e725cd1a2e430b2ebee766fed646642540ae87babae9c41c25a35f60f8f211,1920,1080,103,historical_train
chitube_V0007_I0002920,chitube_V0007,,data/train/images/chitube_V0007_I0002920_jpg.rf.f25b8d8085901a0172412ec7a59dbfb5.jpg,legacy_train,f25b8d8085901a0172412ec7a59dbfb5,bca32468cd4915852257524b6116bae3f979aedf1821d9f7f0c36d3a5edc529a,3730e2d95ba8ceebce80fd263d02cbfc854a140d495c4e1913961e87c25af4d7,1920,1080,74,historical_train
chitube_V0007_I0002920,chitube_V0007,,data/train/images/chitube_V0007_I0002920_jpg.rf.f9b91b49d3468d9105ffbceae56608e2.jpg,legacy_train,f9b91b49d3468d9105ffbceae56608e2,cf7513a6183d02a0d2ac208b1c837c37bd51f2b79afcfa8d8b6fbf4b9a484fab,d18e8c644f81d88f97072cce8728f60a209c5dbf6d10434d418b5cdd88394ca4,1920,1080,103,historical_train
chitube_V0007_I0004680,chitube_V0007,,data/train/images/chitube_V0007_I0004680_jpg.rf.50c47f53c38f93f985a310e241b73d1f.jpg,legacy_train,50c47f53c38f93f985a310e241b73d1f,cedd5060ee9524177bc4b909d3952cd786715667a5d9e10f747b09fb27a3214a,86f56957d4aa00bbc632ae3a56edd6e7264094990502d3be08194ffef703128a,1920,1080,75,historical_train
chitube_V0007_I0004680,chitube_V0007,,data/train/images/chitube_V0007_I0004680_jpg.rf.6018e71487a80cc22409c45dbab47bb3.jpg,legacy_train,6018e71487a80cc22409c45dbab47bb3,d8d40649ed7919b56e655c2cd918d784a3c0882aeaffe3588cd3d8aaffabdd8a,a891d60a7d0ea0f8e0a1cb15b609b5922ae4471c776b7bbbefc641c021f3b463,1920,1080,75,historical_train
chitube_V0007_I0004680,chitube_V0007,,data/train/images/chitube_V0007_I0004680_jpg.rf.925d5eadf93dd0014b76191bafa6242e.jpg,legacy_train,925d5eadf93dd0014b76191bafa6242e,9fd08154fb5ab4afb64424403cbce71b80398514fecdf0b0e670e1abad6d7ba7,e009c225c0148c91ce39d54c91cceb8db405da88becd5f89aa377895e6b15208,1920,1080,75,historical_train
chitube_V0007_I0006760,chitube_V0007,,data/train/images/chitube_V0007_I0006760_jpg.rf.7306664b0f231591d8c8d6c32e546e68.jpg,legacy_train,7306664b0f231591d8c8d6c32e546e68,9fda5c39a6af587253609b937fcc9106cf164b198c33916e589150a3e6f91b82,e5cbf5b03142d90b25bbd36e9abea2207d3f591a2248ce0b3d02c383ecdf59a8,1920,1080,89,historical_train
chitube_V0007_I0006760,chitube_V0007,,data/train/images/chitube_V0007_I0006760_jpg.rf.762008527e931309ae1d584f2f09e9f7.jpg,legacy_train,762008527e931309ae1d584f2f09e9f7,291fe05ed0f13045039f7f57a63f2d54dda21f4ab24b8083291fdb5eb40b14c4,ed999074eb472f17fab8e255b4584d0689e4b95632a7d09b0dfd3dee81b4fb2f,1920,1080,89,historical_train
chitube_V0007_I0006760,chitube_V0007,,data/train/images/chitube_V0007_I0006760_jpg.rf.7795b7df6cd8e850a304dc048a80a063.jpg,legacy_train,7795b7df6cd8e850a304dc048a80a063,c647375b5ee630ae688de653765993d7ca7750d5f32c2b3a98911d8ee8d651b8,897290bef9d67065fd983706a20badd66962851a5327db1f71b2984b1c1ded3a,1920,1080,83,historical_train
chitube_V0007_I0007840,chitube_V0007,,data/train/images/chitube_V0007_I0007840_jpg.rf.785bda8cc175b9af8840894830f69fdc.jpg,legacy_train,785bda8cc175b9af8840894830f69fdc,1b8bbd8e418a7689d2f42e5921828a14902e3d8021f7d2e9660d306362409ab3,a58504c501fbe6777b251924fe89cc25bc91193e9bc5e14b10b451e44ee9d25a,1920,1080,15,historical_train
chitube_V0007_I0007840,chitube_V0007,,data/train/images/chitube_V0007_I0007840_jpg.rf.d1ea0b2d56d5527ad37fac1a76c2113b.jpg,legacy_train,d1ea0b2d56d5527ad37fac1a76c2113b,5c100f1247cdb3b39b7e805c86825258e4631a7842678ebc564586c125e68b28,f3628dec6d7da8f1a610071697c04de984b3ce3c328736f998e62d6827b103fd,1920,1080,15,historical_train
chitube_V0007_I0007840,chitube_V0007,,data/train/images/chitube_V0007_I0007840_jpg.rf.fb8758abcdc30801bb1829ec116409ea.jpg,legacy_train,fb8758abcdc30801bb1829ec116409ea,a5be757910cbcf5870028863deb05dd377149f977a998c4b45ddab679c2d93c2,3b4ace048e7a02f4f2933179a65d917ac5cf3eabc072202d8f57697793b72fed,1920,1080,15,historical_train
chitube_V0007_I0008280,chitube_V0007,,data/train/images/chitube_V0007_I0008280_jpg.rf.13e3838307aaebc84659d4b3c7825984.jpg,legacy_train,13e3838307aaebc84659d4b3c7825984,57551c1b48c7ce2b03d59822070139ec8fca6b64ad9c12faef20b7069b0d382e,40e7c32a9fad6de1c867a1aef7da12f1dc6b390f7605196e85c89690d1588765,1920,1080,93,historical_train
chitube_V0007_I0008280,chitube_V0007,,data/train/images/chitube_V0007_I0008280_jpg.rf.3189285b4b8341b865864e50e03c51c2.jpg,legacy_train,3189285b4b8341b865864e50e03c51c2,fa4a16c53de23c47f4a2e2c62e8be735606c746fef19f74cd2ba9cbefbaf3354,5a73cfe43423d4344b28aff6ab98ac2f1e6bbe6602e1a7e0a16da74b0c828290,1920,1080,90,historical_train
chitube_V0007_I0008280,chitube_V0007,,data/train/images/chitube_V0007_I0008280_jpg.rf.7a6bfe6cdfde49f0994fab2e48fc4122.jpg,legacy_train,7a6bfe6cdfde49f0994fab2e48fc4122,632b1753ea378a40287ed44df6126b9228850941814fd00f9c6feee2aba3a475,dd81696e8806e0542befea4d649656e778a9566c371469a21a0a31104dccb949,1920,1080,93,historical_train
chitube_V0007_I0008600,chitube_V0007,,data/train/images/chitube_V0007_I0008600_jpg.rf.2ceb853adc88a3aede96491c031d4358.jpg,legacy_train,2ceb853adc88a3aede96491c031d4358,7539e24402b347f4e9afa4ca21871fc7758e4dd193a6e664f62e5b5e3c3d9745,1adfa150b78447c501f434142538b7973963f0a1afc76d5fd283274cecab7da4,1920,1080,155,historical_train
chitube_V0007_I0008600,chitube_V0007,,data/train/images/chitube_V0007_I0008600_jpg.rf.370e41d4fc99811d114016581cce9ce0.jpg,legacy_train,370e41d4fc99811d114016581cce9ce0,939fc3af2cf638675c8e1c1e0ede8632f9b346ce4d699ddca33884438dfdce56,5a0563c33d0c5fd913e9c062dd9e77ba7794c42fa27f8879bb27045b036925be,1920,1080,156,historical_train
chitube_V0007_I0008600,chitube_V0007,,data/train/images/chitube_V0007_I0008600_jpg.rf.96f861d6caae59b9ce550d483457e925.jpg,legacy_train,96f861d6caae59b9ce550d483457e925,2316bb3ccac919db0f9a4dd2ff1552598f894905825993b45d37fd5477222d90,c210b4e0a049889698956411f7d261f39ab92137f9c86c06cb36bbc61de7b18a,1920,1080,156,historical_train
chitube_V0008_I0001960,chitube_V0008,,data/train/images/chitube_V0008_I0001960_jpg.rf.6e8f0aa89a0546a98c0f4ee01e5b6669.jpg,legacy_train,6e8f0aa89a0546a98c0f4ee01e5b6669,e8fcbbba107135f91f0f8a66a9c6542f3151cf2bbdc146a04780b6527fd632fc,dd4ce529d638cb0b605a9c399bceeec459a1972b0d01e6944f7bd617f454c4ad,1280,720,124,historical_train
chitube_V0008_I0001960,chitube_V0008,,data/train/images/chitube_V0008_I0001960_jpg.rf.76fe21bf23c30d932b0d84aa14f90654.jpg,legacy_train,76fe21bf23c30d932b0d84aa14f90654,3ca98e0700a5cbea66ec37c330476cddaa131e681163f8ff66795c590997d72d,6228138c655f1a2773d53e17af4ebb6bdeb75802583a85a15b3d0d6e7c8c9ce2,1280,720,125,historical_train
chitube_V0008_I0001960,chitube_V0008,,data/train/images/chitube_V0008_I0001960_jpg.rf.c61e4257c999eb52e7952213799836eb.jpg,legacy_train,c61e4257c999eb52e7952213799836eb,9341040d4538e2cae57dfdd9d208eddda1dc262c023fc4f10db571d0592800cb,97cb5c578fae0275f9d3d24fa2b23abe41d2d021bc405a36d2dda68d1dad7bc8,1280,720,125,historical_train
chitube_V0008_I0002300,chitube_V0008,,data/train/images/chitube_V0008_I0002300_jpg.rf.409c2e5246a93bfd835496d421d83382.jpg,legacy_train,409c2e5246a93bfd835496d421d83382,129d4002d5cae62460429d176ace81aa222174f8c2e4fd4ee8f30c689ce98b59,0cbef463c82e716c9b07b4617cde532627b3c8d7c375d5550fa97b73b0197b91,1280,720,148,historical_train
chitube_V0008_I0002300,chitube_V0008,,data/train/images/chitube_V0008_I0002300_jpg.rf.7de9347cb3ec8387696b3c93cf15ccc4.jpg,legacy_train,7de9347cb3ec8387696b3c93cf15ccc4,7362d8015fe3ebd126174853b26d9242698d2e8df5410e8d2cc781d2efeaa102,5a01e171258a7532ea0c3c3a6bcf20971f2057d28c734c17f1f1956db4dd10ce,1280,720,148,historical_train
chitube_V0008_I0002300,chitube_V0008,,data/train/images/chitube_V0008_I0002300_jpg.rf.7efe823c5d43e867ea21f362deeebb99.jpg,legacy_train,7efe823c5d43e867ea21f362deeebb99,7dbe7729348a70114a7167df16e264adf2a3fb937320e1cd24f6537900ed2e87,685597474b3b6f453c7a39681aa34f0c3e225620e8ead3f015e9228bc1392a10,1280,720,144,historical_train
chitube_V0008_I0002500,chitube_V0008,,data/train/images/chitube_V0008_I0002500_jpg.rf.44337217d7517295059900b8254a7730.jpg,legacy_train,44337217d7517295059900b8254a7730,05deecb83714cc629aed46c848928a644eac4c93c788148bca444d89277f9c1a,bbae4c08aa748de28203945e5eea52350b4a5e66ecc1f4167002b042d0ec350c,1280,720,61,historical_train
chitube_V0008_I0002500,chitube_V0008,,data/train/images/chitube_V0008_I0002500_jpg.rf.4ad33ba491718f80d2b07bee39fec5b5.jpg,legacy_train,4ad33ba491718f80d2b07bee39fec5b5,e85520820730cbc154916cc00829dba35aa28fb9c57b1f03d99f0d2846e9c11f,ddfcea38e9ca59cd66a1bca702f06fed90727ffb5211d6debf8a2fe58b1beb48,1280,720,61,historical_train
chitube_V0008_I0002500,chitube_V0008,,data/train/images/chitube_V0008_I0002500_jpg.rf.a9b8c32e28e5df26e27e548956b24bac.jpg,legacy_train,a9b8c32e28e5df26e27e548956b24bac,93586dee13b20d610e84782b7f95206c8fda7c8bcf2b051237d74c8a4e99a4be,b00316d231ea036ea8ef876884511bd00b502fad84512fb8840a94743086979a,1280,720,61,historical_train
chitube_V0008_I0003160,chitube_V0008,,data/train/images/chitube_V0008_I0003160_jpg.rf.1d34e97e2ff70ca9afb50c30fadd6b54.jpg,legacy_train,1d34e97e2ff70ca9afb50c30fadd6b54,0d084d39765e563351cc4effa08829c5631ad9bd81483836b176e9acadd3f778,55e6b9229ede13be37be40263d156571245fc86ac18441015f62032894435efe,1280,720,182,historical_train
chitube_V0008_I0003160,chitube_V0008,,data/train/images/chitube_V0008_I0003160_jpg.rf.56225874adedaabc888830e54f1c8fb0.jpg,legacy_train,56225874adedaabc888830e54f1c8fb0,a9feae9206d4493e5c72968f923c399b28644e2d5393b0198d3f7c7b487ec9b9,8f91fdf44405e7aa11cf9111c60dcce8dbcfd408310bffa5ab820f6d30eecf73,1280,720,182,historical_train
chitube_V0008_I0003160,chitube_V0008,,data/train/images/chitube_V0008_I0003160_jpg.rf.eb112ac7f8cd5c03e44ade6fe35d7503.jpg,legacy_train,eb112ac7f8cd5c03e44ade6fe35d7503,1fccceb320e3218ce57d19cf592f54372ec1084e466a4bcf42a8161ec6409b96,04b71e1b778628d63a97128c6cb4dfaf0eb06f7bf19eabc083f88fdd2d582bc8,1280,720,182,historical_train
chitube_V0008_I0004160,chitube_V0008,,data/train/images/chitube_V0008_I0004160_jpg.rf.01aef79c572687c8afa07b2edfb3489a.jpg,legacy_train,01aef79c572687c8afa07b2edfb3489a,a3e68c370fba962fbe925b7fb516df4bd1954c305c56a757f227b34b07b6508e,eead8e1afca014c86c6f5e8a9e6fed3450acf580a4600bc6fab8f3ddf52ff45c,1280,720,157,historical_train
chitube_V0008_I0004160,chitube_V0008,,data/train/images/chitube_V0008_I0004160_jpg.rf.606ce18c8af68b555063307574e26cb2.jpg,legacy_train,606ce18c8af68b555063307574e26cb2,b059fcaf95d57c18c0629775c24b726ad33e441cbe1f69d416f063b354cd6d77,3480dba318d16e6b1782c150b559257d27b60218af8415cbdd99472bd012e8ee,1280,720,146,historical_train
chitube_V0008_I0004160,chitube_V0008,,data/train/images/chitube_V0008_I0004160_jpg.rf.e34c088c26d8393ddeac2cbbcf91330c.jpg,legacy_train,e34c088c26d8393ddeac2cbbcf91330c,d754cb3c1c1609ae08b85dfc8d7fc05304c461fa2f4186d186a6289756144cc7,52a55d826f5b3c0fbe3d32d8044eea626cd88c98b6521549d0107378b663a545,1280,720,154,historical_train
chitube_V0009_I0000320,chitube_V0009,,data/train/images/chitube_V0009_I0000320_jpg.rf.0aa7141e7711a236471422be5be820e5.jpg,legacy_train,0aa7141e7711a236471422be5be820e5,97c733430163d347e9447001e44e03cadfb7dc27ec4ca5524e9b71f4081dc710,67fae2acd96b0729f4bbee910bf0ea84678abedf0dd4ad7f4678fe6605f76e20,1920,1072,47,historical_train
chitube_V0009_I0000320,chitube_V0009,,data/train/images/chitube_V0009_I0000320_jpg.rf.30f5c5ced1280f8679e6e55c4860c85e.jpg,legacy_train,30f5c5ced1280f8679e6e55c4860c85e,43bf88e43c0013b07165f6c2b57105edb75a24ccd6c526fa066edf53a52546f2,9ef9414f82318a6fbb54ddfc21a757f265b1b3c8cf32e497e74395c4c6ad076e,1920,1072,47,historical_train
chitube_V0009_I0000320,chitube_V0009,,data/train/images/chitube_V0009_I0000320_jpg.rf.55867731be70457cfef7983cedc0381d.jpg,legacy_train,55867731be70457cfef7983cedc0381d,da8561454cf97dd160fdcbb4f9b3f0f3b90474873e4161130aab9e3b24384b9c,922cc78dc6ed326c585bc86aaf3c9ad64dc9d1d01cdaaf7e11f1380f42fe92dc,1920,1072,47,historical_train
chitube_V0009_I0000440,chitube_V0009,,data/train/images/chitube_V0009_I0000440_jpg.rf.4928a140e4e389f5ba318e5be96728af.jpg,legacy_train,4928a140e4e389f5ba318e5be96728af,13daab3215da3909f85b71abf8faf4952e741b2c230d4751dad892f7b282bd2a,8125f91409652d07fcc5d4192a895c57a060d342c39bd7e55e0f8b21eb1eac8e,1920,1072,13,historical_train
chitube_V0009_I0000440,chitube_V0009,,data/train/images/chitube_V0009_I0000440_jpg.rf.818a3ab9652905d01c415cdb59a49b24.jpg,legacy_train,818a3ab9652905d01c415cdb59a49b24,398e90926e0883a6ea939b156c94ba21d80893d039a5b14a38f8455a4c4a6c42,7f8c070adea0db4c2d10b60b87a14d8476d8ac83b6c577b1c135e3dfb65a653a,1920,1072,13,historical_train
chitube_V0009_I0000440,chitube_V0009,,data/train/images/chitube_V0009_I0000440_jpg.rf.e030ad86807b4319c779e4c9d56f036f.jpg,legacy_train,e030ad86807b4319c779e4c9d56f036f,ff27369a0240428b6d2e001d45b8eeddf2ede2ce12ebb23412d1042de4d3c6aa,48a39a32ca08826dac48b2121676fd69019c9d762b35078361cc437c633f2228,1920,1072,14,historical_train
chitube_V0009_I0001040,chitube_V0009,,data/train/images/chitube_V0009_I0001040_jpg.rf.bf5b200587d23eccea129f248bfb4819.jpg,legacy_train,bf5b200587d23eccea129f248bfb4819,dfa6f43c774e7019cd55df1a59b2c6736b1582812089f1f7f5e5167134ca87ec,71f11b858b7547ab7a8cc35c31f3bf44cb274b352c1f90e28c712755a96e3122,1920,1072,6,historical_train
chitube_V0009_I0001040,chitube_V0009,,data/train/images/chitube_V0009_I0001040_jpg.rf.c32b079abc6531ed8e37d18d67954b73.jpg,legacy_train,c32b079abc6531ed8e37d18d67954b73,fab1010d972bae5697b420e8d312ab5db18bca7621899185d90dd389d59cda78,04204d3f7e87acbe7639efe4d659b3c5e30e4a3f1c9b17d8b6c7a2c8fb603093,1920,1072,6,historical_train
chitube_V0009_I0001040,chitube_V0009,,data/train/images/chitube_V0009_I0001040_jpg.rf.d496b991f6cefece95f56b1b8dfacbbb.jpg,legacy_train,d496b991f6cefece95f56b1b8dfacbbb,ba956ed4e12611b522b5aab4728ea60d4d43c09aee0630f262f501c472680ea1,64f1b721352f36c4db10796f9a58af31f19f37a66f40291642a7c0892d83bda5,1920,1072,6,historical_train
chitube_V0010_I0001200,chitube_V0010,,data/train/images/chitube_V0010_I0001200_jpg.rf.69e4ba212a83079fe73b4d64a054d44d.jpg,legacy_train,69e4ba212a83079fe73b4d64a054d44d,325474da5eab572336c1def9d3776ad7a1db48466babc6086abd507dd945d2c1,8a362f516cfacfda193560b60e0bf0c8efb6467e3835c5518eff3f9752083660,1280,720,94,historical_train
chitube_V0010_I0001200,chitube_V0010,,data/train/images/chitube_V0010_I0001200_jpg.rf.ada9c5ec901e3b0909ba93646d330e79.jpg,legacy_train,ada9c5ec901e3b0909ba93646d330e79,728bd540b6e91d237bd163344ca6219008ca40cff022fe2790418c68a63f4f44,31ff6547ea8ced16ee11551d903b40a25b710ad361d4f421ab92d84d6b8de9e8,1280,720,97,historical_train
chitube_V0010_I0001200,chitube_V0010,,data/train/images/chitube_V0010_I0001200_jpg.rf.ae65853c5ab39e9597a1c885d0a48bf3.jpg,legacy_train,ae65853c5ab39e9597a1c885d0a48bf3,730a6d9e92b9336dfa245f0e5798b3c111be49365b5670c93764b166f556aece,4e083f9a5887d3d70032f685a8f47bf652bb969e407ff473750e35c0a9da9b57,1280,720,95,historical_train
chitube_V0010_I0001240,chitube_V0010,,data/train/images/chitube_V0010_I0001240_jpg.rf.3df65a0a66cd96188b555c4fc4118460.jpg,legacy_train,3df65a0a66cd96188b555c4fc4118460,6aa9d2bc2818c8608e26164eeda00a0b3bc55cf200f04d2fcf535582df23f5da,b212d28a7c6fdf383ac9d08ce3b306dbcb88f0913d2a59343b7d22cd6e5ed361,1280,720,1,historical_train
chitube_V0010_I0001240,chitube_V0010,,data/train/images/chitube_V0010_I0001240_jpg.rf.64aeed67a20844c2956b190f247fc0e0.jpg,legacy_train,64aeed67a20844c2956b190f247fc0e0,7f9e7d917fe9d2962386f273b1ac64ad8336ceaf1f18eb4ea1c33d5cd8eeda35,fac22a97a6330c6beb29f1860dddcc546f4da81c3bbd02eee9172a98818b6468,1280,720,1,historical_train
chitube_V0010_I0001240,chitube_V0010,,data/train/images/chitube_V0010_I0001240_jpg.rf.bef822c2da3f586f8824eb2976925908.jpg,legacy_train,bef822c2da3f586f8824eb2976925908,a267c36d3dc197f0b03835c424d048a30879f66d66bd761a6d3f970fd10acd0e,a52740f53637b5fc2914a97c7df71305874f3bb4dfd58af7e853c53b08efd0e2,1280,720,1,historical_train
chitube_V0010_I0001840,chitube_V0010,,data/train/images/chitube_V0010_I0001840_jpg.rf.6afb53d664f31b0a38a9066e991a56d2.jpg,legacy_train,6afb53d664f31b0a38a9066e991a56d2,8347b9f52ccdc8589c426af7b3e94fc2ba578687187085aaa3600cc51680803e,c0e25bd9879b87642815e82a1394b2083c98ba809d6479b4626a7d34c74d88ec,1280,720,55,historical_train
chitube_V0010_I0001840,chitube_V0010,,data/train/images/chitube_V0010_I0001840_jpg.rf.94cd6b88329451d17b8c17477f06fcd2.jpg,legacy_train,94cd6b88329451d17b8c17477f06fcd2,3b6d4b717e2c8ddaba7dc56c6b73b71d94791f83b96d42051dd9742b53e274e9,9898b52015928fb7c2ae7bcb5e0f6ff48c1a2cf5cc2d3de4d77ba12c94fd7f39,1280,720,55,historical_train
chitube_V0010_I0001840,chitube_V0010,,data/train/images/chitube_V0010_I0001840_jpg.rf.9d403982bd94a09bc43ee5326a814812.jpg,legacy_train,9d403982bd94a09bc43ee5326a814812,0a09f7031c16a274b211c77b9cde72bd2346fb09064be1dc61468f0934bfccf8,455a7448c976de8ca3e1b5bd3aad1c86dce29f2e51ab0d9f435b744ce79ec9cc,1280,720,55,historical_train
chitube_V0010_I0002960,chitube_V0010,,data/train/images/chitube_V0010_I0002960_jpg.rf.d8dcaf362faf86b8cb9f37f0444142f8.jpg,legacy_train,d8dcaf362faf86b8cb9f37f0444142f8,d2e309d9b94d81a1b63044ebcc78db16b0694ea4544ac865284f240f0d7203db,910d78e4c0a223a2c3800bd7e7e4ba925db50b95bbe7e8f957937b3354fe18de,1280,720,47,historical_train
chitube_V0010_I0002960,chitube_V0010,,data/train/images/chitube_V0010_I0002960_jpg.rf.dad058bca5d75c2ac8c297ed8596f9a0.jpg,legacy_train,dad058bca5d75c2ac8c297ed8596f9a0,a964174182dce1e6ae543be9c5cf6770680c6faeadfc8d1e65b6963dcc91564b,936c0f33f22751526df97d3fd3f469eb32709761b8b619c51f96d466644a7413,1280,720,48,historical_train
chitube_V0010_I0002960,chitube_V0010,,data/train/images/chitube_V0010_I0002960_jpg.rf.f2f894a6bd2a8469578719378106fe2b.jpg,legacy_train,f2f894a6bd2a8469578719378106fe2b,072bf8576ad35cdc45b6c4d6e746eec4fc459fc67d02acc7f53e4b290b839f26,efffaca8acace37263c38a75daa36e19b6d88c88e107bfc8a27a540a40ddad45,1280,720,48,historical_train
google_P000_01082018_059,google_P000_01082018_059,,data/train/images/google_P000_01082018_059_jpg.rf.cbb65b217b7e3dbebcda061dc0c01884.jpg,legacy_train,cbb65b217b7e3dbebcda061dc0c01884,2710957765e66c6ea597fe4aa3ee3b0d338bbd89ad47bb0b6d9bdd3d5ec2e0a7,754641901d0af9f080ba0c88bac24f9eae40d736e75dbeebb756c7ad0e1ae960,1500,958,1,historical_train
google_P000_01082018_059,google_P000_01082018_059,,data/train/images/google_P000_01082018_059_jpg.rf.e5bcd7d854e0326f9765ac63e3bccea2.jpg,legacy_train,e5bcd7d854e0326f9765ac63e3bccea2,d7003daf1d03ee131f9b9611a3191a2e39e956d19f1c15c95de55ad9de99d3f6,0e85a99a92923ef633195efa7ff14919d605fea569f16906b024a9d00cc91a31,1500,958,1,historical_train
google_P000_01082018_059,google_P000_01082018_059,,data/train/images/google_P000_01082018_059_jpg.rf.eccbb9709692f329cb0fac06dc7a6e7e.jpg,legacy_train,eccbb9709692f329cb0fac06dc7a6e7e,18f072f0bf4eb8bd22bee8d4bc5bad5151a44c0412ff328be2c9a23386d127ee,2658c930450516113d247bd1fc0d1a476ab79421195146c81cc6959d8b68fcf6,1500,958,1,historical_train
google_P000_110919SurfingParsonsBeachFleurieuPeninsula,google_P000_110919SurfingParsonsBeachFleurieuPeninsula,,data/train/images/google_P000_110919SurfingParsonsBeachFleurieuPeninsula_jpg.rf.073adb1111f7aaae9e0674e5d8e960c8.jpg,legacy_train,073adb1111f7aaae9e0674e5d8e960c8,fae6322408ed68af0f505106c5b8c92b4ca21c91bebe4cda5d54a95a89eac4a2,39f912d116b75a3e59d9ad8816cbd56cfe76beee07d00e0b54ae16aa9d9580a9,1920,800,5,historical_train
google_P000_110919SurfingParsonsBeachFleurieuPeninsula,google_P000_110919SurfingParsonsBeachFleurieuPeninsula,,data/train/images/google_P000_110919SurfingParsonsBeachFleurieuPeninsula_jpg.rf.2083ab13c5353ff48dec062fb1a08a8a.jpg,legacy_train,2083ab13c5353ff48dec062fb1a08a8a,1e9aa402c19f30adf00bd8f2fe9747bfa934e2769b17460ecad2bf5d917ce842,112f04e906a5ea1461f4c67281deea2103d0e45c374e7fd8457c999607a4e007,1920,800,5,historical_train
google_P000_110919SurfingParsonsBeachFleurieuPeninsula,google_P000_110919SurfingParsonsBeachFleurieuPeninsula,,data/train/images/google_P000_110919SurfingParsonsBeachFleurieuPeninsula_jpg.rf.ac0d18b876643a3b0720635d72da082d.jpg,legacy_train,ac0d18b876643a3b0720635d72da082d,470eb12df21aab47721dd0f12df6c7e3d072bf5da3692bba48d508fa4cae3a8c,4a0863aa14ff6971912e4b1b121daa86509a3a518c9cfeb8126862b0b1607618,1920,800,5,historical_train
google_P000_2,google_P000_2,,data/train/images/google_P000_2_jpg.rf.09fdad01dd18177cdba2cad1f7329ba1.jpg,legacy_train,09fdad01dd18177cdba2cad1f7329ba1,0d87b6ab01e0b41b68bb97de35752541b45b94e8084baf03c5618a5cec04431d,2ff674fea3253feecf33c3b59ae3f4e20770ffb4f07474c594ae7e8c7ac02407,2048,1044,10,historical_train
google_P000_2,google_P000_2,,data/train/images/google_P000_2_jpg.rf.379fd556d43eac757cdbf6f0cfba3d7e.jpg,legacy_train,379fd556d43eac757cdbf6f0cfba3d7e,99142bbd8a2eea60e8bb97eff90f82a88faafb9471ae0baf42aab6fbdaaaf250,d2e698cda9f9f64928e33f4d29cf2c84693bb204765e5f58b642620c7518ea3d,2048,1044,10,historical_train
google_P000_2,google_P000_2,,data/train/images/google_P000_2_jpg.rf.441b4f990077d3dbfdc167202c08dcfe.jpg,legacy_train,441b4f990077d3dbfdc167202c08dcfe,ce0bcf18626d23adc44ddfbeaa44ae460a851f7c35ba5f2f56a479ae8e5d471b,ad89aa18143742d014cfc6a2b1d1c7842538dc4e57075bacb6b0e0df6f0ee772,2048,1044,10,historical_train
google_P000_8Jv4tOA9mTFwIM,google_P000_8Jv4tOA9mTFwIM,,data/train/images/google_P000_8Jv4tOA9mTFwIM_jpg.rf.17b2f04a31d5de74448780c18d57fa53.jpg,legacy_train,17b2f04a31d5de74448780c18d57fa53,96cc09d05090d5a6557b89e4926ae9f47c59ea0f89bd60632c27ec4ea13b2686,907767c27ee7a8f470b9b164daaf8160a19473b3df5242547ea47e100bcb2baa,2048,1371,30,historical_train
google_P000_8Jv4tOA9mTFwIM,google_P000_8Jv4tOA9mTFwIM,,data/train/images/google_P000_8Jv4tOA9mTFwIM_jpg.rf.28e920c564f00578a9797e5cfb008ad8.jpg,legacy_train,28e920c564f00578a9797e5cfb008ad8,1a162d77c9d802cf8da875e9ebaa25386505473159ba14e16e32c75ab8630474,c04b93f1d6accad5be2b9fae0b93d75a8446bc5b7d58dd19bdbc2ced35ee7650,2048,1371,30,historical_train
google_P000_8Jv4tOA9mTFwIM,google_P000_8Jv4tOA9mTFwIM,,data/train/images/google_P000_8Jv4tOA9mTFwIM_jpg.rf.6cdde9395025392e4beb455bfca9ec75.jpg,legacy_train,6cdde9395025392e4beb455bfca9ec75,2cedf3a49c38125e1d727618f0af1a740f00367173c3cf198734e60e68894744,180f7666b356aad8dcfefeff7e0de30870885f01f25d62f55286f1166396cf6e,2048,1371,30,historical_train
google_P000_aj7Fhgl7VIDzQM,google_P000_aj7Fhgl7VIDzQM,,data/train/images/google_P000_aj7Fhgl7VIDzQM_jpg.rf.0a4ce5c266cc6ecbd1f9496c7f846011.jpg,legacy_train,0a4ce5c266cc6ecbd1f9496c7f846011,dde8a1d3b1757befc7fd1a6de56b735cdeb534bd31843bd2af4f66ecc2cbf0c9,2ea36cc35c6b21d45ab55156b4ef02bba058a4b94134eeb0aeea7a8295c6d61b,1600,1200,59,historical_train
google_P000_aj7Fhgl7VIDzQM,google_P000_aj7Fhgl7VIDzQM,,data/train/images/google_P000_aj7Fhgl7VIDzQM_jpg.rf.194e4e7b04b67b653138b557b5fe1c00.jpg,legacy_train,194e4e7b04b67b653138b557b5fe1c00,5654e2f0e3fa374d7f500bdb16c99639f6dd774a5bc9070c5c4a08f27b97b69f,d9aa5250e62941499e073a1effbdcd5c8086b2d607dde8e3560fa85f4d12b457,1600,1200,57,historical_train
google_P000_aj7Fhgl7VIDzQM,google_P000_aj7Fhgl7VIDzQM,,data/train/images/google_P000_aj7Fhgl7VIDzQM_jpg.rf.b78758a30dbbb2d27bb66d57883160a8.jpg,legacy_train,b78758a30dbbb2d27bb66d57883160a8,d4b3d2aa2adddeba8aa1536834e6894e955ddb57b3f2a34a289d99b37c4aa24a,9d0be61cfc625b43cd36be5438331e00d7f244c4cca22778fe12481bc8e9ade0,1600,1200,59,historical_train
google_P000_au6TYKrek-rBuM,google_P000_au6TYKrek-rBuM,,data/train/images/google_P000_au6TYKrek-rBuM_jpg.rf.50ebc309954cb6fce0816c4d43a4c5a5.jpg,legacy_train,50ebc309954cb6fce0816c4d43a4c5a5,f686040bdc7e51cde63f106daeb97535ea2011f3e20462362760de75ef8d3246,c7a86b35af604b51a548c00eb8084f903b4192491e370bbac5cc762b48d96294,1000,667,1,historical_train
google_P000_au6TYKrek-rBuM,google_P000_au6TYKrek-rBuM,,data/train/images/google_P000_au6TYKrek-rBuM_jpg.rf.5ebeb4fc39b4b2415edd2bfcd2a0aff8.jpg,legacy_train,5ebeb4fc39b4b2415edd2bfcd2a0aff8,e293d1121842d2a7c9df7310dbbea9ebd90833e15d70b09393a78ab29d6469e1,0f898b3d76555848fadcf8d3a480da92d656a93b53ba4d761c6f7ae6b0e110d0,1000,667,1,historical_train
google_P000_au6TYKrek-rBuM,google_P000_au6TYKrek-rBuM,,data/train/images/google_P000_au6TYKrek-rBuM_jpg.rf.a86bdf4c46cc211bea186f664844613e.jpg,legacy_train,a86bdf4c46cc211bea186f664844613e,fdef4a5ed9205b62ba3186dbb301d0ea390ccd8e6a9b132a1dd46128f19319ba,88b2b19f4f0bffcbd545155f5b3a1c4461c445aa15df2ed384a56d776282b680,1000,667,1,historical_train
google_P000_aZk5u7XAWZi9eM,google_P000_aZk5u7XAWZi9eM,,data/train/images/google_P000_aZk5u7XAWZi9eM_jpg.rf.9b207b63430af0fc64a6b4a7a6bce500.jpg,legacy_train,9b207b63430af0fc64a6b4a7a6bce500,67618e14192be04fcb6a1174845de9eff98b5328befade7493941f01a2771ea0,90b627c713842581b1f3d21d326d2255329d31de4c56684a20ce10f9f6f2f4cd,1000,1000,1,historical_train
google_P000_aZk5u7XAWZi9eM,google_P000_aZk5u7XAWZi9eM,,data/train/images/google_P000_aZk5u7XAWZi9eM_jpg.rf.eeade5a1746e3b4c343f68fa503be6f1.jpg,legacy_train,eeade5a1746e3b4c343f68fa503be6f1,faab298654e69b0427e7a44dc95f5f1aea44dcb4aa699160b8aee155384389de,d3f863f084b47f538d3fb1a25b84bd9700c1bc5658c59c6905d8472202e7984f,1000,1000,1,historical_train
google_P000_aZk5u7XAWZi9eM,google_P000_aZk5u7XAWZi9eM,,data/train/images/google_P000_aZk5u7XAWZi9eM_jpg.rf.f0936f52eadaa2d309c0aca96f17b24b.jpg,legacy_train,f0936f52eadaa2d309c0aca96f17b24b,8785e99795f488cb5536b0c861249787751f5c73416723de8aa2c9aa3ad7a3fe,feea58c8c5e20e9d361dcd6c856b8ae31ca396a1674275a0f0e7b339f5c4c78a,1000,1000,1,historical_train
google_P000_g4WUs1eVLj5vnM,google_P000_g4WUs1eVLj5vnM,,data/train/images/google_P000_g4WUs1eVLj5vnM_jpg.rf.0e9bdb0fd0b591e7e44b39bf00b85eed.jpg,legacy_train,0e9bdb0fd0b591e7e44b39bf00b85eed,340014b93e68049288e0b5eb5025b1da05257cd858bcc19f8c109e8f64e91bc9,873bea13a8f85d3adaf71a2cbf45df91cad3592f4cd6236e17a9a577b32913de,1000,1334,3,historical_train
google_P000_g4WUs1eVLj5vnM,google_P000_g4WUs1eVLj5vnM,,data/train/images/google_P000_g4WUs1eVLj5vnM_jpg.rf.569a20d9efb2baa521e797b3d7cae6c9.jpg,legacy_train,569a20d9efb2baa521e797b3d7cae6c9,4f5fb67e4c85dfaee8500835ed9b8189f5a69f7daabe658fd3039809478c2cd8,b8c9dad45566560eee240cb1cb90184a6f3af04b6d66e47b42593343b0bdd97b,1000,1334,4,historical_train
google_P000_g4WUs1eVLj5vnM,google_P000_g4WUs1eVLj5vnM,,data/train/images/google_P000_g4WUs1eVLj5vnM_jpg.rf.71c8a16191ef09fa1ea3d11f941f4281.jpg,legacy_train,71c8a16191ef09fa1ea3d11f941f4281,c830dae1968806a787f017093f4bca451811cd7056fdbe864070727abdcc0250,a21431a3f31401a6febb20e4e95a551ba1ab7d69a9c4384a40bdbbb29cfdf7ba,1000,1334,4,historical_train
google_P000_jt_r_eu8ZajqNM,google_P000_jt_r_eu8ZajqNM,,data/train/images/google_P000_jt_r_eu8ZajqNM_jpg.rf.43965591da1f1cdba52c6b3802b1838c.jpg,legacy_train,43965591da1f1cdba52c6b3802b1838c,230c049c2b62588a9e7fb830b7533f19b48d60695a49b130126cd8160d1bd44b,3ee1ea5d216a72ce814f2a5ff34056ce36bceb0e577889675f6c931df522ab0a,1000,1333,1,historical_train
google_P000_jt_r_eu8ZajqNM,google_P000_jt_r_eu8ZajqNM,,data/train/images/google_P000_jt_r_eu8ZajqNM_jpg.rf.720d5f9cff15ee8dc6d271bb48904728.jpg,legacy_train,720d5f9cff15ee8dc6d271bb48904728,1919412fd7cdb5243212c65095ce6d46a2813a4ae6138445aad222ecc4649a74,115cb0b764117ddc04b1eec317f5877357e78118a2fea1c03c980aaca85badb1,1000,1333,1,historical_train
google_P000_jt_r_eu8ZajqNM,google_P000_jt_r_eu8ZajqNM,,data/train/images/google_P000_jt_r_eu8ZajqNM_jpg.rf.ea8d7875dc6602531a1094a43e1ab9b1.jpg,legacy_train,ea8d7875dc6602531a1094a43e1ab9b1,235a06d5a7d2e6a55937ba33e9118a7f47a8eeeeb4a861af52c25fbcc932c0ac,9b1d9b0c25e891bfede5c062dfe2af87f3b766c864a26a50b39787d2d85d4ef7,1000,1333,1,historical_train
google_P000_m4P9p77NH6rGQM,google_P000_m4P9p77NH6rGQM,,data/train/images/google_P000_m4P9p77NH6rGQM_jpg.rf.47bc7e5552de6bded53311bebf994f98.jpg,legacy_train,47bc7e5552de6bded53311bebf994f98,97f176f8e2eedc0be952383754930ce69d06da141c56ef0d66b4d66e156fb864,086c145549450d94dbf9a9e4331512a168a917ef6498b8802782aeee1a371fb1,1024,768,3,historical_train
google_P000_m4P9p77NH6rGQM,google_P000_m4P9p77NH6rGQM,,data/train/images/google_P000_m4P9p77NH6rGQM_jpg.rf.5a473dda8ef168ecec806aa02d790c84.jpg,legacy_train,5a473dda8ef168ecec806aa02d790c84,06baa610cf7a7c910ad2e01f492ae309cbb15a28f9227b384b02a2dbc7952ff7,c989ca7ecdc9b46af494882be08dbb84a8ffe8bbfb66d3573e5b80edba13fcac,1024,768,3,historical_train
google_P000_m4P9p77NH6rGQM,google_P000_m4P9p77NH6rGQM,,data/train/images/google_P000_m4P9p77NH6rGQM_jpg.rf.808e72792dcd5244ee934cdb9dbbd208.jpg,legacy_train,808e72792dcd5244ee934cdb9dbbd208,5cd6e0199c35760597fa7e37b645c8c9ba079195dd23f026a62ba57492258998,ff00343e9b94f0731a661fd870b2c10569f097239440f532ac6e178af604bebb,1024,768,1,historical_train
google_P000_PXw3iqOvLi-GdM,google_P000_PXw3iqOvLi-GdM,,data/train/images/google_P000_PXw3iqOvLi-GdM_jpg.rf.4ed69dc293e0b5b765ddae8511c80eb9.jpg,legacy_train,4ed69dc293e0b5b765ddae8511c80eb9,5fa3c849c7af6001404c4b2b6369bcb06aa8cfcb9beed54212223268eb1880c1,4860ca6d12107001e89d2931791ebe2e111d6c11954d20ccf0741027b919f64e,1024,683,64,historical_train
google_P000_PXw3iqOvLi-GdM,google_P000_PXw3iqOvLi-GdM,,data/train/images/google_P000_PXw3iqOvLi-GdM_jpg.rf.a3d5b50746e86909228817f8826a9c09.jpg,legacy_train,a3d5b50746e86909228817f8826a9c09,dd45601569162cafdea6cd23059ece94cc4dde60ccc10b88d8befc06e32aaf37,bad9aadafa837e6fe9121ca13964f8c792414c4f666ad2d2ff3870639da277eb,1024,683,69,historical_train
google_P000_PXw3iqOvLi-GdM,google_P000_PXw3iqOvLi-GdM,,data/train/images/google_P000_PXw3iqOvLi-GdM_jpg.rf.b57043bc4e129f946fe74c08ba6b3ffa.jpg,legacy_train,b57043bc4e129f946fe74c08ba6b3ffa,a7825df0a5de92af1e86e738b724a6701aa2e42d0ef69c6ea8e761ae20effb06,b416618db836b2d604c0c59acdaabd6f6d4c9604548a90f44aff950378904f03,1024,683,69,historical_train
google_P000_q1HoCQL5FXFV0M,google_P000_q1HoCQL5FXFV0M,,data/train/images/google_P000_q1HoCQL5FXFV0M_jpg.rf.4df9bb51e97b910f6fdc0eba3dccb60e.jpg,legacy_train,4df9bb51e97b910f6fdc0eba3dccb60e,e661b56fb8745ed444adf590194593ff60b6ab732aaa4d521a5e96ae0cef465e,3493871ea302964e04789eb637da0b1ce68b34fee5b52a98a3011d8049257bfa,1920,1080,1,historical_train
google_P000_q1HoCQL5FXFV0M,google_P000_q1HoCQL5FXFV0M,,data/train/images/google_P000_q1HoCQL5FXFV0M_jpg.rf.727b186746fd36a401b2aaff5409934e.jpg,legacy_train,727b186746fd36a401b2aaff5409934e,2b32cb2f26d2009e2c6c8607134fc1e70e35b3dade15a5fdd6674307a578fe89,9e7014a2426246bbeb7043fa8283e4c1233f2dace564202f36abc735fd626851,1920,1080,1,historical_train
google_P000_q1HoCQL5FXFV0M,google_P000_q1HoCQL5FXFV0M,,data/train/images/google_P000_q1HoCQL5FXFV0M_jpg.rf.d7a5c20323f5290ce341bef52f661f2a.jpg,legacy_train,d7a5c20323f5290ce341bef52f661f2a,f875c3d8aa90e36bcd4b07293eb37b631cbb10276e3c995fcfae0523108638ff,1eb06f46fad4e6f6d4b76728bafaec2b807f75aa3ecfdae758375855b82c869d,1920,1080,1,historical_train
google_P000_Zz5mhFZ0UZoHVM,google_P000_Zz5mhFZ0UZoHVM,,data/train/images/google_P000_Zz5mhFZ0UZoHVM_jpg.rf.4b35f772ce192258957ab6e1e59ddfcc.jpg,legacy_train,4b35f772ce192258957ab6e1e59ddfcc,41066adb47772dede08f23f2c1ee8309879f79c1a7b97e483a51756190eeb97c,7500b471972a47195a9bdc78f5421273c62588bd5791c68bc5aa720944393c3b,1920,1080,1,historical_train
google_P000_Zz5mhFZ0UZoHVM,google_P000_Zz5mhFZ0UZoHVM,,data/train/images/google_P000_Zz5mhFZ0UZoHVM_jpg.rf.995eea926945d0453592e195967c0c3b.jpg,legacy_train,995eea926945d0453592e195967c0c3b,128131d6bc9946298a55d93bbbf20c724f571d497bf12c065b4ffb4081ebd5ad,6c42a0c4e5208332992bb5eeb885c17cbb6f56794df687b3e369b476d4741f94,1920,1080,1,historical_train
google_P000_Zz5mhFZ0UZoHVM,google_P000_Zz5mhFZ0UZoHVM,,data/train/images/google_P000_Zz5mhFZ0UZoHVM_jpg.rf.b56c4a4cd90650aaeda80f054a33c767.jpg,legacy_train,b56c4a4cd90650aaeda80f054a33c767,4b2df2a455abf8c2cd78a9d737be6656a908adbf221638eec162a7acfc7c51a2,ba2b7cb047456e56b50134fe8f7664c9cd7c0c9f5eb85d4d342fb1ee40b2cbc0,1920,1080,1,historical_train
youtube_V0002_I0000240,youtube_V0002,,data/train/images/youtube_V0002_I0000240_jpg.rf.65fc84e2fd871d620a5eb33074f436ae.jpg,legacy_train,65fc84e2fd871d620a5eb33074f436ae,a6f7aef810c8483ce161d998e41d06ca7fccf3c6fed6261f5d66c4d6c358cf67,85d546678b208116ce555363b53e33bb665d8cc9c96a71f5ec6bdf635a8aa039,2048,1152,23,historical_train
youtube_V0002_I0000240,youtube_V0002,,data/train/images/youtube_V0002_I0000240_jpg.rf.c4a8e784f6472d2b2e1ffa8e80159a45.jpg,legacy_train,c4a8e784f6472d2b2e1ffa8e80159a45,1db6931b6e8eeb00ea655a4f771ecb56d65e4dff866c64c8ba8d77736351a658,0d1eb49fe636a253dfe793bcb48bd147e71898c29f25bc67662db762e7da525f,2048,1152,23,historical_train
youtube_V0002_I0000240,youtube_V0002,,data/train/images/youtube_V0002_I0000240_jpg.rf.ea7c4de1fac447b579e10e7356a0d832.jpg,legacy_train,ea7c4de1fac447b579e10e7356a0d832,99783c64a3ef8d75aba402e9cb19230eb6a750e8ae94f42a9ec11869d4fd1385,be615fa134b121a68f350eadbfb99f3624e4abd428d2ef816e6cc58ddcb7782b,2048,1152,23,historical_train
youtube_V0002_I0000400,youtube_V0002,,data/train/images/youtube_V0002_I0000400_jpg.rf.a1daa5c795f957f55a5d213eb54fb669.jpg,legacy_train,a1daa5c795f957f55a5d213eb54fb669,35fb833e557b9552e92b342afc7a8c2a07bbc1d8dc5b7f64f2823e3aacc01d05,c2197926b537819b9deb2a58fd585d37e5b8b540831fb614b31f0df7ccb98700,2048,1152,1,historical_train
youtube_V0002_I0000400,youtube_V0002,,data/train/images/youtube_V0002_I0000400_jpg.rf.d7e6b903d2d1afc3a80c74fec1466770.jpg,legacy_train,d7e6b903d2d1afc3a80c74fec1466770,daa3cdb1d094972ffbff5479f036c06fc417b09e294c2bc38ac764e03f6d6b35,ea5eb7f129abf7eed3417a9733caa72a50f3c302959ab6cbd4bcd05d6d0214b6,2048,1152,1,historical_train
youtube_V0002_I0000400,youtube_V0002,,data/train/images/youtube_V0002_I0000400_jpg.rf.f7095de4b291483f3bcd0abd9d304ca4.jpg,legacy_train,f7095de4b291483f3bcd0abd9d304ca4,d94b3800ff4ffcfedabcb7efbb9dd43a196a6a031374dea588945c938bbc7fc3,9e30eb8a4ae839eb78e7a8dd38ff32a4fbff013103a058f07a4ec55716816781,2048,1152,1,historical_train
youtube_V0002_I0000480,youtube_V0002,,data/train/images/youtube_V0002_I0000480_jpg.rf.0a7e861f534931bbeff18f0a79fb8c99.jpg,legacy_train,0a7e861f534931bbeff18f0a79fb8c99,e3c76286942cec222c190930473fb21892bf05ec41851066c3e1775bec0da62e,18b81ae9e9712904cde24f5e422ca27c82f4d59316e296d859f85acb4716f042,2048,1152,2,historical_train
youtube_V0002_I0000480,youtube_V0002,,data/train/images/youtube_V0002_I0000480_jpg.rf.73c4300492c685aaefd3ea9320d68bb1.jpg,legacy_train,73c4300492c685aaefd3ea9320d68bb1,3cbc32fedd94628ffa2d750cc294061e08aa1638cd848283638029f640bd6dba,915f8e6e625ddf1143f0491bbe4793adf573f8cd597e719952761f74a71ac409,2048,1152,2,historical_train
youtube_V0002_I0000480,youtube_V0002,,data/train/images/youtube_V0002_I0000480_jpg.rf.efc865b6464358adae9a61a14d8fb3db.jpg,legacy_train,efc865b6464358adae9a61a14d8fb3db,71ae7aadad8330186bc5946521d383ddce039cc91db328a6dbe870b5d0e5c4b2,9f832ea4c8232f4796c1bcebea9e0bd776f7f17584da66abf149273ffbd9c3b8,2048,1152,2,historical_train
youtube_V0002_I0000560,youtube_V0002,,data/train/images/youtube_V0002_I0000560_jpg.rf.222497235a3b1bee0871db011c4cad33.jpg,legacy_train,222497235a3b1bee0871db011c4cad33,3a782c019122cc214f77c250506e8850a8f18af72dcd4d2124e91d3cb74bc8ce,83afdac7f59797e680fd73a366bbd44ad80f733537c7cbe1782f6d1b0439fe86,2048,1152,14,historical_train
youtube_V0002_I0000560,youtube_V0002,,data/train/images/youtube_V0002_I0000560_jpg.rf.27c36bebafe30e7808889893474a1454.jpg,legacy_train,27c36bebafe30e7808889893474a1454,770e355606ecd677b9c9ed994b49202cc38bc5819a3130836367ad9d8e1df705,bd1dd4ee1f4173cedcd6f8ef34e2137941efb8ee402341d08fa4ed6454bdd2b7,2048,1152,14,historical_train
youtube_V0002_I0000560,youtube_V0002,,data/train/images/youtube_V0002_I0000560_jpg.rf.5e38032a0387a2979c5e94a1c32970e0.jpg,legacy_train,5e38032a0387a2979c5e94a1c32970e0,3e683b4165fc1668561402a0e9100f18834e19fbcd595f0f76f9833543f90ecd,a53b032da1d02081d3efebe92798bdb92e1ea2444d4a1f9ba944675361ef36dc,2048,1152,14,historical_train
youtube_V0002_I0000920,youtube_V0002,,data/train/images/youtube_V0002_I0000920_jpg.rf.179fcb75fb55a36b8a78a3228fd32e8c.jpg,legacy_train,179fcb75fb55a36b8a78a3228fd32e8c,f130fecfcc35481fed5823d504048fe2870cf3fda24b27eaef771b40df1774a3,56af68798620e65ad79e9b2442df2e8130a48b462758e3df80a001087fe41824,2048,1152,15,historical_train
youtube_V0002_I0000920,youtube_V0002,,data/train/images/youtube_V0002_I0000920_jpg.rf.6ebcc9339397686639bf642a2d46a205.jpg,legacy_train,6ebcc9339397686639bf642a2d46a205,a88e8b1c97928ddec4d6fba19eff84efa9c01cefe8fd7f126d4216759f4fff5b,5d3091df8d94e2dd1076e38d435da4f772967fac8caaee2351e6f703a3dc6d16,2048,1152,15,historical_train
youtube_V0002_I0000920,youtube_V0002,,data/train/images/youtube_V0002_I0000920_jpg.rf.d227be64c50bac2dde982137a4f3a999.jpg,legacy_train,d227be64c50bac2dde982137a4f3a999,f06a2384bd253dc29fd7efb54809adf7331a110102b4d87c4bf79cc86ae01a18,0b566a9eaa6b20a028641b1dce8afa5031dca7fd2f7bcd4cdd04fd7b1a210986,2048,1152,15,historical_train
youtube_V0002_I0001120,youtube_V0002,,data/train/images/youtube_V0002_I0001120_jpg.rf.1a79b5d5447776730896f7921637e2fe.jpg,legacy_train,1a79b5d5447776730896f7921637e2fe,30eeb2f57198be7ebdb6894e77a2ca7fc5075121bec5f68272605b9c2c693864,ddef18ef8281218d3630ff827408991b2826df4516a2f05884ff3208a519c939,2048,1152,16,historical_train
youtube_V0002_I0001120,youtube_V0002,,data/train/images/youtube_V0002_I0001120_jpg.rf.a471bbec2e1fd762bb9c1d0a47cbcf48.jpg,legacy_train,a471bbec2e1fd762bb9c1d0a47cbcf48,63db3b57fbfc602962aa4aee0efac88561f24cf4adcfca600fd005130b9da4d6,4482a8948c69c9dc72ff86cb300735817b087ad5a0f0641e1ecf18246d9aa65b,2048,1152,16,historical_train
youtube_V0002_I0001120,youtube_V0002,,data/train/images/youtube_V0002_I0001120_jpg.rf.e12037d769478c5f94a9990ff38435a4.jpg,legacy_train,e12037d769478c5f94a9990ff38435a4,2fb6091219052495aa4bc89ed9441f33c35ed9160feb6cc0a2e680751e2e7ae6,23ad657af573585ce32cca9878a8a24074e34cc753e18e37c6345c0e417a8c92,2048,1152,16,historical_train
youtube_V0002_I0001200,youtube_V0002,,data/train/images/youtube_V0002_I0001200_jpg.rf.b652bc0d06a355473819e24168105f09.jpg,legacy_train,b652bc0d06a355473819e24168105f09,1f16eb2326d0bb41e88e55ef127276e0c0ffb84d0869489793f57c9fc6c18d00,90a1a49fa1fd944b246461fd69d464909de4d7f11be2e0c92de98f934c5a9ba9,2048,1152,3,historical_train
youtube_V0002_I0001200,youtube_V0002,,data/train/images/youtube_V0002_I0001200_jpg.rf.e0c66f0faa43bc20a1844203a1387fbb.jpg,legacy_train,e0c66f0faa43bc20a1844203a1387fbb,2de755953a0331d9b5015f8b37ade001e54b5977c9d1516ba7d559a6bed793ed,3c3fc48a5c3aeff4f6e66df1c66fd334906b68831d68e707f5ddeea7dc174073,2048,1152,3,historical_train
youtube_V0002_I0001200,youtube_V0002,,data/train/images/youtube_V0002_I0001200_jpg.rf.f56fb2708fd7f512252895b102cd92bc.jpg,legacy_train,f56fb2708fd7f512252895b102cd92bc,67e1d53931829de80f38501507d122be3c0dc951d570666517b315d8f55de17d,4b24bac219437a2185b451db4e7351604871b2d9b79c3d408f71910331d010c6,2048,1152,3,historical_train
youtube_V0002_I0001400,youtube_V0002,,data/train/images/youtube_V0002_I0001400_jpg.rf.5c985903ac417ef3c3de084affd9fc0d.jpg,legacy_train,5c985903ac417ef3c3de084affd9fc0d,79d10a8043092ae5749605101cfaa7e7c6a9c28965aba07412fbbfbcb4b8c02c,2838610148be5792304a6fd526c5d43f75df893add7426cb6e902b19071694fd,2048,1152,13,historical_train
youtube_V0002_I0001400,youtube_V0002,,data/train/images/youtube_V0002_I0001400_jpg.rf.8120f76ba5116ddd24430ad5c2859062.jpg,legacy_train,8120f76ba5116ddd24430ad5c2859062,bbbf79d5314213f56a4ea2c394fc9d7e0c6a9385bccab87deb0d4d8f0f3ad1e3,19c704762fc27be8aa4adb865c9db9dd9d8f44acc90b827885134a447816d4df,2048,1152,13,historical_train
youtube_V0002_I0001400,youtube_V0002,,data/train/images/youtube_V0002_I0001400_jpg.rf.b947dbb8b6d2b33db26f6cd877a95802.jpg,legacy_train,b947dbb8b6d2b33db26f6cd877a95802,e416429f6ff20264b08bd0c379c9ae7cd7b0af427514ca715521a199b6333de0,f8f401dd221dcea1d8a8b3f80a81194f03b115150d158ec4338140ed5e3042e9,2048,1152,13,historical_train
youtube_V0002_I0001600,youtube_V0002,,data/train/images/youtube_V0002_I0001600_jpg.rf.465aaddfe74b61fc919696f5419c87c3.jpg,legacy_train,465aaddfe74b61fc919696f5419c87c3,b195c3bd16bd69b022440f322a7e92c5f99662ee09847e344b9a0046cf4ee77e,5d90d6f54ebdaf9aef1957cbd9861cd6596c8310d97f6d44ac47ac83aad76919,2048,1152,1,historical_train
youtube_V0002_I0001600,youtube_V0002,,data/train/images/youtube_V0002_I0001600_jpg.rf.4feabeb3a8e0adade1b1f94fb87ef461.jpg,legacy_train,4feabeb3a8e0adade1b1f94fb87ef461,02cbbab2cd5076dae05d2fe73f33c2e198b0f877d621de97d92510ea736579df,1f36e6b9d2a1c26779287bfb7325d21bdc21e2c03bc76f27feaf4b43097c6171,2048,1152,1,historical_train
youtube_V0002_I0001600,youtube_V0002,,data/train/images/youtube_V0002_I0001600_jpg.rf.b29ef9981d92baeccf02bda757b73901.jpg,legacy_train,b29ef9981d92baeccf02bda757b73901,dcd6fc112fea50e8c6c5ee9faa1db8505f9b1aa706ca81e0e23b5ab016618a3e,af0510614e616c1584bc8d28c8f9e2b93254f42987babae3507863df8bc550bb,2048,1152,1,historical_train
youtube_V0002_I0002040,youtube_V0002,,data/train/images/youtube_V0002_I0002040_jpg.rf.297aa6918fe37fb7b49f64b484a1b60e.jpg,legacy_train,297aa6918fe37fb7b49f64b484a1b60e,eaa90132afdf56077093bb2620dfa71e0df0d096869e0a05f673ae7344cd227a,a0ec0ee8f75401282494f951d43b478a9db75bb2336fd66f3d4345905faa61ff,2048,1152,2,historical_train
youtube_V0002_I0002040,youtube_V0002,,data/train/images/youtube_V0002_I0002040_jpg.rf.2fb66c8dfd23dfe3b131ce699c25ca45.jpg,legacy_train,2fb66c8dfd23dfe3b131ce699c25ca45,6ae7e086dfd4500ed45fb571511a0d684e99baf5ae90363aa2285f3edb3a4f14,7652289bb4de1529ea77f9a81ad676084af849aa1c0cbe3f7b09d6a4a05866bd,2048,1152,2,historical_train
youtube_V0002_I0002040,youtube_V0002,,data/train/images/youtube_V0002_I0002040_jpg.rf.bc496d09c954de83e9c5e5b240523b33.jpg,legacy_train,bc496d09c954de83e9c5e5b240523b33,25d8e3cbfbeca8a0502d117c872478a98f4337bc15f337a0cafb8c16b23f012b,a92fed6292940ba2413a84afb4284afa80e327a95eea7b5ceaf4803c7a873e89,2048,1152,2,historical_train
youtube_V0002_I0002200,youtube_V0002,,data/train/images/youtube_V0002_I0002200_jpg.rf.3621e25d9a7b365dbc7a14c73b246241.jpg,legacy_train,3621e25d9a7b365dbc7a14c73b246241,28f3271b011562311bf09083a5902aa37a75b440119c2af5754a0316b468d9fd,d1c991a08a5214192327edfc16c239231e20fe4763ab75132ae954178e73d13e,2048,1152,1,historical_train
youtube_V0002_I0002200,youtube_V0002,,data/train/images/youtube_V0002_I0002200_jpg.rf.4a3617496dc2ffbb699013199ac09eee.jpg,legacy_train,4a3617496dc2ffbb699013199ac09eee,9ec9872e2ca2519156afbdf2d37f404133bac92ec2db206975877b45737557cd,4182e927814a885a44b1dc528e2496c779a9e153a6c395a696d76d8301d4e9df,2048,1152,1,historical_train
youtube_V0002_I0002200,youtube_V0002,,data/train/images/youtube_V0002_I0002200_jpg.rf.98e950a81610ff468318be0a10e2e276.jpg,legacy_train,98e950a81610ff468318be0a10e2e276,d888f41cfb5a23a18cdbcb41d36830b52b0af264f8c9a078693e80a1cd730666,7a6991c9a3e2b1c618b609bf49bf64a066521791a47c842864e765c263e0a89a,2048,1152,1,historical_train
youtube_V0002_I0002600,youtube_V0002,,data/train/images/youtube_V0002_I0002600_jpg.rf.5be0513d57ab6f983de6839d66c3437c.jpg,legacy_train,5be0513d57ab6f983de6839d66c3437c,d97aca74ecc4371b5c9c24882ad16d9d901c150fd33ebccf29df907312c02027,db223b8be13b626693aa6a2d1a87ca44e30c47d20ecc90f4ea7e1df85604ff45,2048,1152,3,historical_train
youtube_V0002_I0002600,youtube_V0002,,data/train/images/youtube_V0002_I0002600_jpg.rf.6e44ffb90acee5053d61c2cdf2c69c0f.jpg,legacy_train,6e44ffb90acee5053d61c2cdf2c69c0f,58b6d646ae5ed559cfd50ad2f28a3b40daa1c08bddcf13a1d2e9b399765c40c6,fdb53a914a61345597da3277107b9d11ddfe60bbb149a67e27a51e9f23306a33,2048,1152,3,historical_train
youtube_V0002_I0002600,youtube_V0002,,data/train/images/youtube_V0002_I0002600_jpg.rf.931f209c5f313fa943134a9db71a2cf1.jpg,legacy_train,931f209c5f313fa943134a9db71a2cf1,facc448867667754535a52adcf9ecd99e096f910cbb0b84afe65ee4732677603,c0c790afb1a4d4e4079c82ecffcb77826a0090e17e3c9226b90228d885717c39,2048,1152,3,historical_train
youtube_V0002_I0002680,youtube_V0002,,data/train/images/youtube_V0002_I0002680_jpg.rf.0341d0aefecae5547d9568f7ac9d6d08.jpg,legacy_train,0341d0aefecae5547d9568f7ac9d6d08,e3e9d99eea72ca0d2c765324f6857e0cb38d19dc86a7d3eae2d0e9d5958694f1,15027b95fe0310d8a1cd47af647e5fb76a65fbcd850618375043b5bb8939d1cd,2048,1152,1,historical_train
youtube_V0002_I0002680,youtube_V0002,,data/train/images/youtube_V0002_I0002680_jpg.rf.3fdd28d997f6f3ece18132f1acc72aba.jpg,legacy_train,3fdd28d997f6f3ece18132f1acc72aba,295fdb9ae5d9c9547c96f3f87fe3f0493cbb68481392d6dc57a071932880ea3f,0cbfe195794aca67656378e30f919cba53c523f5d6a4267c39e0f63b82bec9c5,2048,1152,1,historical_train
youtube_V0002_I0002680,youtube_V0002,,data/train/images/youtube_V0002_I0002680_jpg.rf.ab52d8e8ca14d07c3829d78ec7f25c44.jpg,legacy_train,ab52d8e8ca14d07c3829d78ec7f25c44,98e22439e6500c36df9bceb954816b5059af3366f9d63e2e731d52931bbfa2ff,d819882938695273cae63ec2b65c1dad62b2a1c768d701bc2aff7f53f89e02db,2048,1152,1,historical_train
youtube_V0002_I0002720,youtube_V0002,,data/train/images/youtube_V0002_I0002720_jpg.rf.3841a2614d7bcfdaab03f64bd7ae2757.jpg,legacy_train,3841a2614d7bcfdaab03f64bd7ae2757,2084a4d55b75a46c051fe09845252ab3099158420e33c609dba022efd18974d8,46f14361c876e13dfe79ab9e1ed724c6950c8fc272ef190fd000b222b5b6733d,2048,1152,3,historical_train
youtube_V0002_I0002720,youtube_V0002,,data/train/images/youtube_V0002_I0002720_jpg.rf.ad4746045b84525faa43b59c22c75810.jpg,legacy_train,ad4746045b84525faa43b59c22c75810,9cb90a520c444d62f9ae19f2a1291413074aa70195e88fe922b002d7a7ad4110,02d43058d55162454c977efcf7a655ae3755edd425eebc9c70ee85780ec105c6,2048,1152,3,historical_train
youtube_V0002_I0002720,youtube_V0002,,data/train/images/youtube_V0002_I0002720_jpg.rf.c633a7d7d991ba2d07111d05c2e8d7b2.jpg,legacy_train,c633a7d7d991ba2d07111d05c2e8d7b2,ff93c71dea903c59f38d8553b02e1247fd42316570d526ac3a9186030a755b75,e37d33659099056f506e31a28d89e1844aa331d4167f9bb0947f21f21a2c533b,2048,1152,3,historical_train
youtube_V0002_I0003080,youtube_V0002,,data/train/images/youtube_V0002_I0003080_jpg.rf.ad73c1235e40e5a05fa86df7727822d3.jpg,legacy_train,ad73c1235e40e5a05fa86df7727822d3,2327e429d44716db29eec28332db2e2a79482b5467100365c25dc2876990a9f2,e6017a1f8d77cec9a76cd992bd086b98e615a3c2b6891fb7f98c4a504e5b6d90,2048,1152,19,historical_train
youtube_V0002_I0003080,youtube_V0002,,data/train/images/youtube_V0002_I0003080_jpg.rf.d645ac7955a9c1629ad00b6762d15501.jpg,legacy_train,d645ac7955a9c1629ad00b6762d15501,ef03cda08136c386d4442b9f0dc15a1272824f85cf0451771753abfe9901da23,b383c347092dd200a001a56dfd159f25a0813ceb0e1689800fd0f18b8d76e5c3,2048,1152,19,historical_train
youtube_V0002_I0003080,youtube_V0002,,data/train/images/youtube_V0002_I0003080_jpg.rf.e2475a31d21c498081f438522fb213d5.jpg,legacy_train,e2475a31d21c498081f438522fb213d5,9f626561bb2baf93b0ef13eb06383d68300606a642a6820cc1dd750bd35197aa,d68d755c64619903a0209dd55ef2097ad42efc779a815283a5fe5c40d8975d11,2048,1152,19,historical_train
youtube_V0002_I0003200,youtube_V0002,,data/train/images/youtube_V0002_I0003200_jpg.rf.295720b336b51fa7057fa533aaf9836f.jpg,legacy_train,295720b336b51fa7057fa533aaf9836f,81927ff28dbe8b853fbda282321b7a628eb8be30e11b86b5295b8df77d44ecba,4752b8a0faa310c2c1fb08c31a033ef18efaaadbe275fb4d7d5c34fb975a38cc,2048,1152,4,historical_train
youtube_V0002_I0003200,youtube_V0002,,data/train/images/youtube_V0002_I0003200_jpg.rf.62feeb10622df006fc22612127df59c0.jpg,legacy_train,62feeb10622df006fc22612127df59c0,6091c01ecde8330e40b2ef5e44d64a811cc63e050bb34193669fb8b1183c55b2,a694b6252ca2a2fc9feea3d181a63907b922634e8bb6eb003500dc23140a83b1,2048,1152,4,historical_train
youtube_V0002_I0003200,youtube_V0002,,data/train/images/youtube_V0002_I0003200_jpg.rf.cdeb8768a94dc0541a738eaf0a610418.jpg,legacy_train,cdeb8768a94dc0541a738eaf0a610418,a2e3ded0bfe3aa318203e82cbbad9bcf0960291410a4ebcb812136a2d56289a8,972e072432ac337c89199bc0bf5a3379819aab23958df8124d54111edc8598cc,2048,1152,4,historical_train
youtube_V0004_I0001600,youtube_V0004,,data/train/images/youtube_V0004_I0001600_jpg.rf.10b10ab478a869b935d99028142deeb9.jpg,legacy_train,10b10ab478a869b935d99028142deeb9,9b5ad58140099d169bc67a9769649a43b70bce02528e421f1638d170ef2c2a15,4648d0280758fc9f5468fe703eec1d6430e7d2d707213f050b3322078b1d6f62,1920,1080,62,historical_train
youtube_V0004_I0001600,youtube_V0004,,data/train/images/youtube_V0004_I0001600_jpg.rf.93039c99c456e5b8adc2593f8f4e141c.jpg,legacy_train,93039c99c456e5b8adc2593f8f4e141c,9b345441543d932162349e41ef2052d61bef5b2498075955a1281f2775063093,43cd303a0443d6681db240668e765a0ffb9bd95a1be09d32847b2bbcb88a3466,1920,1080,62,historical_train
youtube_V0004_I0001600,youtube_V0004,,data/train/images/youtube_V0004_I0001600_jpg.rf.b2c320f62991de972ba08e822ceab2ab.jpg,legacy_train,b2c320f62991de972ba08e822ceab2ab,10b7128ec73f994f4689b4e4999aabc4942aba474aeb782a87be1b0bb6066f96,90838fff20cdc22077212eac7330edc91fb916f9d0f8c6e75c246e1f8fc6b46f,1920,1080,62,historical_train
youtube_V0004_I0001640,youtube_V0004,,data/train/images/youtube_V0004_I0001640_jpg.rf.262f7c43049bcee5152ebf23f4ed84fa.jpg,legacy_train,262f7c43049bcee5152ebf23f4ed84fa,a260065a6a4da1d9089cb2dde887ccb50caa09cd8cfe4ab320288ed1a5fa9fcf,b2e87e826789a5cacb6a3206c2316320e47aeadd3f1fb8947d27433fd9a37590,1920,1080,61,historical_train
youtube_V0004_I0001640,youtube_V0004,,data/train/images/youtube_V0004_I0001640_jpg.rf.2eff0f6268d626446ec00b1f254e449f.jpg,legacy_train,2eff0f6268d626446ec00b1f254e449f,f66d611f85f0c0c609988c84d5a5927a55f95f08187fb04a30d623909269e7df,5f67e60563237ca012dae879be1b60ad69890c4d576ad36ca45f61b9588f7d47,1920,1080,60,historical_train
youtube_V0004_I0001640,youtube_V0004,,data/train/images/youtube_V0004_I0001640_jpg.rf.c8815fe7d8e1939e6b8e0f5e20abe053.jpg,legacy_train,c8815fe7d8e1939e6b8e0f5e20abe053,4666bf5bd6ec56af3b078e355d6bdbcf66d5064428273097c7388e1c6e0c66ed,8fa708c350af1edeb0c286b4c9b8438189313a6a271baf7d1164f4737017c750,1920,1080,62,historical_train
youtube_V0004_I0001880,youtube_V0004,,data/train/images/youtube_V0004_I0001880_jpg.rf.3d69acc1bf04f76a9457919d6ee41529.jpg,legacy_train,3d69acc1bf04f76a9457919d6ee41529,d1b428c42af5c66e8afbe57304c8b1e66c4d0cd81c71eb3f7c9b9d0095ea0eb1,8f03aea4077b457c876b5ccb09b321e848d5d9225483d74794755c55f357b837,1920,1080,44,historical_train
youtube_V0004_I0001880,youtube_V0004,,data/train/images/youtube_V0004_I0001880_jpg.rf.9258b4978765bcfbb1fe63c9e89195f6.jpg,legacy_train,9258b4978765bcfbb1fe63c9e89195f6,8b8e80f0fe03dddd14693bde22a02343b8ad9fc87dbf1266e30593f529fb92e2,1c0f420156be43cdd3556dcc30df79ab8b71a3e96d4241c8861afd362183babc,1920,1080,44,historical_train
youtube_V0004_I0001880,youtube_V0004,,data/train/images/youtube_V0004_I0001880_jpg.rf.950ef39b244399413645ac05a3fe422a.jpg,legacy_train,950ef39b244399413645ac05a3fe422a,52ea508741c6cda0c652a802a63452e33837a4ca6aaffc9aa437809c60ba33d9,6814cf5f8a7b309a8e49446fd8bc7ace41e0751e777a0ea50eab24274585cc5e,1920,1080,44,historical_train
youtube_V0004_I0002000,youtube_V0004,,data/train/images/youtube_V0004_I0002000_jpg.rf.0ab840ffc531e40e2d567721ad9b4b78.jpg,legacy_train,0ab840ffc531e40e2d567721ad9b4b78,37f0757ccc9f65e85999a496f866d762b3f4611ea2ce9a4666149b074eac07a1,aa542d40548b2573cad7c5bf33cd4ae8c86d886e301fb4d9c689db0e1a571da3,1920,1080,53,historical_train
youtube_V0004_I0002000,youtube_V0004,,data/train/images/youtube_V0004_I0002000_jpg.rf.2127656806696619d331ce416f626aea.jpg,legacy_train,2127656806696619d331ce416f626aea,1052db06e78af3dcf68767475496ac12c6936c59e236e94340e000a04f451b49,abe594132e471db50bdcd6ead9a93c30d1bbd749fc7097baf0f179da1acfd084,1920,1080,53,historical_train
youtube_V0004_I0002000,youtube_V0004,,data/train/images/youtube_V0004_I0002000_jpg.rf.9c4815342fbae8845a59042f1b672cb5.jpg,legacy_train,9c4815342fbae8845a59042f1b672cb5,ead9c7fc8e26527cdf216474898925884c69b7b4ba50521155f0fc83ce3ef088,a55409ab9687dea8d9d73dfaafd488c402f01b060f9766c4902ed1c290ea1083,1920,1080,63,historical_train
youtube_V0004_I0002040,youtube_V0004,,data/train/images/youtube_V0004_I0002040_jpg.rf.1d756988f9542744ab37153e33a81a39.jpg,legacy_train,1d756988f9542744ab37153e33a81a39,a03841a1e8df962b8b9565029f8829ad704ef48ac49c81a484d3b98486872d23,6251032af459e1850fc9a0a42fd99d274429612c0cbb7d7a1f69c0efd59ec854,1920,1080,85,historical_train
youtube_V0004_I0002040,youtube_V0004,,data/train/images/youtube_V0004_I0002040_jpg.rf.3d7b0a4f215fafdfad16d074a269862e.jpg,legacy_train,3d7b0a4f215fafdfad16d074a269862e,0cf90548ad5b63d8f18b4f05168bfefaf3ef78ef158ac9b7fe241f719ac7f0c0,c02d827d9a4056238e6d662dd23fbcea9e5acf60b2c9a383a1997316b3b73e65,1920,1080,85,historical_train
youtube_V0004_I0002040,youtube_V0004,,data/train/images/youtube_V0004_I0002040_jpg.rf.4dc93ef234bd68d7629cce805a38ae7c.jpg,legacy_train,4dc93ef234bd68d7629cce805a38ae7c,61e34aaa5145799d5658ddeb4f8f6bdc07e7215387b785c79ad10739ddf3a79b,cdac77b190a9094216ae228103df53ec7cab0e464ebdb071b9e5651f921995f8,1920,1080,61,historical_train
youtube_V0004_I0002720,youtube_V0004,,data/train/images/youtube_V0004_I0002720_jpg.rf.169b7425285a5799f52861de8c345e42.jpg,legacy_train,169b7425285a5799f52861de8c345e42,fd4c395ec07e61162682d96700a5a0ac028e67db6947f3e9f8cde09c0cb2b915,34b687616bf61946b2baa712c149c55681fe1076e02a6ad4507989da5ab61ef6,1920,1080,29,historical_train
youtube_V0004_I0002720,youtube_V0004,,data/train/images/youtube_V0004_I0002720_jpg.rf.3a02cfefe8a3cd3d262df28f02f84cf5.jpg,legacy_train,3a02cfefe8a3cd3d262df28f02f84cf5,c6f16cbdb6723b3b5f969ed55d396d6fa42ccb451e3c56ca55355b85084e83ac,6cac259236dad1bdaccbec3212bf9e6970a321d284006611e164b1c3d6e08f04,1920,1080,29,historical_train
youtube_V0004_I0002720,youtube_V0004,,data/train/images/youtube_V0004_I0002720_jpg.rf.bed8a31ca8a5b3a85104c2a6d17bb7e8.jpg,legacy_train,bed8a31ca8a5b3a85104c2a6d17bb7e8,3ccd8a1a0a2925858cb7f3c8b02a9aef701bc6b5bf50e138246495e62c928e59,59b720fd32ebfb680b3dcecfc5484fd6c72d99697ecb615b1f96d837fc899f66,1920,1080,29,historical_train
youtube_V0004_I0003000,youtube_V0004,,data/train/images/youtube_V0004_I0003000_jpg.rf.2c3555c0d417e47226a9fefc936d72e6.jpg,legacy_train,2c3555c0d417e47226a9fefc936d72e6,b4167faf071622ec09ceaa782eecf78db27b91a0d17a5f96a07831d745a82942,a99e60b8fcf41450113e68f71b4062977fc5818a1461a98c700ff7953e6c35c1,1920,1080,39,historical_train
youtube_V0004_I0003000,youtube_V0004,,data/train/images/youtube_V0004_I0003000_jpg.rf.4dbce75a57662e6e5d7641ecd73cb98a.jpg,legacy_train,4dbce75a57662e6e5d7641ecd73cb98a,3edb6e774f7f6cbd177b18197d6be96a1aedfdfe69a37f6857d0a35a61ab9859,ef5f85c04beaf78ac78ce4df03313e193e3f19a479c51d5555a2c6fdb28678ba,1920,1080,39,historical_train
youtube_V0004_I0003000,youtube_V0004,,data/train/images/youtube_V0004_I0003000_jpg.rf.acee622074da59b9125e56651d5c3ba3.jpg,legacy_train,acee622074da59b9125e56651d5c3ba3,dacbcf25ede13efc679ca65365df6d70dc4d38ad952e9851d96c79e18d677757,334940da64b679c3cfc2a290a60b8a0a25cf2adc8359fe2c688437c0672451b4,1920,1080,39,historical_train
youtube_V0004_I0003040,youtube_V0004,,data/train/images/youtube_V0004_I0003040_jpg.rf.1534dbda579f0a75092b002f85590c19.jpg,legacy_train,1534dbda579f0a75092b002f85590c19,c6cf9c5a9362f0768cf680757c6d84e4189dbd24cab1a31ca792e3e9dbfc2e8c,2237058199fc2be363b1134a90d9dec7a4d51fd0aeb1d8e64d5fa14115f2eef6,1920,1080,50,historical_train
youtube_V0004_I0003040,youtube_V0004,,data/train/images/youtube_V0004_I0003040_jpg.rf.47e930d5aa20d709eac2e815693eb38e.jpg,legacy_train,47e930d5aa20d709eac2e815693eb38e,74ce7dc8ceec202de3a6928b8f1d752ff908499a637bbd1163ca471f34c49312,8702d36b5cc645448253d5bb746f067ca30d5e35ec2adb44058b4210235a3774,1920,1080,50,historical_train
youtube_V0004_I0003040,youtube_V0004,,data/train/images/youtube_V0004_I0003040_jpg.rf.4e2a4ee3e92cecd094d3a892adf9901b.jpg,legacy_train,4e2a4ee3e92cecd094d3a892adf9901b,5ad64880f1d360ade2da236de55f1d5f22e7c1b10b4ee9c66efa2a4fac6b9dc3,64103b7bb22f540d8be9b670bbd695548ab07f40bbe7b27db734d72e49f9a343,1920,1080,50,historical_train
youtube_V0004_I0003120,youtube_V0004,,data/train/images/youtube_V0004_I0003120_jpg.rf.5d0fa62f70cb5b262f9bd39de6c2649d.jpg,legacy_train,5d0fa62f70cb5b262f9bd39de6c2649d,42996fb14bcd3976c09371798e8946fb24d39a5c2b792bd32f13858288abfdd6,92291ec7fede893d38a857225cab9942d701905d9745414fd744fe1901ebca71,1920,1080,30,historical_train
youtube_V0004_I0003120,youtube_V0004,,data/train/images/youtube_V0004_I0003120_jpg.rf.c7f106d66949ea170dd01eeb938991cf.jpg,legacy_train,c7f106d66949ea170dd01eeb938991cf,c48f6964f136c7d5893a0c043d05472cfff4a91bf07261a133f9932b214f9cdc,6e8d03e4ed5edb73a99bd66e141a062ad960438758eb130d956f3ce4ed41ee42,1920,1080,31,historical_train
youtube_V0004_I0003120,youtube_V0004,,data/train/images/youtube_V0004_I0003120_jpg.rf.f0bbe6708427d0c365be02eccf81541d.jpg,legacy_train,f0bbe6708427d0c365be02eccf81541d,97a9c143c174a20ee5d7ad9990f3902bd9b8da37868772e5cb82fff9dcb4fabd,e136ea50ae159aef105ee3e15b471acdd43f579973f6331eee9cd50d6dca0cfc,1920,1080,31,historical_train
youtube_V0004_I0003280,youtube_V0004,,data/train/images/youtube_V0004_I0003280_jpg.rf.3df6dd9bb2094f3d490fda35bf60b067.jpg,legacy_train,3df6dd9bb2094f3d490fda35bf60b067,2268f4dc6dc6eaa48a0ec2a1f4975598153da5f2db15d31dee9d8f7c6c1d8351,85d7604d430e859512bd1d0c53fa356e61e2e5739c904dc852b56ebb4e58cbfa,1920,1080,13,historical_train
youtube_V0004_I0003280,youtube_V0004,,data/train/images/youtube_V0004_I0003280_jpg.rf.8e1775c1e75e732d97a4ebdc685b56c7.jpg,legacy_train,8e1775c1e75e732d97a4ebdc685b56c7,498fc5fb7b072681a188a45e7d867a94f9f5902281565587fc9df0e0c5f3f2d4,605ca07c3660fc5ef11247a2d983d927668ded9628952e8d4a962f3d2a9b29e6,1920,1080,13,historical_train
youtube_V0004_I0003280,youtube_V0004,,data/train/images/youtube_V0004_I0003280_jpg.rf.b70370bee455fe007cd4696f440f2be3.jpg,legacy_train,b70370bee455fe007cd4696f440f2be3,ad6d32d583d8233447c9cb90258d807eeb0bc398cd8d99d9737da75e15b14586,ed09d5907741bef1fa9028bee1099b731f2e951ce8ed75bf76bbbf36da0c09f9,1920,1080,13,historical_train
youtube_V0004_I0003320,youtube_V0004,,data/train/images/youtube_V0004_I0003320_jpg.rf.43fa70dfeeaf5ab930a23d28a5ebd1db.jpg,legacy_train,43fa70dfeeaf5ab930a23d28a5ebd1db,2053d9aa15d589244238270df5120ad6256d5326e71d0eb3241b1c854162aa0e,472190475d65379219e7b363ee4cbeee7d752afd35923b28faf9185ce4c53904,1920,1080,17,historical_train
youtube_V0004_I0003320,youtube_V0004,,data/train/images/youtube_V0004_I0003320_jpg.rf.83aa054ae144cebe51c396b311e1333d.jpg,legacy_train,83aa054ae144cebe51c396b311e1333d,0a126138089b00ca63679d3b75be41dd8de53eeb779f834e4d4ecb0be6d721a2,bee878e67ab02689efb7c85d3fe2c914edf8f54214ce9133bb0fb2f649104929,1920,1080,17,historical_train
youtube_V0004_I0003320,youtube_V0004,,data/train/images/youtube_V0004_I0003320_jpg.rf.d75586d28cfb5b055364a64f307b4058.jpg,legacy_train,d75586d28cfb5b055364a64f307b4058,f0881199cc31b036da5b4a056a6275b046f38f8874306474ba466dece9252ced,21ba8893ad9a9724646cde54729d6e971f3a299a04df916d3f3a5550683b597d,1920,1080,17,historical_train
youtube_V0004_I0003400,youtube_V0004,,data/train/images/youtube_V0004_I0003400_jpg.rf.be99ea01cd0b22ae9fcec1eab0b27d64.jpg,legacy_train,be99ea01cd0b22ae9fcec1eab0b27d64,c1394330534e6f37a6ea0ec155cd005c82a18ff52b5d47bbadd0e727eb91cdbc,f0f113e89256fa1d280ca0b9ad3197c5f040002f415e6b0e2b1a7111b8fe94b4,1920,1080,26,historical_train
youtube_V0004_I0003400,youtube_V0004,,data/train/images/youtube_V0004_I0003400_jpg.rf.c71d6fd4089421f3f28bf3b33701f44a.jpg,legacy_train,c71d6fd4089421f3f28bf3b33701f44a,09f50526a0e5f3f3e05b87526f963dfb2b063209ee96c84d14ece6f665e70bd2,d6b786cc603aae1b41590db9abc4dd7b26e88b1d9469fe722e36ba4cf6b1ec95,1920,1080,26,historical_train
youtube_V0004_I0003400,youtube_V0004,,data/train/images/youtube_V0004_I0003400_jpg.rf.feb6fc30935f631e32668913ab461bb8.jpg,legacy_train,feb6fc30935f631e32668913ab461bb8,7a88ae8a845f432a21b14fcdaa757d17c402e1b583e3f0de0c6d291384691e49,5a01f0dce57a9218ddf3ced6d3534619bee6a82b7ef71bf80f049dcf9b3800a4,1920,1080,26,historical_train
youtube_V0004_I0003440,youtube_V0004,,data/train/images/youtube_V0004_I0003440_jpg.rf.85ecc3db2375e05e2f2ef27ec7166a5b.jpg,legacy_train,85ecc3db2375e05e2f2ef27ec7166a5b,3692c3c8ab4b794551b998ea523b1e1acb0fdcbbfd4fa04cbd47863b6af5b925,6e32906fa53b7d9b74a141a52d5c21c3e55f98fc152e26ff5e8db9e0e42cb468,1920,1080,15,historical_train
youtube_V0004_I0003440,youtube_V0004,,data/train/images/youtube_V0004_I0003440_jpg.rf.a4f58a800bd6868601d8f4c8350c3245.jpg,legacy_train,a4f58a800bd6868601d8f4c8350c3245,f0eb92ffbeec12bb45717c52245039a2a08e218d056439ec8a8ae1ec86b4cdf7,00edeb09d296972c3c1fa6567451f4185888854638064406d80dcd53d406c1dc,1920,1080,15,historical_train
youtube_V0004_I0003440,youtube_V0004,,data/train/images/youtube_V0004_I0003440_jpg.rf.fec86d2dce9a02a9ce9a7b7d5bb8c9a6.jpg,legacy_train,fec86d2dce9a02a9ce9a7b7d5bb8c9a6,bcd4d8d7137c1d368f60fa7d93057b9b0b642440f1bd9a3118ae0e896f74f86d,c727e4cf8829bd9984665c6a983af385b24d61bcf68da5051a47ce247541544d,1920,1080,15,historical_train
youtube_V0004_I0003600,youtube_V0004,,data/train/images/youtube_V0004_I0003600_jpg.rf.615e31988cfbc42512d5e72dc584cb0f.jpg,legacy_train,615e31988cfbc42512d5e72dc584cb0f,3c8ad51280bf775c4d0a9abe761e04d75a58cb5c36b5ea2304ad2f07c971acd1,7da412c805360c8db9c44ae72793e76d5d12ec7aa3d1c5cbb5d5cd984e42f1a4,1920,1080,10,historical_train
youtube_V0004_I0003600,youtube_V0004,,data/train/images/youtube_V0004_I0003600_jpg.rf.e07ec55ff3ebf833d71477db93370b57.jpg,legacy_train,e07ec55ff3ebf833d71477db93370b57,57350f4cecf5cb46c2d9cb652108f52c40c71c8151c02a20da63546cb88f24ac,5a442fdd53c5dd4bdd54a285c885e95bbfc8cee435acce88ad238ae7598a83c0,1920,1080,10,historical_train
youtube_V0004_I0003600,youtube_V0004,,data/train/images/youtube_V0004_I0003600_jpg.rf.e5fa03487c14d2d755480e9cf4ae9c4a.jpg,legacy_train,e5fa03487c14d2d755480e9cf4ae9c4a,5213b0caca162f7b5eb664342be0f0a059dade2c889083606ff2ef46fababf42,628f1b8fc5c75d444987471bf29d7d55962be3c33f7ccb9d2070af185fc90f27,1920,1080,10,historical_train
youtube_V0004_I0003880,youtube_V0004,,data/train/images/youtube_V0004_I0003880_jpg.rf.1876b1a511de1ceb1a02ca34747c6126.jpg,legacy_train,1876b1a511de1ceb1a02ca34747c6126,55d383421c5c6a1e3e243c7696f740ffa6536d6cfb43769738e05df2a98061e2,714723633304b35ea7afe2254eefa5419bc0ab8788989fa68841fd74d340f586,1920,1080,14,historical_train
youtube_V0004_I0003880,youtube_V0004,,data/train/images/youtube_V0004_I0003880_jpg.rf.247fba0525e256f2cebf63360e61c1bc.jpg,legacy_train,247fba0525e256f2cebf63360e61c1bc,79ed4d051aba5b2b7a82939149105b349436c58520c6fe8a76cc9f6270ff351d,69545721388c825fd486a0285e5c5a39266b82f66cc3da3e3415a4aa5df1cd66,1920,1080,14,historical_train
youtube_V0004_I0003880,youtube_V0004,,data/train/images/youtube_V0004_I0003880_jpg.rf.9f6b2659f6ca79af21306c2e0b8d0b63.jpg,legacy_train,9f6b2659f6ca79af21306c2e0b8d0b63,23b558504410ff2023e00b449804a575fcbdd535870e519c1ea05a2e58eeaee8,28d98cc31e57981ddec294edc4c624d8394334b4596d6dbfcfbf2fe27d74eeb3,1920,1080,14,historical_train
youtube_V0004_I0004360,youtube_V0004,,data/train/images/youtube_V0004_I0004360_jpg.rf.00c3b8cf8cf69da1492bea525b9985b7.jpg,legacy_train,00c3b8cf8cf69da1492bea525b9985b7,2cf5af04962ef700207795e2c43e5ffabf924e2188db9307a6977641170c5d41,55f77178874314ce8dd95cbe6b6b966d22aaed473d8ea803e461e11bf6e01c6c,1920,1080,63,historical_train
youtube_V0004_I0004360,youtube_V0004,,data/train/images/youtube_V0004_I0004360_jpg.rf.58ffca3fa75b52fec09f0e7e468948b1.jpg,legacy_train,58ffca3fa75b52fec09f0e7e468948b1,1dd62ffa59a5558f53a120149f9ea1acd44b1bb1b7f9575ea3606e8ab8c9da79,755bacd10d8f4dbba9e0b719ef90f84820ea7b91b0dd91542f5e4a697ea52609,1920,1080,64,historical_train
youtube_V0004_I0004360,youtube_V0004,,data/train/images/youtube_V0004_I0004360_jpg.rf.dbaacffe2b77d451b8dfe1e71486aae6.jpg,legacy_train,dbaacffe2b77d451b8dfe1e71486aae6,8788ea897e144e2274c97e2d7f06b358413a3e9c22100f898bcb717fcaf75b8a,0e644fcb4bc7b484752dea9711acab27d33b5aab4f5549019ae5e3faa9165867,1920,1080,64,historical_train
youtube_V0004_I0004680,youtube_V0004,,data/train/images/youtube_V0004_I0004680_jpg.rf.33666e9ad782a256daa506df5d47b52b.jpg,legacy_train,33666e9ad782a256daa506df5d47b52b,f46d8c6c68d2f3be009c07695c0abfd93187e29e16f247afed8c04f0fcdd4c72,4d0d715aac863b477e6079b82759fe8c33512fcb0907767188a82cec8d37ab03,1920,1080,24,historical_train
youtube_V0004_I0004680,youtube_V0004,,data/train/images/youtube_V0004_I0004680_jpg.rf.45814b6a55927a28591357f9cf033eaa.jpg,legacy_train,45814b6a55927a28591357f9cf033eaa,f562622d3a9e17fd967abcfaecc52ffb9605bdac398e060bc780cbd9c9310185,74d54e8f1b38367e5d906690b5233393ba780f0c8dca9f1631792051587e4cc8,1920,1080,24,historical_train
youtube_V0004_I0004680,youtube_V0004,,data/train/images/youtube_V0004_I0004680_jpg.rf.ffb87796b0708e887ccb112c39b3a340.jpg,legacy_train,ffb87796b0708e887ccb112c39b3a340,4007928ffc1d725ddfc28aa09ab8d8c15864347c9fad5f91746c2bbbcd33edfe,29493abc6f3c4984c84252661b35aeb711d30f0d87eb26a60fcce4738e25133d,1920,1080,24,historical_train
youtube_V0004_I0005160,youtube_V0004,,data/train/images/youtube_V0004_I0005160_jpg.rf.89ec9d6addd2a49df82c43cca20ab955.jpg,legacy_train,89ec9d6addd2a49df82c43cca20ab955,466273cde0e67fddb7d57366a35ae05a92b47acab39718e646e3750760417012,a15777388f1cf61a2d8f6f38aa7761937f30e83765043fa475e6fe64cf31c433,1920,1080,73,historical_train
youtube_V0004_I0005160,youtube_V0004,,data/train/images/youtube_V0004_I0005160_jpg.rf.aca7332d9bfc53a699d29cfb370e63cf.jpg,legacy_train,aca7332d9bfc53a699d29cfb370e63cf,c2fe88343a79639e53bfddfd06086aae6c580f4ae12e4534d19d61ac625487d6,8f97f6de7f7aaa4c8411bd0d6cd1b05c9472936f9a76d277646b928cc906272b,1920,1080,73,historical_train
youtube_V0004_I0005160,youtube_V0004,,data/train/images/youtube_V0004_I0005160_jpg.rf.e15934460c7e141727832b1ba47ba8c6.jpg,legacy_train,e15934460c7e141727832b1ba47ba8c6,4a344639b28f4f20bedf301bbb7cfa33294acf58f8e74649f5ee55efd3f315a1,aaaea436b689fc09d9892dd407fff9ddbedd272b63de295e13a9864b8817185c,1920,1080,73,historical_train
youtube_V0007_I0000750,youtube_V0007,,data/train/images/youtube_V0007_I0000750_jpg.rf.1ca63624869c007cf39c18e1814418e4.jpg,legacy_train,1ca63624869c007cf39c18e1814418e4,0c9b396af885e46a98bc2d17749cd94974db4d5acd83b7469ac2d2e9bb30bb3d,d38b4a669c3df069b3bfbeff1a4ea22effc7ac0d71c14ea857fadf933c54921d,2048,1152,491,historical_train
youtube_V0007_I0000750,youtube_V0007,,data/train/images/youtube_V0007_I0000750_jpg.rf.4549131b2f4af24751b60321d0b63c35.jpg,legacy_train,4549131b2f4af24751b60321d0b63c35,dd32c5c05c30205ce48e6a570a78a415954df96fcc8bd9af801d7182dacc1d93,b4e8574e7559942cb6352716cbc94fd97b44267eed112826439460af6ad6709c,2048,1152,487,historical_train
youtube_V0007_I0000750,youtube_V0007,,data/train/images/youtube_V0007_I0000750_jpg.rf.51f742581ab65ac2994906d80b7234f3.jpg,legacy_train,51f742581ab65ac2994906d80b7234f3,b8652620038ebaac1fba132b31d504714fe0f98c55450065722275a35eee4c7c,00952fac4c72283ac839aa0e7ba73d9f4713eb3acf6fa3326ecd0de257f92de9,2048,1152,487,historical_train
youtube_V0007_I0001200,youtube_V0007,,data/train/images/youtube_V0007_I0001200_jpg.rf.511da8c9d63beae3df998b6fcc7d84ab.jpg,legacy_train,511da8c9d63beae3df998b6fcc7d84ab,e1e9093c1a1190706892c0697a1302efe830c63ef6b3d8ea8c5a966ff8887f65,231b5b79bd9fdf648b1ee6d7fcf29b14eecc8b1714d589be2ef9875ceebc5c64,2048,1152,730,historical_train
youtube_V0007_I0001200,youtube_V0007,,data/train/images/youtube_V0007_I0001200_jpg.rf.af9fa033de2bbba0066733a99e518ed6.jpg,legacy_train,af9fa033de2bbba0066733a99e518ed6,5e3d9c512180f7318d40603678549d3bf26655e3ed8c038169654cd01ec35432,abae3b2eb1536ae03557af219d25594e533e7c84b35f4c79c5e9e7e0e090cb94,2048,1152,694,historical_train
youtube_V0007_I0001200,youtube_V0007,,data/train/images/youtube_V0007_I0001200_jpg.rf.d9fa7cb1c136c822797d0b95182ddf4c.jpg,legacy_train,d9fa7cb1c136c822797d0b95182ddf4c,6fa826e6c803be39fa6eda728e466b5568888f61858644067c046577a0356bda,e05cbc4559f4ee0e3bc9e45c1ddd585438a710672aaa40747a285791009e44a7,2048,1152,682,historical_train
youtube_V0007_I0001850,youtube_V0007,,data/train/images/youtube_V0007_I0001850_jpg.rf.31cfaae868cca31a9e79dbe6291d1714.jpg,legacy_train,31cfaae868cca31a9e79dbe6291d1714,711e55afff56eec554e75b42c9c33168f043a559b787aab98bc49370ef8b536e,bbf56971d1ae6401f8af5e41c7659c7659c22dfb694261ff8999cb8d2dba5f32,2048,1152,7,historical_train
youtube_V0007_I0001850,youtube_V0007,,data/train/images/youtube_V0007_I0001850_jpg.rf.8731668d03631cea7e277e5593eadd07.jpg,legacy_train,8731668d03631cea7e277e5593eadd07,7e2b680d631efb76bd39a0f3e25120f659abb39f54773692eba3dd028faccc19,a7f191661593d85c13440225dbc6ae71022242254897eefcd91516a4c320e00a,2048,1152,6,historical_train
youtube_V0007_I0001850,youtube_V0007,,data/train/images/youtube_V0007_I0001850_jpg.rf.e6079eed905ffe3488a0eb0c707819c0.jpg,legacy_train,e6079eed905ffe3488a0eb0c707819c0,5819b20ac2fa26a28e70d08cea38c09f6fae8672bf2e4e5ca23a7da3ecd77635,c674e2918f46f7d216f4a305b57ff8d039dc9e2559ed455bd79360dca19e561b,2048,1152,7,historical_train
youtube_V0007_I0001950,youtube_V0007,,data/train/images/youtube_V0007_I0001950_jpg.rf.307f1d91566f999d6b37b903398934d6.jpg,legacy_train,307f1d91566f999d6b37b903398934d6,36b3474b671ef100e5e891cac6ddd200054042d4a2c29785979b1c1574465b8f,28cceac831998368d3017b1c439703af3c825dadc424673a2131a4bc0326a39d,2048,1152,403,historical_train
youtube_V0007_I0001950,youtube_V0007,,data/train/images/youtube_V0007_I0001950_jpg.rf.4874afe236cb1353860ba61ac6182524.jpg,legacy_train,4874afe236cb1353860ba61ac6182524,ab79bbf53320557199ded1bf92dbabadc96a7cea7ceba62dcbd9c16029a0199b,423c0b59e17276676c376531d1350440f68f2d3ce53d9ec2d574ccb6ce981d20,2048,1152,403,historical_train
youtube_V0007_I0001950,youtube_V0007,,data/train/images/youtube_V0007_I0001950_jpg.rf.5425e3f6e301fbc7b8e8a654cf3ca3be.jpg,legacy_train,5425e3f6e301fbc7b8e8a654cf3ca3be,248980ed8044c6542a770c4955dd89597321fb45127d3f9c0d1662df742eb1e5,57d0fcc0239d709a858a387384fa2c338f0baf81789f0854b33dde694c4cfbd2,2048,1152,403,historical_train
youtube_V0007_I0002700,youtube_V0007,,data/train/images/youtube_V0007_I0002700_jpg.rf.4efcd8e3a086e1c8feee1cdf0928e8eb.jpg,legacy_train,4efcd8e3a086e1c8feee1cdf0928e8eb,e5df75bf825a1721e0a11537904d37839180d6d24bde29f1e852f9ce7f371424,4a9c688aa0f7b31d871e703dd2e3857bc48a52cb67154aed6fed2262334c8b44,2048,1152,112,historical_train
youtube_V0007_I0002700,youtube_V0007,,data/train/images/youtube_V0007_I0002700_jpg.rf.7ffeea1689c3b351c67d20d01ce8cb62.jpg,legacy_train,7ffeea1689c3b351c67d20d01ce8cb62,998e1b9b72226b630675acc12ae7505a1b01e03f8852f141d2e5d9fd62626240,830aacefd8b5534afe68e67ca9d6042bf5ad219df17612e53a8ab9f57f938e81,2048,1152,93,historical_train
youtube_V0007_I0002700,youtube_V0007,,data/train/images/youtube_V0007_I0002700_jpg.rf.9ab8c59a3102608d58bacb77d78bfc23.jpg,legacy_train,9ab8c59a3102608d58bacb77d78bfc23,b906fa01035a3a5e3e54906f7fbe75a0a06897274525cef98eef81d256ccdf4d,35c3e5c0062c40af0eee3cbf432754ba8392a448331ab751eb2ba68c6dd93a9c,2048,1152,100,historical_train
youtube_V0007_I0002750,youtube_V0007,,data/train/images/youtube_V0007_I0002750_jpg.rf.a138f78b92b5fb7d03ce34fec125a529.jpg,legacy_train,a138f78b92b5fb7d03ce34fec125a529,dfe56e818a7fb8c7dc0cc9b831caea155fc7d784f4ede26ad9db11da87a0e6c8,c856f5173c2692acd7e308f1697bb80c34d1f6092e0b099301f572ab463944c6,2048,1152,27,historical_train
youtube_V0007_I0002750,youtube_V0007,,data/train/images/youtube_V0007_I0002750_jpg.rf.b1b88c10adab57f36344153270c37105.jpg,legacy_train,b1b88c10adab57f36344153270c37105,73aad72832c5cd5d820076362e950cb3d98bdc1422387fb7005aac9bf9724c0e,c8b38c2bbdf8f9ff6fae0ef00514c435e23eedd4d0a5913dd584c51bdf27960b,2048,1152,29,historical_train
youtube_V0007_I0002750,youtube_V0007,,data/train/images/youtube_V0007_I0002750_jpg.rf.e0129e3aa494713133cbb8793b5ca7f5.jpg,legacy_train,e0129e3aa494713133cbb8793b5ca7f5,06c4a8cf823323bd753cdcebe606524942ff9d35e4f612fda422cb96957889a1,5d6c00b93e4ee74d627ea34caff9b7f64357124744b7de593e663068df5876cf,2048,1152,29,historical_train
youtube_V0007_I0002850,youtube_V0007,,data/train/images/youtube_V0007_I0002850_jpg.rf.444ca6376865860766d8e9eafc45c5b1.jpg,legacy_train,444ca6376865860766d8e9eafc45c5b1,109ea042ac025eb7839b2cfb87d13ae1183cc848b8163c78219546151af77bf1,05e36b41b2429b3a0ceae6c2543d5b71da9dbc266ba7c01923b55671d227fe5c,2048,1152,2,historical_train
youtube_V0007_I0002850,youtube_V0007,,data/train/images/youtube_V0007_I0002850_jpg.rf.581cc4ccb5b83f91bc73a9ce353a92c2.jpg,legacy_train,581cc4ccb5b83f91bc73a9ce353a92c2,4c3f03ecdf64ce583f9d059b1b1bdfa5dae10eca6ba1054f312af3678154b9b3,35ed64f3756594b1a9d48fd2cbb91d152c3d28a95a1b58a8a5d1e1f2c74a0bb2,2048,1152,2,historical_train
youtube_V0007_I0002850,youtube_V0007,,data/train/images/youtube_V0007_I0002850_jpg.rf.ae6dc43815c3a0861169c639a6a5af04.jpg,legacy_train,ae6dc43815c3a0861169c639a6a5af04,2050e50cffe3ecaeda8a7f101b6dc31dbb7dcdbdb39849cb5fe66a112ab88443,cc64cd33f302503adcedcd65df7d032173394461ef79683259f752d32709d923,2048,1152,2,historical_train
youtube_V0009_I0000080,youtube_V0009,,data/train/images/youtube_V0009_I0000080_jpg.rf.58d1a05a9710f297ed6d56bfd9eca865.jpg,legacy_train,58d1a05a9710f297ed6d56bfd9eca865,fd2ec0cfd13528d2a594ea961523554506047fb683c61e12f8d5f4987814f370,47028b5b86ce71ca4c0148ba2b7b1bb0d281ca474da07ae19a7f9c55d5c3bf2e,2048,1152,10,historical_train
youtube_V0009_I0000080,youtube_V0009,,data/train/images/youtube_V0009_I0000080_jpg.rf.c8cce572d98d557106352dbbd039c7d5.jpg,legacy_train,c8cce572d98d557106352dbbd039c7d5,907776367def581c0ecd821110b24d9fde7ecc2c67d14131b6e125d2856690cb,5ca4f410abe87fbf5d79deff9a9b49e3ba9972de68d49e687d97efb72eb8185d,2048,1152,10,historical_train
youtube_V0009_I0000080,youtube_V0009,,data/train/images/youtube_V0009_I0000080_jpg.rf.f5d7b7e34a7159292ac82a743977b2ae.jpg,legacy_train,f5d7b7e34a7159292ac82a743977b2ae,f54f21c29d8fcbf039af8c600d83ac022edd880ef7fac786839dc03624cfd124,160771af3272bcfd2da5f4ba6c935ec66f6cc0a9e9345b00d00aaca36056890b,2048,1152,10,historical_train
baidu_P000_timg-17-,baidu_P000_timg-17-,,data/valid/images/baidu_P000_timg-17-_jpg.rf.290237b4b5c617789f0e9a692924d71e.jpg,legacy_valid,290237b4b5c617789f0e9a692924d71e,ad4b5a87f3a1e31531b34c996b3eace0f0824160f64e7d421afa85635a59d5e4,762c134201c5445be1f4da7ffac8470a988fbf76e1957c2e1fab73e5d8f643dc,1400,1050,236,historical_validation_tuned
bb_V0003_I0000480,bb_V0003,,data/valid/images/bb_V0003_I0000480_jpg.rf.7cc658a67a80924d766732547ed60ffb.jpg,legacy_valid,7cc658a67a80924d766732547ed60ffb,4f5edb43bee038802d8ffc6eb4a440bffad3686d783a748b9bce8c76977cdb85,130d7da95d338f41f2970d443aafb9a281fb2da916f48aa27374c1f9f633091a,1920,1080,8,historical_validation_tuned
bb_V0003_I0000560,bb_V0003,,data/valid/images/bb_V0003_I0000560_jpg.rf.49f202475b6065e11771d930fe591d70.jpg,legacy_valid,49f202475b6065e11771d930fe591d70,35d029dfe890e536b3e7f4d6c1acf4f00db037d08556e519e226ae0a5ba47a7c,42c2ad256b97f70f88218eabe55132dca206fb01ef93800bfbea3f5443246be0,1920,1080,7,historical_validation_tuned
bb_V0003_I0001120,bb_V0003,,data/valid/images/bb_V0003_I0001120_jpg.rf.f14c3cee964350a8b7b59253629f279a.jpg,legacy_valid,f14c3cee964350a8b7b59253629f279a,fa43630c6fd65f5ba722e14b86fec9cb9b6c9794a53387867159edbc23682c06,14cfcf5813fd826b161b4af4f8a3b512ee3e24298d28b133dd4cabe4cd64948d,1920,1080,3,historical_validation_tuned
bb_V0004_I0001960,bb_V0004,,data/valid/images/bb_V0004_I0001960_jpg.rf.56ada5bff850b885fb34f433da9fef5a.jpg,legacy_valid,56ada5bff850b885fb34f433da9fef5a,73e9bfedd399fe78ccba81249084ee8d97547131ddeea1fcf01e980c3140ef90,cd8a294f318b2f7d379a8e4059033b6275d11a40062cc76e5272947de86045ed,1920,1080,10,historical_validation_tuned
bb_V0005_I0000320,bb_V0005,,data/valid/images/bb_V0005_I0000320_jpg.rf.9795519417789ffde1d5f590364e9476.jpg,legacy_valid,9795519417789ffde1d5f590364e9476,d6dbab653113ed640e2437e1f9938413f3c9e406afd9d0c0d9ac378e39615365,fb6566f90dd698025aef8db4446526f68a99b1e9af694271defc555e84211188,1920,1080,27,historical_validation_tuned
bb_V0005_I0001880,bb_V0005,,data/valid/images/bb_V0005_I0001880_jpg.rf.a2f9e9ddbc8f91c7d13f41da1f325b35.jpg,legacy_valid,a2f9e9ddbc8f91c7d13f41da1f325b35,2614d4b28a242027c69c3bc360140d07dcbf10769748ac0222aa3040e984f2f4,f8afb7ee5fbc335a0a03ed609233e1c07c6fe4ea4d6a5f2abf1d0e189c253b84,1920,1080,9,historical_validation_tuned
bb_V0005_I0002960,bb_V0005,,data/valid/images/bb_V0005_I0002960_jpg.rf.ce50b1a3bbdb5858d27a921023878e27.jpg,legacy_valid,ce50b1a3bbdb5858d27a921023878e27,8b15e22c5449eafab6dc8fa3eb7078f35a3dd2c9003d34a3a6d0ebdd1f17775d,0b82b802c0859397e9b68baad199230300d52072dfedf42b4a7bcc7a97e5bc2d,1920,1080,8,historical_validation_tuned
bb_V0005_I0003040,bb_V0005,,data/valid/images/bb_V0005_I0003040_jpg.rf.1d1243e4e3f37973b67875641d79bb1c.jpg,legacy_valid,1d1243e4e3f37973b67875641d79bb1c,4b2da73a19ebc2952ee894e062a1a185c090c1f0db071d05ee43054c38b110c5,61c7887f8c02b9284b44308a872273f5646f2a2b1d84a0e27af9fb66c50c33a1,1920,1080,27,historical_validation_tuned
bb_V0005_I0003080,bb_V0005,,data/valid/images/bb_V0005_I0003080_jpg.rf.a52a36ae7ddbadf1a63557dbc2b73e6d.jpg,legacy_valid,a52a36ae7ddbadf1a63557dbc2b73e6d,3a07959ba8a40cef51e4114e592ef9f84c65be94588e23c84c7d2d40959ebdeb,5285517651540b3a4c4b2636de8d22d36fa2eec8dadb4ff5dcb5d3abb49bcb1f,1920,1080,30,historical_validation_tuned
bb_V0005_I0003720,bb_V0005,,data/valid/images/bb_V0005_I0003720_jpg.rf.a40b62bbd8429806728f88185b7a2715.jpg,legacy_valid,a40b62bbd8429806728f88185b7a2715,a30e4af985c49fa0e3e8de59adbfa48142f922106167c61a3e0e9ae7d321b7c2,12c676b9e997b00d58ea094747fefd954abdf6162ff4d42b35983b56298c4a24,1920,1080,22,historical_validation_tuned
bb_V0005_I0004200,bb_V0005,,data/valid/images/bb_V0005_I0004200_jpg.rf.054a12eb908f8194567fec85dcea577f.jpg,legacy_valid,054a12eb908f8194567fec85dcea577f,15744585415cb45190027cad77e035af69244a25659ad4738929b9165b947fb1,f8f59d87e79c1860532cb6d076d05cd580866e35e3c0ef1e4273f48b22193254,1920,1080,18,historical_validation_tuned
bb_V0005_I0004520,bb_V0005,,data/valid/images/bb_V0005_I0004520_jpg.rf.3af21799e0fef213ea881b304111905b.jpg,legacy_valid,3af21799e0fef213ea881b304111905b,136ec157fcff863a6d280be7e1940a61e89ea8533676b34c5136c714ef1daaec,da79f394561eac8bc2a69136e21a3aa0d340d04d6290fab4f28346796c6fae37,1920,1080,7,historical_validation_tuned
bb_V0005_I0006600,bb_V0005,,data/valid/images/bb_V0005_I0006600_jpg.rf.484e2be6b3706b12a813f3e4def2c794.jpg,legacy_valid,484e2be6b3706b12a813f3e4def2c794,3990362f7f1a25c0a4154f3af93c67be4b5e512476a17c06f643911fc4535fde,bb127d6792f9d2edc7f73b4db757fe5e0f043de3551554a3664c88eeec90a8a8,1920,1080,6,historical_validation_tuned
bb_V0008_I0002400,bb_V0008,,data/valid/images/bb_V0008_I0002400_jpg.rf.60ea71385971284ca7dc0def32c058a6.jpg,legacy_valid,60ea71385971284ca7dc0def32c058a6,28f9b0d957f16439738299324649d812932f55a7be15ef786f6326025725566b,18d3b32289942e1c6ce39f4fa5ad8a0198c3ca176ece1d7a0ce619d8df14f3b4,1920,1080,1,historical_validation_tuned
bb_V0008_I0003760,bb_V0008,,data/valid/images/bb_V0008_I0003760_jpg.rf.89649f436a7fa4680d4f9e0ef9caa2d6.jpg,legacy_valid,89649f436a7fa4680d4f9e0ef9caa2d6,ccedef9fbbbb57956fe5b4a21bc4d22b7b9f3679087c718b38e6d02d5c43a8aa,8101087ac0d8ee263f486f8121d9815cf727144b1082120e03ec9810b4d97386,1920,1080,2,historical_validation_tuned
bb_V0008_I0006120,bb_V0008,,data/valid/images/bb_V0008_I0006120_jpg.rf.08a377afcf555073dfeb4ad4c0d5cbe3.jpg,legacy_valid,08a377afcf555073dfeb4ad4c0d5cbe3,36608c113436cd8091fde7d0fa3348e60a71b26f54bbdb04651838d18edbdb63,483e5687456f0f4b88a134036bf1e75af91939a90dff477f3f76142171f1dcc5,1920,1080,2,historical_validation_tuned
bb_V0010_I0000560,bb_V0010,,data/valid/images/bb_V0010_I0000560_jpg.rf.77dfffe059e649b7b2aa6a1d397b9505.jpg,legacy_valid,77dfffe059e649b7b2aa6a1d397b9505,a163758a3daaba3e7dcb346df58da43efd02a18e9c64d2593930e036c8f7b222,3939061ce3a02fc12c78498248ba88ca0328bd088936cf80fe6b3ceafb821ac5,1280,720,12,historical_validation_tuned
bb_V0010_I0002840,bb_V0010,,data/valid/images/bb_V0010_I0002840_jpg.rf.f8393498a7eceeb699f8bd50e890f7d1.jpg,legacy_valid,f8393498a7eceeb699f8bd50e890f7d1,3d2c112d6be7bee16681a860f355adc89471121b6b9da5d2a2010577f6e80024,1a0ff451be676414b52cc80cba21c6f83bf29a483686b2f56832a35f407ce888,1280,720,5,historical_validation_tuned
bb_V0014_I0001080,bb_V0014,,data/valid/images/bb_V0014_I0001080_jpg.rf.28914b126b67fc2847414248d51ed4fd.jpg,legacy_valid,28914b126b67fc2847414248d51ed4fd,0dc7fcd8f4848a989475161e24c72cefccb549b2eb1bd37d1bb3faf642a4c6d2,f59ac8a30b908f752ee7a08fe413d9542111fdf12639918ef04a806b58223ec3,1920,1080,9,historical_validation_tuned
bb_V0014_I0002840,bb_V0014,,data/valid/images/bb_V0014_I0002840_jpg.rf.167fdf6aaf51c31cfa727340075b3fc7.jpg,legacy_valid,167fdf6aaf51c31cfa727340075b3fc7,d4e6638bf6d4032a21d6423b8b0170f4b7b494a36e52499fd286416e5ccc5600,ed16b50ebda70dcfa2142392e2b48134f69894feab8c918a86a7cc286d79833f,1920,1080,111,historical_validation_tuned
bb_V0014_I0002880,bb_V0014,,data/valid/images/bb_V0014_I0002880_jpg.rf.027e4bc8071078b53c1db8843e36998f.jpg,legacy_valid,027e4bc8071078b53c1db8843e36998f,169c759678d4dd4f7448b6949295aef8a029efe264f497b90819c513f50e82f8,a60f233b4900d32412e7b3fbbc261b797afc1c9599467d4f90deaa39748b670c,1920,1080,19,historical_validation_tuned
bb_V0014_I0003200,bb_V0014,,data/valid/images/bb_V0014_I0003200_jpg.rf.9ff2d1110b082f59821c94ec10877438.jpg,legacy_valid,9ff2d1110b082f59821c94ec10877438,9ba635dd77a88c802e461a8da1bd9c5e962addb5d3641de0eb0fcd6d6b301b11,90bbf3ac8218819d3a27ff78a7243eb315f540389b8b439b701f39cf7c617fd9,1920,1080,2,historical_validation_tuned
bb_V0016_I0000680,bb_V0016,,data/valid/images/bb_V0016_I0000680_jpg.rf.30bf4c48236eae4d4f89cbf0743b74f4.jpg,legacy_valid,30bf4c48236eae4d4f89cbf0743b74f4,c471f41d1bed339147056ae621f78716ad6ec587a3240f16f6ac1fad9b7b4ccd,4046aa355d90d7db7d5a50ff6e7fd40e37cd93d1e1ab84d3954dd181876f80fb,1920,1080,5,historical_validation_tuned
bb_V0016_I0000960,bb_V0016,,data/valid/images/bb_V0016_I0000960_jpg.rf.218e0348231d4c68a6ae2357c76d1b19.jpg,legacy_valid,218e0348231d4c68a6ae2357c76d1b19,835e0aec62bceec7b9aa6b6ca2e0b1b8373cb0947d98dfc0fd31addac4c4affa,05374da40ef6fdb9bb0a4dd8be091ff1d979d195abe4c9f2bbe9f8b3e29f2716,1920,1080,4,historical_validation_tuned
bb_V0016_I0002960,bb_V0016,,data/valid/images/bb_V0016_I0002960_jpg.rf.cfb18d9f2b8e34762bf53688d5f8831c.jpg,legacy_valid,cfb18d9f2b8e34762bf53688d5f8831c,ca372b5f1365228d496de2f12fef349362b76700125d431f3afef684fdf47113,4263f833944725704468453098b96d310993655173bcb04154c3fa7cdd7b2e0f,1920,1080,16,historical_validation_tuned
bb_V0016_I0003080,bb_V0016,,data/valid/images/bb_V0016_I0003080_jpg.rf.43b630c56f87db7413767b6400630735.jpg,legacy_valid,43b630c56f87db7413767b6400630735,fd4bd42bc57150ea06181dcf98086d4cea213d1c59a916adc62675781dd0be27,79a8925122bddc0a07f76cdd7f9240d79859fded2bebaf13dc991169a32da365,1920,1080,7,historical_validation_tuned
bb_V0016_I0004240,bb_V0016,,data/valid/images/bb_V0016_I0004240_jpg.rf.54d282f101307493ec43a1681a641356.jpg,legacy_valid,54d282f101307493ec43a1681a641356,7023cdee32428a85b7de8e6d091ffebb660dd0fd192dcac1dc8f79e244740755,ac4063c09ef0cd539d09af25e81adb8684b2947bde7c8f848249ad56e1448824,1920,1080,2,historical_validation_tuned
bb_V0016_I0005800,bb_V0016,,data/valid/images/bb_V0016_I0005800_jpg.rf.9d3a531b878a4489b81cfaad03553309.jpg,legacy_valid,9d3a531b878a4489b81cfaad03553309,6b4ac7d1bba047caad54cd90aa8467946890be06d42e13f3db8ae922798a9582,a4a0ef99889194cb02e186949f6ff27cb113bd777b1c370ab2cbb6789f73d26d,1920,1080,7,historical_validation_tuned
bb_V0016_I0006000,bb_V0016,,data/valid/images/bb_V0016_I0006000_jpg.rf.bccf5fd0441b053fe1165a48232e5910.jpg,legacy_valid,bccf5fd0441b053fe1165a48232e5910,9abb34edeed5d7b44112cba55226170ca497aa12a52849fff531b8b81d6ac877,423eb5b85fcf6b4273d677864ad66becb13ed2fd0846fa14c5139cad6c18fef6,1920,1080,7,historical_validation_tuned
bb_V0018_I0001800,bb_V0018,,data/valid/images/bb_V0018_I0001800_jpg.rf.ada79c44affc73f4f9cd872a474e0300.jpg,legacy_valid,ada79c44affc73f4f9cd872a474e0300,7a1aa823acba741b606fe9421b8e48282a6add16498f4c18d55862994fdbcb28,0272da49282c4f862fc1b59d507e18b5186e9cd297926bd391958466cd051e16,1920,1080,123,historical_validation_tuned
bb_V0018_I0001920,bb_V0018,,data/valid/images/bb_V0018_I0001920_jpg.rf.4233e0c84120d59c11023b1e7b03b2fa.jpg,legacy_valid,4233e0c84120d59c11023b1e7b03b2fa,757d16e185073e7f62095cb669926a648df77b707384aceb5aa41a91535de86a,1992383bd90577de5f0f5720b2ab559f2433ea38e3b1f11c3155ad96fbaafbc6,1920,1080,271,historical_validation_tuned
bb_V0019_I0001040,bb_V0019,,data/valid/images/bb_V0019_I0001040_jpg.rf.fd619fdb0180ce3f26018bf8bb7a9d15.jpg,legacy_valid,fd619fdb0180ce3f26018bf8bb7a9d15,83fe5829922e4c40d854d6f31b70c14ab893bef1da31cb651adfbfe1e19bdc8e,42197038863a7ba5a54e8c1bbb5af09b593df6006b6b6cfd0fabcbfb809f9b6d,1920,1080,5,historical_validation_tuned
bb_V0019_I0001200,bb_V0019,,data/valid/images/bb_V0019_I0001200_jpg.rf.1344d303a0e7a986bdc5dd2221f65b15.jpg,legacy_valid,1344d303a0e7a986bdc5dd2221f65b15,e7296240da09211ac8cecdb90ca61798f3b6a0921e2cab5dd666d313e649636f,ad992f28c915420e4f8bce7e73b957a4918aa5732895cc7826d3a85446fc4e56,1920,1080,5,historical_validation_tuned
bb_V0019_I0001240,bb_V0019,,data/valid/images/bb_V0019_I0001240_jpg.rf.35b778af69656757cfcc81ce31f36c39.jpg,legacy_valid,35b778af69656757cfcc81ce31f36c39,fadfb61f4ac2cb77089e32142cae3869252817d435ed8d32177a9aa86a12e71d,30120cf33fc2c57c634fca3b5f6579b151e1b5b4c5ec10d7c5990481c94e3c1c,1920,1080,5,historical_validation_tuned
bb_V0019_I0001520,bb_V0019,,data/valid/images/bb_V0019_I0001520_jpg.rf.1d8619283af5cefc0c9964f7b4003784.jpg,legacy_valid,1d8619283af5cefc0c9964f7b4003784,8e538ca89d050144cd51f821fa051a7ae9d0120e339e8127fa261870025794d7,a16539df5e3ae17a1d2cd75ba5e70102ac0cff02bcf6260e1ac65e826a0e00e1,1920,1080,9,historical_validation_tuned
bb_V0019_I0001640,bb_V0019,,data/valid/images/bb_V0019_I0001640_jpg.rf.591005b66ea4b1b2778c96e6a18ef6e3.jpg,legacy_valid,591005b66ea4b1b2778c96e6a18ef6e3,2e64ec81da84d893f9b1eceb58370bdfc831472ed3a4d43c5d381da4d2836f95,c30c97cbacfb9a11b819df39c5dff1a21708893d60522e62f3d10b420eb23130,1920,1080,12,historical_validation_tuned
bb_V0019_I0002440,bb_V0019,,data/valid/images/bb_V0019_I0002440_jpg.rf.037ec63131380e08ab6a0c2a8c655761.jpg,legacy_valid,037ec63131380e08ab6a0c2a8c655761,e854717cec6a34676da58d287c7d6814144cce4fc25d7d17fa5fe795ea203e75,c0051060b29a2655a6eb9e4e3a31ab345fb009e4ba95e77bac66b504e2a760c2,1920,1080,9,historical_validation_tuned
bb_V0020_I0001840,bb_V0020,,data/valid/images/bb_V0020_I0001840_jpg.rf.47e6f2adc7a3f6427c95f488db4a9c3a.jpg,legacy_valid,47e6f2adc7a3f6427c95f488db4a9c3a,10bed6594b4cff75fdbf8be6bb2befa9832a83f0b35c3152a3d98ae26f0cb5b2,662a1633fbdb1f4981b3c8b90db6fe2c6ffa58a79aa7aec71d5eee2b05f202e7,1920,1080,1,historical_validation_tuned
bb_V0020_I0003440,bb_V0020,,data/valid/images/bb_V0020_I0003440_jpg.rf.7329a3109e9719002b053a0315bbac0e.jpg,legacy_valid,7329a3109e9719002b053a0315bbac0e,5ff2db7836941f9dd1675c9363490805e46cf99eb1b9e05badcc93d72d39e2ae,8f2a8e45c7119fa40b384b47fcde36d15fbb64ce66b3821874e2d66fd481770e,1920,1080,14,historical_validation_tuned
bb_V0020_I0003840,bb_V0020,,data/valid/images/bb_V0020_I0003840_jpg.rf.6c60ad462eef4d708f53c0a07195dcd7.jpg,legacy_valid,6c60ad462eef4d708f53c0a07195dcd7,6d2db4ec7bd0067d4979d6ba4d809d2164f14ffc9ea51936c45e8ac9b18d4289,042ec49011ff7e0eb2248c30c739a12549d1b9c80ae0a319cd8f420ad6e8c2f8,1920,1080,19,historical_validation_tuned
bb_V0020_I0007320,bb_V0020,,data/valid/images/bb_V0020_I0007320_jpg.rf.8a02d66ab2bbee062a407771eb6ef2dd.jpg,legacy_valid,8a02d66ab2bbee062a407771eb6ef2dd,1de24365c1785072c4ce2319e583e624397c3b6c022b4adde927db226a525879,adef15ea15adb88798df9fea0b30639961096f5823bb72974ceebdf99bcdb896,1920,1080,55,historical_validation_tuned
bb_V0022_I0000760,bb_V0022,,data/valid/images/bb_V0022_I0000760_jpg.rf.6c0a6db68be62a3663275a4b0985fb21.jpg,legacy_valid,6c0a6db68be62a3663275a4b0985fb21,adabf8c290b16926c367370a463843813c9b2bfbe81d7d684ca5c3b15488a9c1,e210c83a14367103295bf5ed089ce4e99a5030279b133a67c605875d03186253,1920,1080,7,historical_validation_tuned
bb_V0022_I0000960,bb_V0022,,data/valid/images/bb_V0022_I0000960_jpg.rf.8f5545172c7cdee3b8e197e4bf5519f2.jpg,legacy_valid,8f5545172c7cdee3b8e197e4bf5519f2,1388ce560737d1a77220e03a49517996aea194c9c08aa0c77c5c5779144d4674,2bf4e5dd761ccd80af6ff148990071afb767be68010b2ac572712f3a43b25558,1920,1080,78,historical_validation_tuned
bb_V0022_I0002320,bb_V0022,,data/valid/images/bb_V0022_I0002320_jpg.rf.88cb84eb417edf7222c3d33c9d3e25fc.jpg,legacy_valid,88cb84eb417edf7222c3d33c9d3e25fc,680d6dc007c5bfdfbbd3f19db48e98d9d6d1f6e044210e4ba5fd4e292eb14985,7acf04690a7fc3bcbbf3e3bb0e9e33b7e7ed38cbba8a398ffb93479a0c18b964,1920,1080,55,historical_validation_tuned
bb_V0022_I0003200,bb_V0022,,data/valid/images/bb_V0022_I0003200_jpg.rf.8d51b6cc19121150a6df6e603cec27b0.jpg,legacy_valid,8d51b6cc19121150a6df6e603cec27b0,8f5ce8a5bf4f1a60465c7cbfaf65e3ff2ea7ff0af6928386c9fd2fd7b55228a6,90725bc8bbedb066f1ca0bb09b1ee4bf981c130ba2c240710a47e2e29c05a093,1920,1080,8,historical_validation_tuned
bb_V0022_I0005520,bb_V0022,,data/valid/images/bb_V0022_I0005520_jpg.rf.407eb03f3ea9ea4002d2905997e04870.jpg,legacy_valid,407eb03f3ea9ea4002d2905997e04870,ac49a74d8fb908ab4cbbd6bb783a8e4b329724d0c1c66937323e032a12d3b3ad,d45eb7e3c7ef74dce19f252940817b6aa70d74ff6260676532a30e5b4a07d6b5,1920,1080,84,historical_validation_tuned
bb_V0023_I0000240,bb_V0023,,data/valid/images/bb_V0023_I0000240_jpg.rf.2dfde0399a44c809547c0ba3cf9e3b34.jpg,legacy_valid,2dfde0399a44c809547c0ba3cf9e3b34,c73a622304148f3202611b8573e0e69c94843fd710f06f79b3f7b3f58f93c364,61c7903b01a8e353b87956d9c568e1e593ae0dce4adb1f16a34a38bebd6c118c,1920,1080,8,historical_validation_tuned
bb_V0023_I0001120,bb_V0023,,data/valid/images/bb_V0023_I0001120_jpg.rf.9d4faa414c65e532187384a63c554c80.jpg,legacy_valid,9d4faa414c65e532187384a63c554c80,f888a04fb4e0578d9efec554da21d1c0bc072bcaeba6c94a0377fa0aeb8670fb,590afc9fadbadbf94c25d3862e535966407a5cb22fb6c197dbd0181044e25cf9,1920,1080,129,historical_validation_tuned
bb_V0023_I0001720,bb_V0023,,data/valid/images/bb_V0023_I0001720_jpg.rf.c2d0e9c7d72994de01b2f8776c888dc0.jpg,legacy_valid,c2d0e9c7d72994de01b2f8776c888dc0,23cf21029925ee37156233cd5acb9d6baa49a7991ac796793207ac40715dcd56,7b68547d67a8dae421db690f6de7b85bc0bd134dd8a92e908c07912ce4e58b14,1920,1080,24,historical_validation_tuned
bb_V0023_I0002040,bb_V0023,,data/valid/images/bb_V0023_I0002040_jpg.rf.f7663e35fca98758c3f3a228e65cc607.jpg,legacy_valid,f7663e35fca98758c3f3a228e65cc607,2dc83dc2d81d45db168152ccd1b8ad887ef4da90afd221f11d5904d8d8354ed8,b645e272689915c1d8ce233e6ba496911c36bfe6e981ceac51b335a3c967df62,1920,1080,7,historical_validation_tuned
bb_V0024_I0001360,bb_V0024,,data/valid/images/bb_V0024_I0001360_jpg.rf.95dedd020380ac562ba67bb5736e8a38.jpg,legacy_valid,95dedd020380ac562ba67bb5736e8a38,a775a5c72387b7b737275f9c8b99abbe8c45aaa332a6b53bc348eea6df7ac601,a6ba4c5c6a2c76467ab1448d6f59dc76d2729828132591077d16082dd602c9b9,1920,1080,1,historical_validation_tuned
bb_V0024_I0002480,bb_V0024,,data/valid/images/bb_V0024_I0002480_jpg.rf.4aa9e31e0f540cc966e835e8e0599395.jpg,legacy_valid,4aa9e31e0f540cc966e835e8e0599395,d204e44b2eb05c33b6e419072207065c3a2ca9dd477323f18585318b81f2adec,62dfca773e382f26ab6505357849a6bc4b7ff4bc8d36f818d45157b147291a3c,1920,1080,1,historical_validation_tuned
bb_V0024_I0002640,bb_V0024,,data/valid/images/bb_V0024_I0002640_jpg.rf.08cba0ea9b30714198a413763d82e36f.jpg,legacy_valid,08cba0ea9b30714198a413763d82e36f,9f1a8f39366ffae4c862deafe6fc5cdad192b53d9e55ec87c3d5442cf5ddd503,ba8812b5c0e18567bed693588ad6774b319856d01fca31a849ad68bf1a00b0f7,1920,1080,1,historical_validation_tuned
bb_V0024_I0003120,bb_V0024,,data/valid/images/bb_V0024_I0003120_jpg.rf.df5417b6fb614e6d7ffbe89e2ba2e840.jpg,legacy_valid,df5417b6fb614e6d7ffbe89e2ba2e840,fc278ec6fa422e56cc9c803906bcaa7bd24898cb4d4137aeb2cfd157329d3f4c,db16526da610a4dc4b3f375ee692a0872d971620e8fd1a7ed576ede1ace2af20,1920,1080,1,historical_validation_tuned
bb_V0025_I0009360,bb_V0025,,data/valid/images/bb_V0025_I0009360_jpg.rf.51a71941b4398f06c33c52a2e8290b78.jpg,legacy_valid,51a71941b4398f06c33c52a2e8290b78,be1e8cc1f0d85b61403ff8cee5032339d7e94fa85614eb5014ffd187a2903388,4e29c9729eb0791ab4b77253c0c016a048c005af75d3bd74ca89477014d13c8d,1920,1080,151,historical_validation_tuned
bb_V0028_I0001560,bb_V0028,,data/valid/images/bb_V0028_I0001560_jpg.rf.0e29e0d972cb017798ab6f7133e8e695.jpg,legacy_valid,0e29e0d972cb017798ab6f7133e8e695,5ac3ac9f49e8090a7bfbc73a23cc28752cfafe55f872ef48c9ff419aebf95ac1,1b720f5cdd0126e4551845eb08afb28af38d42da8dfb2d25ee65db97577191a7,1920,1080,8,historical_validation_tuned
bb_V0028_I0001600,bb_V0028,,data/valid/images/bb_V0028_I0001600_jpg.rf.4d2eec9f035122cff994b42671371b4c.jpg,legacy_valid,4d2eec9f035122cff994b42671371b4c,f2c5d319c1ff933016708c250f6b7b26fa6aad365e2706355bbfa4f7424f88b5,d4867b58185296d2d1517875ad80d33aba0877eee51fa0ef696e726df6259a8c,1920,1080,2,historical_validation_tuned
bb_V0028_I0002160,bb_V0028,,data/valid/images/bb_V0028_I0002160_jpg.rf.4621799835ec137154d0a37d8ed4e289.jpg,legacy_valid,4621799835ec137154d0a37d8ed4e289,165a5ebbed06d8968ed6952e7eb152ad26f0a9c920868562fd06283d03fc74cf,1c8277cd742d72975abbbf86f7742fbe3523de1ade883509e28529ee9580b649,1920,1080,7,historical_validation_tuned
bb_V0028_I0002400,bb_V0028,,data/valid/images/bb_V0028_I0002400_jpg.rf.e2460e521caf2fbc54ae21c5a6108cc4.jpg,legacy_valid,e2460e521caf2fbc54ae21c5a6108cc4,0d12b76608570d3a2ed9705a4a5504a11fd2899a1b9759797a88d23bde23ca9c,a51c927a5064f8c1327603ec691576409ed3bef04a9cf686726b9bb83fbe06c7,1920,1080,1,historical_validation_tuned
bb_V0028_I0002920,bb_V0028,,data/valid/images/bb_V0028_I0002920_jpg.rf.ae4050176e73db0a54988a4f22213fbc.jpg,legacy_valid,ae4050176e73db0a54988a4f22213fbc,913dda829296f05587daa738fafb3cc0c18db2d1d10f6b3cee57cf937f62b5ed,082f93f23778476796b45560678a5050eed38269e0cb5f9d92d25c6916baa09f,1920,1080,1,historical_validation_tuned
bb_V0028_I0003000,bb_V0028,,data/valid/images/bb_V0028_I0003000_jpg.rf.d7529feed24aa049cb9e74e77ad529b8.jpg,legacy_valid,d7529feed24aa049cb9e74e77ad529b8,e032b73e36b652b63def6ae0ea27e22efd525173276ef3a1ec3f75ded2347b00,e71af4f14684d2b093dad776fdbe99c76c8df115857af5aeb742cd80b5ae4449,1920,1080,1,historical_validation_tuned
bb_V0030_I0000800,bb_V0030,,data/valid/images/bb_V0030_I0000800_jpg.rf.f0c4be58984252f2490c5c1c54159b54.jpg,legacy_valid,f0c4be58984252f2490c5c1c54159b54,3e3aa9ad4633d7b9e133067ec52bdcc043e8e1139ea7224828d0905486f30276,fe76b44a4c7bc210aa954191f86fdb771609c368409231cf78c1405819fdf098,1920,1080,53,historical_validation_tuned
bb_V0030_I0000920,bb_V0030,,data/valid/images/bb_V0030_I0000920_jpg.rf.24829948a3c4e774dbb15dbd0129c9f2.jpg,legacy_valid,24829948a3c4e774dbb15dbd0129c9f2,4e7a29d18a69951a62134c4458367a1edba1473f021e73d930b809aa1546cfa0,0141586b9412a714dd5ca6271a6b9ff9cb0aca1e9ab35f41ca874e48334f9dab,1920,1080,65,historical_validation_tuned
bb_V0030_I0003680,bb_V0030,,data/valid/images/bb_V0030_I0003680_jpg.rf.8bfe7375250e109b0ef696732a366b45.jpg,legacy_valid,8bfe7375250e109b0ef696732a366b45,94e4f6ae5b4cdad155f13af0bdfe3362331da5d02dfb4da24e27c6dc7cc8b565,7be1c370fa13af907bba46fc6a8ea0402c9da75b2924239efa090ccb33d9da5c,1920,1080,46,historical_validation_tuned
bb_V0031_I0000640,bb_V0031,,data/valid/images/bb_V0031_I0000640_jpg.rf.113de65a57f61c7926be28d0848ecdc1.jpg,legacy_valid,113de65a57f61c7926be28d0848ecdc1,548d404b582140b16c93824cbe795877c60cd3a1bdf0a2ce19c8416c35188555,4fddc80895d553284f2c2d00b258a738a35ac9f851818f52a0676b7dc31c9547,1920,1080,145,historical_validation_tuned
bb_V0031_I0000960,bb_V0031,,data/valid/images/bb_V0031_I0000960_jpg.rf.3dc5765335854e033d4406879498c5f8.jpg,legacy_valid,3dc5765335854e033d4406879498c5f8,7075b633283c9a98ed83a9a1b51d42fc9babbe1952db90e4a91e306393cbd863,3263c3debe7f5b197357f25ceec42dfb0ef6b3550f9bbc29fae88521f3e8541f,1920,1080,13,historical_validation_tuned
bb_V0031_I0001200,bb_V0031,,data/valid/images/bb_V0031_I0001200_jpg.rf.4ecbe3e0de0e1c2092fd9c2a8dc48a08.jpg,legacy_valid,4ecbe3e0de0e1c2092fd9c2a8dc48a08,4992a29c03cd01d448bfd4def6f6a8dc32819594995c682edc724f1cb39d525a,00f073f53f08ae53ba0c65bf1a30a9ea140bb9f890030107e1cc0bf191950e54,1920,1080,103,historical_validation_tuned
bb_V0031_I0001560,bb_V0031,,data/valid/images/bb_V0031_I0001560_jpg.rf.e8248da2792e6d324a536d86dfd13b09.jpg,legacy_valid,e8248da2792e6d324a536d86dfd13b09,14d0f84cd539de7c0313cbcb0abf06e099985510f62695e30a3e31094f7c6ed0,c00202bb632847d93634c367ae293ad84fb938864e7c53da17471243ca2310c7,1920,1080,79,historical_validation_tuned
bb_V0031_I0002480,bb_V0031,,data/valid/images/bb_V0031_I0002480_jpg.rf.de8549f01598bf9f8cb2642f9e5b2e3e.jpg,legacy_valid,de8549f01598bf9f8cb2642f9e5b2e3e,49d26a1e02c68565d23137b6636fccf192c008ae848e9e2bf4f8ae299a355a3a,7a2e2434f3783eb2506e23c5256156d12ecb29604c31b0696a7fd24fd282443f,1920,1080,33,historical_validation_tuned
bb_V0031_I0002600,bb_V0031,,data/valid/images/bb_V0031_I0002600_jpg.rf.517e6b06c35dc60ae164d5e0a24e3529.jpg,legacy_valid,517e6b06c35dc60ae164d5e0a24e3529,63f4e8e90a30cad0ee193bd58fc95c52b16bb32f0214babe972ea20ae103538b,6c6748a6cd431aadc55c424ff8e5d5600bc4de512fd65bf5f8b3ac18c6684665,1920,1080,38,historical_validation_tuned
bb_V0031_I0003560,bb_V0031,,data/valid/images/bb_V0031_I0003560_jpg.rf.65eade494167933cb7cbb45e6d7f45ae.jpg,legacy_valid,65eade494167933cb7cbb45e6d7f45ae,2fb55d5bb57ed63d27d6a44ff5f94454f36d3001c6a01d53ccee3f4bb1580b4c,98184312fd0ece1dd06e3cd2f333de02ed57b11c804473a464aa6148eafffe1f,1920,1080,113,historical_validation_tuned
bb_V0031_I0004800,bb_V0031,,data/valid/images/bb_V0031_I0004800_jpg.rf.e847e5be23954349a1a73ef994166737.jpg,legacy_valid,e847e5be23954349a1a73ef994166737,4fa0aa1ca5bac4ff10572dd5758812bab4edbd0435fbb4e364351de95aa8b238,21a8098a74700bc997c8477e077f5508d76ababe4827bbb5c9c8c757acdcde1d,1920,1080,44,historical_validation_tuned
bb_V0031_I0005120,bb_V0031,,data/valid/images/bb_V0031_I0005120_jpg.rf.6cf0dc3d13811b9dc1ddc147e944111f.jpg,legacy_valid,6cf0dc3d13811b9dc1ddc147e944111f,0add592417515de7ee35522fa144c50255feb5782c07683504be2cd282fb1350,0ddb4d654c7c4c48f3c51d6aec44d268f48630bf13874a069ffe63ea4bc6eca8,1920,1080,192,historical_validation_tuned
bb_V0031_I0006040,bb_V0031,,data/valid/images/bb_V0031_I0006040_jpg.rf.b05858334cc20631550c74b4a86eda0b.jpg,legacy_valid,b05858334cc20631550c74b4a86eda0b,f1d66e94e48b37f48695249e88914f22fca1d4a16ba20c2c03690ce39f3add06,3a074acecced2af39d367296c45016fef128ca4ea1116f6793141743799ead14,1920,1080,48,historical_validation_tuned
bb_V0032_I0000200,bb_V0032,,data/valid/images/bb_V0032_I0000200_jpg.rf.2409892ed405c8b2ad21d8ae33fde434.jpg,legacy_valid,2409892ed405c8b2ad21d8ae33fde434,51a1aba708dd4ff602bc1f753a61d8c63b1717470b5eb33a096965db7f706505,c5901ffad26299365abf5506175089b32af676ad56384b3e3c2ab893dd594ccd,1280,720,3,historical_validation_tuned
bb_V0032_I0000240,bb_V0032,,data/valid/images/bb_V0032_I0000240_jpg.rf.1ea89053aa98a33aa8814f2c7475c6d1.jpg,legacy_valid,1ea89053aa98a33aa8814f2c7475c6d1,c2cd6f423d5a7adabaea287ab3ed475527c5a119a3e050d10db587ff6742d731,8159dc028a9cc871495d70ba79e8b1f84df2d7d5384a5fade3ce69effab525e7,1280,720,1,historical_validation_tuned
bb_V0032_I0000880,bb_V0032,,data/valid/images/bb_V0032_I0000880_jpg.rf.a31804eadeab8c30c2a7b1e7e088bca5.jpg,legacy_valid,a31804eadeab8c30c2a7b1e7e088bca5,c8deb29467b2edb6d0ae1add2ea8ffebfc09e2d9da1a5fc01aec2be5035d9484,e8a2d5cae1bf8e4fa9fad986df8687ca721becbb85f612b00504d18df6ca5b16,1280,720,1,historical_validation_tuned
bb_V0032_I0001040,bb_V0032,,data/valid/images/bb_V0032_I0001040_jpg.rf.45c82a3e7ef5bd362ec6db064663595e.jpg,legacy_valid,45c82a3e7ef5bd362ec6db064663595e,9d8f94ecfbc0af71fdecb331ecef49d864cc98b16b8bef98012bb33886c19b79,3a9a9bff49e9df9ad9f791d479dc0f4d22c965747aa91ad1fa61b0e3fe06104b,1280,720,1,historical_validation_tuned
bb_V0032_I0001760,bb_V0032,,data/valid/images/bb_V0032_I0001760_jpg.rf.697e7b038158f420174fc6dd62052043.jpg,legacy_valid,697e7b038158f420174fc6dd62052043,91d73a435368b1095e1688778cad118fe742cf28dab4d388ee061196aba72e94,1b8ba2341176cc78d236517aa9ffe32da0c6918d5e4eaf1c8a68be0578fb1dda,1280,720,6,historical_validation_tuned
bb_V0032_I0002440,bb_V0032,,data/valid/images/bb_V0032_I0002440_jpg.rf.5291524134317f67c90395685615cb0c.jpg,legacy_valid,5291524134317f67c90395685615cb0c,a66fed76bf31c7d840ddb2ac0c3391f60e26422433f300c2b9f6da3e7eed2639,8ee93659c3bd94a4ef10f92d094fc5670a9a58c40cd8b2ffd2e062427de0737e,1280,720,1,historical_validation_tuned
bb_V0032_I0003320,bb_V0032,,data/valid/images/bb_V0032_I0003320_jpg.rf.dc460769dc6c5f102c4c75ec91dda6ff.jpg,legacy_valid,dc460769dc6c5f102c4c75ec91dda6ff,292ab8395e1d4b873b30b032c18b280c365078774044896abd6b3449f167ff25,520cbc7e118cbe514ad1195ea2f62a104b19d7765aa14116707b51617322ea72,1280,720,2,historical_validation_tuned
bb_V0032_I0004640,bb_V0032,,data/valid/images/bb_V0032_I0004640_jpg.rf.7c5dc543101a860e0fb4714cf7a3b116.jpg,legacy_valid,7c5dc543101a860e0fb4714cf7a3b116,4f4247310940dcd230a8acef1557e4106b467cc9e761e513d4575e7b22e02c4a,f9fbfdb19d78951e8dd9213f0144dbcc144bf1e386d97f7da92f82dd63add31f,1280,720,1,historical_validation_tuned
bb_V0033_I0000320,bb_V0033,,data/valid/images/bb_V0033_I0000320_jpg.rf.adcf0b17806f58100072ff74e0c8a19a.jpg,legacy_valid,adcf0b17806f58100072ff74e0c8a19a,1be40fbb393b07fa3343db6220557f98cec1fbccd7faf70a2280a1a6c42e78cb,f2de2f384f39eff94a63d237a2ff1deefa4f4ec75c594ffb90bf750e7fd56620,1920,1080,4,historical_validation_tuned
bb_V0033_I0002160,bb_V0033,,data/valid/images/bb_V0033_I0002160_jpg.rf.93123a701f8224d09e33b1d0a87e8593.jpg,legacy_valid,93123a701f8224d09e33b1d0a87e8593,8e47c2b296460768c06e19b64e24b84700a1e3492b7216e59c486ade966c8725,0bc3862ed87d27912f40ba1e7423f17f53aa4f201656bcd19fc9b65df1394900,1920,1080,4,historical_validation_tuned
bb_V0033_I0002400,bb_V0033,,data/valid/images/bb_V0033_I0002400_jpg.rf.4bc9bb09461f2a7ce4f487280b94185a.jpg,legacy_valid,4bc9bb09461f2a7ce4f487280b94185a,5e3ceef065b8a996f9ac14fa40ea6bb915cc6980466cbb706f6248aea6b22f73,7951bca5272d27aba158b6523441320a636eab9066f0c5e21bc1c39c56d532c1,1920,1080,2,historical_validation_tuned
bb_V0033_I0002960,bb_V0033,,data/valid/images/bb_V0033_I0002960_jpg.rf.6249e17c6798fc96e65837714f21def4.jpg,legacy_valid,6249e17c6798fc96e65837714f21def4,91df30b69be64274863623c051babed79a3a67a3a10e7792aff91be780905038,098e107964f376db1127cef11e381dc03768f22288169705b94e2fa432fa274b,1920,1080,5,historical_validation_tuned
bb_V0033_I0003160,bb_V0033,,data/valid/images/bb_V0033_I0003160_jpg.rf.bed05e69c046e4af37a52f5d4453aaeb.jpg,legacy_valid,bed05e69c046e4af37a52f5d4453aaeb,0426abb56896ffeb1334f49803e9a7f82cfc19041f63fa71e730b652bb9053cd,cb66b17b483db4f5a4fec78da23033ada7ae70fe2a8f8feb7d2a02de424e6810,1920,1080,4,historical_validation_tuned
bb_V0033_I0003200,bb_V0033,,data/valid/images/bb_V0033_I0003200_jpg.rf.77a9497106736e1c7edef0d0676120a4.jpg,legacy_valid,77a9497106736e1c7edef0d0676120a4,5f4ad07394db7ddb1a49084ca3c08f7e534aea350dbb9becdeacb000ae7ca304,b7c9017e4e0c0fe1ca7b4c4cfe9ea468cf91144b8f52ff14174fdc2ed4b0d397,1920,1080,2,historical_validation_tuned
bb_V0033_I0004320,bb_V0033,,data/valid/images/bb_V0033_I0004320_jpg.rf.69b04646e26f7c46a1898bdfeb41dfe8.jpg,legacy_valid,69b04646e26f7c46a1898bdfeb41dfe8,a519e9fa34433435e3ec0e441a2dc20f7e0db07343085e32915c7a9a0468f9b4,403a88bf6c90c14be4d2ffd94dfca55f526178723e0089a3b5d6ec89953fce29,1920,1080,6,historical_validation_tuned
bb_V0033_I0005880,bb_V0033,,data/valid/images/bb_V0033_I0005880_jpg.rf.f9328fc7c213552989cf119b75eb1c48.jpg,legacy_valid,f9328fc7c213552989cf119b75eb1c48,f742a84e23e898fa2b38833caa6142b386ed9f81ac2268cdacd44322ba17c9ac,99044a66ec41e7fad2b39e99e7c27922686aa3464f660ece3921c4439bf8d392,1920,1080,3,historical_validation_tuned
bb_V0033_I0006360,bb_V0033,,data/valid/images/bb_V0033_I0006360_jpg.rf.170ead25e3376707fc2636c2fb6fb9fa.jpg,legacy_valid,170ead25e3376707fc2636c2fb6fb9fa,e5517b899733cda80cd73352bd7be2f95a80fda5320e0989a1bf88aea59c586d,aefb8d4bd4fd718a53d7ef1f8c6d07988bf78b88db2885a9216679831c7e4164,1920,1080,2,historical_validation_tuned
bb_V0033_I0007200,bb_V0033,,data/valid/images/bb_V0033_I0007200_jpg.rf.3038f44390f3d3bea87aa6d09e700b3c.jpg,legacy_valid,3038f44390f3d3bea87aa6d09e700b3c,f80204d5f3ad940f6f393218ef6266d3734cf193edbc5cae135b2174c229db35,c8d4a6e6d829d7e8e2ec9abade751a9fd4a0d0d6850a63e4bff98201c1a8b3ff,1920,1080,9,historical_validation_tuned
bb_V0033_I0007760,bb_V0033,,data/valid/images/bb_V0033_I0007760_jpg.rf.e008a12cf04f54a2857bd4b778317e3e.jpg,legacy_valid,e008a12cf04f54a2857bd4b778317e3e,938dadf17acef2b13c747c81ba72230d16107834aa540c73a527033b5870a958,708643bdc05733cda161a09cb70c3264ca53ef5eba4dc7f03aab478b0549e23a,1920,1080,5,historical_validation_tuned
bb_V0033_I0007880,bb_V0033,,data/valid/images/bb_V0033_I0007880_jpg.rf.c065f0b90b6192aa40898a5e6fa0551f.jpg,legacy_valid,c065f0b90b6192aa40898a5e6fa0551f,730d59509377355ae3fdbf08df80310d3db819354d9a382665de80678887423f,36cd6fc9775db95c003618184517ee9ab473e67a36b70f4e67ee47171c46ad48,1920,1080,1,historical_validation_tuned
bb_V0033_I0009040,bb_V0033,,data/valid/images/bb_V0033_I0009040_jpg.rf.5411e88b3c4e9b108b3b796bb9ba7e5d.jpg,legacy_valid,5411e88b3c4e9b108b3b796bb9ba7e5d,e13cf236a75d197f0b47c23895d623e6a68186b8fde66c62e764b506cc22a8f9,a2ca4374c95d61c5fe8a4ae63a677fa4f1e2a9c31b9f1f765461eb4c5cd55b20,1920,1080,1,historical_validation_tuned
bb_V0033_I0009400,bb_V0033,,data/valid/images/bb_V0033_I0009400_jpg.rf.10de815cc5093b2ed1caf18bf0eeee45.jpg,legacy_valid,10de815cc5093b2ed1caf18bf0eeee45,e70a9306f0f3da9a3b5cee6fed1fe60d92962b2187e45cb54c6bc217a5e1ccfe,666dc99943847fe3c54cd5367fee2f7d35489c9dab661af6cd0e21a058c45f9b,1920,1080,1,historical_validation_tuned
bb_V0034_I0000160,bb_V0034,,data/valid/images/bb_V0034_I0000160_jpg.rf.b372d1407c96ae7ee2a81cecdc162839.jpg,legacy_valid,b372d1407c96ae7ee2a81cecdc162839,eb64b0c2937c00515a22247986a37b293ec4b9883a058c37e143d895c24cb7b4,8f9d9984a5b56b182000d515718b309983f700cc1f150245339a75ea46430a75,1920,1080,3,historical_validation_tuned
bb_V0034_I0001800,bb_V0034,,data/valid/images/bb_V0034_I0001800_jpg.rf.5b2c0b6de6e715e8a29197417504eb0e.jpg,legacy_valid,5b2c0b6de6e715e8a29197417504eb0e,3a171ba72e864cefa55eb4c60386c26997b6d982d8cea14406d4732973d41937,7dea8d5f6e34c2ebb7defbebf6110a41609e1444e4cb7f20ea30a358cc8655ab,1920,1080,13,historical_validation_tuned
bb_V0034_I0008120,bb_V0034,,data/valid/images/bb_V0034_I0008120_jpg.rf.f261f68ced30bb3972b6a28a1e2000d5.jpg,legacy_valid,f261f68ced30bb3972b6a28a1e2000d5,bbe6d944f08a6a537aa18fbc9b9ddc040674d9c4741651ab4e2ca431a6dce5a1,f16203ed2ebb061773c08e0e55ce56d79fded85407c9670cd1abe36f2a0b8b94,1920,1080,3,historical_validation_tuned
bing000_20130713102157885788,bing000_20130713102157885788,,data/valid/images/bing000_20130713102157885788_jpg.rf.542793e04a5c17ea3179e2f722fc6b6b.jpg,legacy_valid,542793e04a5c17ea3179e2f722fc6b6b,6d7e59e7a160cbf101f3dfd9f1e4d214b95b167ba7ef5614c1de8e70e063bb3b,efde932a528aef19b55f983badb295009fce4c663c27f358dd634afbb27f2aae,1010,708,2,historical_validation_tuned
bing_P000_2011121217013176264,bing_P000_2011121217013176264,,data/valid/images/bing_P000_2011121217013176264_jpg.rf.a384de6a5cc79a3016386e7f81b62ce3.jpg,legacy_valid,a384de6a5cc79a3016386e7f81b62ce3,2bfbf93cbfb4cb25d6f341b722aa845ed8aac0d581e26add182ec3be786af248,6309d54878e2977758763489136e6b729a8adebfdbeda7dbd65af908e385e68e,1250,870,4,historical_validation_tuned
bing_P000_3420849_105926629154_2,bing_P000_3420849_105926629154_2,,data/valid/images/bing_P000_3420849_105926629154_2_jpg.rf.e7aec098e0af80f92208a7c9b7c2966b.jpg,legacy_valid,e7aec098e0af80f92208a7c9b7c2966b,4b48f7f61c16c3dbb6537841539019e4180ce6c2be22fae0ac1c1313f30f07d8,aa7e3a0196ebcb23725d48620b3855e1491c4381808614338d720e442b4aef47,1024,768,6,historical_validation_tuned
bing_P000_3c608f85-6a2a-4613-9343-d630d6643b72,bing_P000_3c608f85-6a2a-4613-9343-d630d6643b72,,data/valid/images/bing_P000_3c608f85-6a2a-4613-9343-d630d6643b72_jpg.rf.550cb984858accfeeaba448d104acf82.jpg,legacy_valid,550cb984858accfeeaba448d104acf82,6e22e5a2ebdb2a2db991b715842bcd00a18dbb934c9f52d5cb64724ea628594b,36b7f93de264e889e48a34aa466ec2726d934631e5d0e4d9454f04848a17599b,1980,1320,8,historical_validation_tuned
bing_P000_9764692_194607386000_2,bing_P000_9764692_194607386000_2,,data/valid/images/bing_P000_9764692_194607386000_2_jpg.rf.d109661e00b6107410e21c2ddf980e90.jpg,legacy_valid,d109661e00b6107410e21c2ddf980e90,474bc27488389428facbcd238571b8388269acb403779acec4ff61e053e55513,0b4e9ceca7bc32501e2561fbdc3ac142c7717d866461ec2cd40d4758498c949b,1024,682,11,historical_validation_tuned
bing_P000_a12abad89dc95b7473349ffe8d71e5d8,bing_P000_a12abad89dc95b7473349ffe8d71e5d8,,data/valid/images/bing_P000_a12abad89dc95b7473349ffe8d71e5d8_jpg.rf.278f9f520b59b25369535212be5393c9.jpg,legacy_valid,278f9f520b59b25369535212be5393c9,1d454fb48f9a55a2f0fcae64f0942e2b52ffdce5877fa33a729e4397fc28cf44,1475410a32ceaf7a5ff9f5b6852e29d1c196ee322f0fd39c38f3be44aa0e776b,2048,1370,49,historical_validation_tuned
bing_P000_Cghzf1Ty55SADQBEAA_r68yl7e0959,bing_P000_Cghzf1Ty55SADQBEAA_r68yl7e0959,,data/valid/images/bing_P000_Cghzf1Ty55SADQBEAA_r68yl7e0959_jpg.rf.4abd2a0e3ce4b6e75de06232ceed4a51.jpg,legacy_valid,4abd2a0e3ce4b6e75de06232ceed4a51,2c442c11824a8bb0ab2aaaefc8e50265dc4766c7f40177915facf4407f7c735d,3e28fc4ddc83c75d61fd7289d3aa9630e2dbfa937521c3336764b88b69d5a540,2048,1536,7,historical_validation_tuned
bing_P000_glss_23,bing_P000_glss_23,,data/valid/images/bing_P000_glss_23_jpg.rf.829af2f445a2bbba3499484b7d70246b.jpg,legacy_valid,829af2f445a2bbba3499484b7d70246b,6b27b44158d916bdeac8c830fdea9c2ebfdc20ba87bfeeeba1ba3dcccd87c75e,8d83c51dbd1b06f6a45cd1a09e1717745a68e1ad274a0817930d078c3a717342,1280,960,2,historical_validation_tuned
chitube_V0005_I0001280,chitube_V0005,,data/valid/images/chitube_V0005_I0001280_jpg.rf.80f4f1de913b7286b7aabb2e6ed826ca.jpg,legacy_valid,80f4f1de913b7286b7aabb2e6ed826ca,2e94bb1670aa6710a3315ca7d6bd6f88cbc8905600a7ee76f1ffb199d644b267,f567560868c381ae0dc1b76dba0009897829ae42d6d94fb7a0aa1b9648706f8d,1280,720,184,historical_validation_tuned
chitube_V0005_I0001720,chitube_V0005,,data/valid/images/chitube_V0005_I0001720_jpg.rf.fe4cf1d3b05b6d9c5366e93390555f0d.jpg,legacy_valid,fe4cf1d3b05b6d9c5366e93390555f0d,0aa5848852720276434f667f091372e75b0af7b0b9853d412f731c298175b96c,68c074eb8fdda6930ed5c420d1f58bb843ef7627e8c23585c602fb5d51038f14,1280,720,144,historical_validation_tuned
chitube_V0006_I0000140,chitube_V0006,,data/valid/images/chitube_V0006_I0000140_jpg.rf.fcde7b75a36b670abd6b8f47247f024b.jpg,legacy_valid,fcde7b75a36b670abd6b8f47247f024b,2e3ca3274a6473c2225d5279c709a285cab56c56dd84ea39a2a65c4b9d850603,07df9dbfb37b42950aef9f058ecba3565cf2f764bbc794a1017a25397d58d00b,1920,1072,123,historical_validation_tuned
chitube_V0006_I0000880,chitube_V0006,,data/valid/images/chitube_V0006_I0000880_jpg.rf.7f5eedbc291436eb03650aa64c39b23b.jpg,legacy_valid,7f5eedbc291436eb03650aa64c39b23b,14c15473fb7d93d09e5642a76be7df2776e249a6560d9ad95b782b0f085e4d14,b66e850b9be51d416ca65c79eb11c2b1af09632b2a3e583cead712fb9fe279a9,1920,1072,49,historical_validation_tuned
chitube_V0006_I0003060,chitube_V0006,,data/valid/images/chitube_V0006_I0003060_jpg.rf.ee58a77ca959b2d0aca45e6d0075803b.jpg,legacy_valid,ee58a77ca959b2d0aca45e6d0075803b,ac89df31c3859641692de54d4df2a9198d52aa99c59f3782509136b4005d0ec0,b15fb8cd32d464e0416e02838fbc236abbd112aa9c82a7e8f8df5184c04c2817,1920,1072,32,historical_validation_tuned
chitube_V0006_I0005140,chitube_V0006,,data/valid/images/chitube_V0006_I0005140_jpg.rf.9d8ea8a1778893403c1e872cb9028d98.jpg,legacy_valid,9d8ea8a1778893403c1e872cb9028d98,ba76ee0df8fd515eb6270c21b5d4d775cd78fc5f6cba8aeb0e87be65d8e99d8c,93a2df404721571182d95186ca4e0e386e0eaa256be61e565a481be2a39b93dc,1920,1072,52,historical_validation_tuned
chitube_V0007_I0002120,chitube_V0007,,data/valid/images/chitube_V0007_I0002120_jpg.rf.c93096ce73ecd5fb9018d1abe74961be.jpg,legacy_valid,c93096ce73ecd5fb9018d1abe74961be,e4977a78611c6eb49eb56f7ef5aaa46a259c9065eb231c4e1236aecfb8cae8a2,47c168e01f0dd91143b42a8fc1612880b25b715d1f37744ac5f5549bad613fb6,1920,1080,33,historical_validation_tuned
chitube_V0007_I0003720,chitube_V0007,,data/valid/images/chitube_V0007_I0003720_jpg.rf.9e895563de92e0cc66d0216ee0f3b163.jpg,legacy_valid,9e895563de92e0cc66d0216ee0f3b163,5e569191756b8d68fddce8a97b61f21a6e5b526ae416ec8deba9888a89d44221,d4058e686b312e7287226e977976ff14f0955d696ccda3c6c7316e4d05f1f568,1920,1080,98,historical_validation_tuned
chitube_V0007_I0008840,chitube_V0007,,data/valid/images/chitube_V0007_I0008840_jpg.rf.fce1f23f06a1a4dca4e2d2a8153971ed.jpg,legacy_valid,fce1f23f06a1a4dca4e2d2a8153971ed,687fd9e0e75bf48e3cd9b5448fc3981437504ae4ed23ab80ccaa004906d53fc6,09ebd82b5eb060396c3b25d4d84435220adca21cfb2572a795b40d7dd682efa6,1920,1080,171,historical_validation_tuned
chitube_V0008_I0000000,chitube_V0008,,data/valid/images/chitube_V0008_I0000000_jpg.rf.3d6e2ad11135def76f0abe2d4493eca4.jpg,legacy_valid,3d6e2ad11135def76f0abe2d4493eca4,8f815350a5c835c2ba8889af7fed2194348a3e082b3d5060df92206847b341fd,a98571db753fc502142b16c5f20b8c69dcdc028fbcb03bec0a23b39959d58abc,1280,720,56,historical_validation_tuned
chitube_V0008_I0003000,chitube_V0008,,data/valid/images/chitube_V0008_I0003000_jpg.rf.f888b9258dd74826f826ad385ed50b58.jpg,legacy_valid,f888b9258dd74826f826ad385ed50b58,4d3af3fc568dce5971152bee164cab4cf8489e66f9da7bc98497d5733fd311c2,f27c9c8edc3fc606bae487d2e58c8cf325eb9e9a7f3a1525dd8f4e450a59dd14,1280,720,79,historical_validation_tuned
chitube_V0009_I0000080,chitube_V0009,,data/valid/images/chitube_V0009_I0000080_jpg.rf.a791b867633e03ca407813b0c36aeac4.jpg,legacy_valid,a791b867633e03ca407813b0c36aeac4,5fe4cf2f4f49755e317501bd6debc2dbf9ab6198c9c120fef10512082ddc06ef,5d4a0df651e44ad6708a8a74206727092e88046036c9d73d649605bbd37ddf94,1920,1072,18,historical_validation_tuned
chitube_V0010_I0002440,chitube_V0010,,data/valid/images/chitube_V0010_I0002440_jpg.rf.82c5d1ee845775fb93c09368af9e577e.jpg,legacy_valid,82c5d1ee845775fb93c09368af9e577e,786f4774fc900b83dcdcfd6400e19111af19330f2288877ee6e882727da30596,f5b86ffb919d6ca6cc8c3ea1f8a282b8959201e5fc60c5f83e20cf79348872dc,1280,720,33,historical_validation_tuned
google_P000_84N6HgKY3jhUPM,google_P000_84N6HgKY3jhUPM,,data/valid/images/google_P000_84N6HgKY3jhUPM_jpg.rf.52ebbf519b1e9417e9bd013805baf3c8.jpg,legacy_valid,52ebbf519b1e9417e9bd013805baf3c8,e99400f79891340919e14e640d2906d0ff91d82f215ef9ff5e07f8dadb4eaef5,ad0f38c73b2b64098bcd7611d6a1082d32708204dd4950d5876470fbdad542d3,1600,900,22,historical_validation_tuned
google_P000__IGGWXSKrNijiM,google_P000__IGGWXSKrNijiM,,data/valid/images/google_P000__IGGWXSKrNijiM_jpg.rf.19fa6aef4cf46c97bb050a14e5fd8466.jpg,legacy_valid,19fa6aef4cf46c97bb050a14e5fd8466,ad2e2f75e052fb94f596eed71f58a1e1846995f6fb1ae78d8410c3cd0ef4a672,bb9565f1d7d376c26cb653327b73a5253e38031057d16a898c9ddbf9fe1b70f7,1000,1333,1,historical_validation_tuned
google_P000_fsbIUUjcW0ykBM,google_P000_fsbIUUjcW0ykBM,,data/valid/images/google_P000_fsbIUUjcW0ykBM_jpg.rf.e3b19808e005a913001bdd815a29b656.jpg,legacy_valid,e3b19808e005a913001bdd815a29b656,b03abe5561a82c25aa4a53ce995c2c6d7707c9d95335d5fffe7888b6a5ef3737,35840ba035a6dbdce8a7f643866dc7560426a3060da922cba99fac446fb69262,1150,2047,2,historical_validation_tuned
google_P000_ItyC7NXlLRVZwM,google_P000_ItyC7NXlLRVZwM,,data/valid/images/google_P000_ItyC7NXlLRVZwM_jpg.rf.b296165cd13b09e80f19309c52cc16f0.jpg,legacy_valid,b296165cd13b09e80f19309c52cc16f0,1c2392e6598d7be116183aabef486cc43b91e8aee27db87b489cfe3d8492939a,704234971f9d32af81b683751347106f3cfd180c303e5aca16aff3e47ffe38c0,1600,900,2,historical_validation_tuned
youtube_V0002_I0000280,youtube_V0002,,data/valid/images/youtube_V0002_I0000280_jpg.rf.beca5fef966eb18da17f4d28930d9abb.jpg,legacy_valid,beca5fef966eb18da17f4d28930d9abb,34ccbe0d23aab159b7d1705e98d9dfaa3c9eed47d3b0d22a546144c79b52fbbf,d0ebeb1fb3b577153c58cddf7c35b66d0cdcf3691100a038b08cdf449026961b,2048,1152,21,historical_validation_tuned
youtube_V0004_I0002280,youtube_V0004,,data/valid/images/youtube_V0004_I0002280_jpg.rf.b7c1fbcdd2803aa1c5a189cc717a08d9.jpg,legacy_valid,b7c1fbcdd2803aa1c5a189cc717a08d9,4923d26f079a84234142ec99d3e9e1c99c9d9062d0c8f2310f79b78403a3c889,60a5670569f5b02f59c6283f053e8a02e416efcf77cb48c0252d4c8b75e37cca,1920,1080,83,historical_validation_tuned
youtube_V0004_I0003960,youtube_V0004,,data/valid/images/youtube_V0004_I0003960_jpg.rf.d873b9586e659cd7dc013fa43d30de8c.jpg,legacy_valid,d873b9586e659cd7dc013fa43d30de8c,2268860447a5de840eb3c4f2a0f75dbed50c4e97977f725a9eab53aafb11e505,cf4e9760644bdba3db4a65c97a081f440cb1a88a181191873705ed55f7aff209,1920,1080,14,historical_validation_tuned
youtube_V0007_I0000850,youtube_V0007,,data/valid/images/youtube_V0007_I0000850_jpg.rf.5689fed25e0004210ba3c5fe4d7efb62.jpg,legacy_valid,5689fed25e0004210ba3c5fe4d7efb62,e1a9943c1389fe073744d07b622135df32cae8ba4c625a8c09c402e09070009c,5918868ca44e6131764e5322192ddc108f50d919d1584ab637fd2923270c127e,2048,1152,219,historical_validation_tuned
youtube_V0007_I0002950,youtube_V0007,,data/valid/images/youtube_V0007_I0002950_jpg.rf.159aaf7b1ffaed74834c9873111d8821.jpg,legacy_valid,159aaf7b1ffaed74834c9873111d8821,0f39c12471f9a399965e898b09d9b71bf5efa4e00bb108939712bc0bd9e64e79,50d14e5d1393ac1dcc976117a3b4a02b44666401b98a5e0484b2e51c78a9f462,2048,1152,56,historical_validation_tuned
youtube_V0009_I0000000,youtube_V0009,,data/valid/images/youtube_V0009_I0000000_jpg.rf.f318d67240a722a8a98ccb342b661693.jpg,legacy_valid,f318d67240a722a8a98ccb342b661693,71a001f8e31065ef946d51069f0109a1bc1b4c6e3fa4679eefc16e7ed111b6e3,611e39781ae882072f023511a28f3376bc480409a86cf33f235b9c69055cb06f,2048,1152,13,historical_validation_tuned
bb_V0005_I0001640,bb_V0005,,data/test/images/bb_V0005_I0001640_jpg.rf.012502ae69b3c26f7fea0a4181dd7485.jpg,legacy_test,012502ae69b3c26f7fea0a4181dd7485,178939f30c71654f3a398770d87ea611d8813179beb697d55d4bccaa6a420422,b39bbf673f9a6ab4ac49cfd5e47b1bb4fbb4c96331c5db1d5302778b300581c7,1920,1080,5,historical_test_reused
bb_V0005_I0002200,bb_V0005,,data/test/images/bb_V0005_I0002200_jpg.rf.8d3dab3ae2eeeba5e85a1022ea843b5b.jpg,legacy_test,8d3dab3ae2eeeba5e85a1022ea843b5b,6aa2669b13dfd8d4bef1a3037552803708d39d6e1cf46803b3df3be0b28bc673,3975a7032fccf6dd7179429a7c36b7dd403ef17550b696f5a1a10e31caab08ae,1920,1080,1,historical_test_reused
bb_V0005_I0002880,bb_V0005,,data/test/images/bb_V0005_I0002880_jpg.rf.5c4a3ec965d0acb09403414ac4a3512d.jpg,legacy_test,5c4a3ec965d0acb09403414ac4a3512d,f4136ebc3b06bf348775df909fff001fc429f3baf0a0fdc8dc66c2d77904325b,8a88e7bdc8c6aa82e0663fd2f5e22b81fbde1055e49765c6206635340dc2fce7,1920,1080,12,historical_test_reused
bb_V0005_I0003520,bb_V0005,,data/test/images/bb_V0005_I0003520_jpg.rf.3a93a68947647688ff294c5771ec4f32.jpg,legacy_test,3a93a68947647688ff294c5771ec4f32,d2d583d6c0e1d9514e0e79729769ce2c6837a35b9944a41b34e91a41efa6fd2b,e71954794549e55c1347a8233b16b44b128d9a4dce149a8b11c911847d7ae14d,1920,1080,17,historical_test_reused
bb_V0005_I0004080,bb_V0005,,data/test/images/bb_V0005_I0004080_jpg.rf.f58dd1292f78dc47f037e79648e687ec.jpg,legacy_test,f58dd1292f78dc47f037e79648e687ec,bdec32c73629b59ec6a1600002fc9059b05ab2a08eef6ec85050a986217dbefb,8b6deacbdf36b9fc039c95505177f13636b8d4b2809ba861e06f18970a7385dd,1920,1080,33,historical_test_reused
bb_V0008_I0000000,bb_V0008,,data/test/images/bb_V0008_I0000000_jpg.rf.1a286f06662da90b7fb1c08255e2f4fa.jpg,legacy_test,1a286f06662da90b7fb1c08255e2f4fa,c4c7ed78eca8aac0b2f127fc5d12ada92bb56de8c38664c0d357ef55b471211d,c6e9fb8d28551ad4073bcfdb4dc1cb930e6c2f9269c4aeb7b7ac0717d4f18d16,1920,1080,1,historical_test_reused
bb_V0008_I0003160,bb_V0008,,data/test/images/bb_V0008_I0003160_jpg.rf.a25ec1c19ee9f37dad2ac16ebb542f59.jpg,legacy_test,a25ec1c19ee9f37dad2ac16ebb542f59,a0b1473852eff88b7deb7e680e356ca18cec15c55cc5a881ec4c07a4e585a6d0,1c05b7c739d0d06434b37c15a78c67b93a148a38dfeb00610dadfeb86e81ba76,1920,1080,1,historical_test_reused
bb_V0008_I0004960,bb_V0008,,data/test/images/bb_V0008_I0004960_jpg.rf.4633ee2b1773b862c8def48db653b2e5.jpg,legacy_test,4633ee2b1773b862c8def48db653b2e5,46e59225e6a17fc80580477acf9e94bc1b66b8d39c6741f3a0a4842f874d50e4,049a193af439b8566740e59bcb8240556264b20e627b837ef4e1fca62182d8f1,1920,1080,1,historical_test_reused
bb_V0010_I0001080,bb_V0010,,data/test/images/bb_V0010_I0001080_jpg.rf.e0ec4ec5d5ea895dbc99e0ad48ca5009.jpg,legacy_test,e0ec4ec5d5ea895dbc99e0ad48ca5009,d9f86ce9015c8eb70da2196124973b1328edd3c63a6845be51dbe97c532a6aa3,5d7d7116ca262d2bfc232333a1be6940dc0c5ed6926ab04a07c6e2c6ce6fbc60,1280,720,2,historical_test_reused
bb_V0010_I0001920,bb_V0010,,data/test/images/bb_V0010_I0001920_jpg.rf.89c4fb481ea16fa7d896ca8a09fd2071.jpg,legacy_test,89c4fb481ea16fa7d896ca8a09fd2071,b6cca2c6a4e7f776c90c83f78074dd3036801cd3c74e7dd221511827473ab3c9,c7e37cce1e2cc982a5d6b74c20c723f1a6a19ab34b723026c84ff664ce07c1a3,1280,720,38,historical_test_reused
bb_V0010_I0002120,bb_V0010,,data/test/images/bb_V0010_I0002120_jpg.rf.0df32673356aecf39c99fbe2e6decb94.jpg,legacy_test,0df32673356aecf39c99fbe2e6decb94,6f58cbccbfd4cd0926eec8cbeb2f80ac79b83a55d4f7a76a5db059a3194b0346,358e9323c2c51855d5bcc54985e8b8e93020246b35461c6029fc86a416f90b4c,1280,720,5,historical_test_reused
bb_V0010_I0002480,bb_V0010,,data/test/images/bb_V0010_I0002480_jpg.rf.553ee3d9fad644ee09ccad25b3db78ab.jpg,legacy_test,553ee3d9fad644ee09ccad25b3db78ab,49b6e5d384398c4c549856de67e1a8464bac561f343bfada64f33bc5df1b33dc,8265f494dcbee1574af2119a4d2c6e3b252073a0ee77d551f9c69f31b9bd7ea8,1280,720,36,historical_test_reused
bb_V0014_I0004320,bb_V0014,,data/test/images/bb_V0014_I0004320_jpg.rf.42757a52597a426631488b40c9b5c382.jpg,legacy_test,42757a52597a426631488b40c9b5c382,3db3bc45898167deaddf2cff7db6cbfcbe8d842ee64e12eb9c83be466b2e9839,d11b7ab7688a64cc10330871a653bdf56a1c1053817a26434065059d975106b8,1920,1080,2,historical_test_reused
bb_V0014_I0004920,bb_V0014,,data/test/images/bb_V0014_I0004920_jpg.rf.638d50de115ac99ac0f81e293c2846c6.jpg,legacy_test,638d50de115ac99ac0f81e293c2846c6,b998c2973ac2f9f0efc3b7ca7161c01f600b4657b5aa2eb02f47b92c5124f977,5da1f7ccc04a3339792a7d939c610e3829c853f97b523e260f88f6008212c51e,1920,1080,15,historical_test_reused
bb_V0016_I0002120,bb_V0016,,data/test/images/bb_V0016_I0002120_jpg.rf.255f1ff29a7a79687143a219e7582c6b.jpg,legacy_test,255f1ff29a7a79687143a219e7582c6b,6a532d82ef43751b19afe037be8f5d0e59560002e2fdb87b8fc98bc6b842a5b6,5051c33475c4a40a4e14d55191bc023ff3c8d40520a953e0b9f60d8451930083,1920,1080,1,historical_test_reused
bb_V0016_I0002400,bb_V0016,,data/test/images/bb_V0016_I0002400_jpg.rf.9979e90a96d3bc2a2480d48e91877a47.jpg,legacy_test,9979e90a96d3bc2a2480d48e91877a47,aaf84130c6f43918ef71b6edd1a5b4f8f51a0d047ccae49207b17fd2bf70a2b2,2fc9ffe5ff87f29c12e02023c9a454c4509d8f8648ceb39f8ba7344bf01edf32,1920,1080,11,historical_test_reused
bb_V0016_I0002560,bb_V0016,,data/test/images/bb_V0016_I0002560_jpg.rf.7725f157a2d907180756aad372e1154d.jpg,legacy_test,7725f157a2d907180756aad372e1154d,ea585ec6beef9fc74b4937cd0b41723ce23f5f10915f0cd2f44e264eccb28a1b,a91c999ad97e13496fa0c9e223ce575660af187aa46876722d94b37004066031,1920,1080,18,historical_test_reused
bb_V0016_I0004120,bb_V0016,,data/test/images/bb_V0016_I0004120_jpg.rf.7be7d505d1b2b81768c382b549d7ba98.jpg,legacy_test,7be7d505d1b2b81768c382b549d7ba98,b916cd5d53879a2702560f8074e5e8977ce3450f9ed291ff67bc7e27baa8a782,b16e794420f2cecdaac2b3a64f8ca4fdd8628e7e40842d7e18dcb0d48e353697,1920,1080,7,historical_test_reused
bb_V0018_I0001560,bb_V0018,,data/test/images/bb_V0018_I0001560_jpg.rf.0ec4f66dd9e71feef02dfe5cb440baf4.jpg,legacy_test,0ec4f66dd9e71feef02dfe5cb440baf4,8149e3bf1f2dbdd4c68f189db4fa4021339026b25e3623ec78ceaa91abd59a60,2e7524b3d97f3b56a8b746a4bf6131c81a1f9969a4587acbeb4dfba48e055ef9,1920,1080,335,historical_test_reused
bb_V0019_I0000560,bb_V0019,,data/test/images/bb_V0019_I0000560_jpg.rf.d59f5d9529d9361ffdb44ddefbfeb276.jpg,legacy_test,d59f5d9529d9361ffdb44ddefbfeb276,a92ae358552bd3b729cb80cc3a2a0888beded0e6afde1b58b9f5d35c933df138,61d263ff7df55e7b00c17d3b907eb53633757b5ab1d5e0aca9de7a7479ba41fd,1920,1080,2,historical_test_reused
bb_V0019_I0002840,bb_V0019,,data/test/images/bb_V0019_I0002840_jpg.rf.a6e68e02beca2654caefd944a469df15.jpg,legacy_test,a6e68e02beca2654caefd944a469df15,5205c78e1f50ed865895b27b290dabb126f049c6ee48cfd33b38ed0efe98d3ae,39027645849f4e0130c358c49cba77eb211ae9d022aecd57dbddba1504c04a06,1920,1080,8,historical_test_reused
bb_V0021_I0000280,bb_V0021,,data/test/images/bb_V0021_I0000280_jpg.rf.e4972cf7f36df4da69f146a7d323e24f.jpg,legacy_test,e4972cf7f36df4da69f146a7d323e24f,2205ae3f28168f558425d901271786db83872ecf09af15bee7f815e3a42f78dd,7cfe6750493b029154593c078609b3eb13aff49e7e037afbfad55566c7bcc23e,1920,1080,14,historical_test_reused
bb_V0023_I0000000,bb_V0023,,data/test/images/bb_V0023_I0000000_jpg.rf.61773988121b81967ec98327726a35f0.jpg,legacy_test,61773988121b81967ec98327726a35f0,2df794d07db25c86c5b5ff1641fdf3da0028defc588562f9366172fe93228a2a,423dc539f724007dd292592cd04f74778b542f2ea45934cdf7e8f1afecaaf17c,1920,1080,2,historical_test_reused
bb_V0023_I0001880,bb_V0023,,data/test/images/bb_V0023_I0001880_jpg.rf.c989ff7ee99b500cdbf5b47f4f2e7403.jpg,legacy_test,c989ff7ee99b500cdbf5b47f4f2e7403,da4f53d54bc747be30391933f4f1667707434a434b542a1828008b3a37fb2c0e,4f66563063ed7b4fc6eba85e38187f01823847e1ca4c0c90b8da4b8b1825b804,1920,1080,10,historical_test_reused
bb_V0026_I0000000,bb_V0026,,data/test/images/bb_V0026_I0000000_jpg.rf.93f013acd613ea91389211e8429a4683.jpg,legacy_test,93f013acd613ea91389211e8429a4683,7dc1e316ad5d3612f52fe9c2b3156ca462fa8cfd7c08cefe12f60245f03e5a20,a022888e55d482b202de39278398495746e081b045c1f53dcf2ec8af8c085f6f,1280,720,72,historical_test_reused
bb_V0028_I0001680,bb_V0028,,data/test/images/bb_V0028_I0001680_jpg.rf.fbbc616baa52ac333bb2da17e52996cb.jpg,legacy_test,fbbc616baa52ac333bb2da17e52996cb,13d7be2215d670fd12536a3bbe2299c93ca2d9ed9634a597762b6ffd98788e90,812a4e0ef326d038a9b0b62b0205bd45d8b6bb0930cda18afe8b08504eb34384,1920,1080,4,historical_test_reused
bb_V0030_I0001040,bb_V0030,,data/test/images/bb_V0030_I0001040_jpg.rf.f3d7e9f9b735204bcf6bdf0ba543b1b5.jpg,legacy_test,f3d7e9f9b735204bcf6bdf0ba543b1b5,446665006d47243be2692e59ac9aff882bccc1910514502dc77b27e5ab73572a,5dc56371181ed4cbfc88371bf3e3c48c78fbced126ce3f9cb2efa59aea4d6c72,1920,1080,54,historical_test_reused
bb_V0031_I0003160,bb_V0031,,data/test/images/bb_V0031_I0003160_jpg.rf.4e337e7fbce7a3d9ffcd4c29f3a920f3.jpg,legacy_test,4e337e7fbce7a3d9ffcd4c29f3a920f3,a23c17f75a214129a875de14844350d4f4641e9d65736c9a1b1ab2bc23ab60ad,723d9306b7ce4e99483e3a4f7129686c5fd52dbd24b5fa80ad05d662a126be09,1920,1080,91,historical_test_reused
bb_V0031_I0003360,bb_V0031,,data/test/images/bb_V0031_I0003360_jpg.rf.23150b63660b6d365a4de97a756008ab.jpg,legacy_test,23150b63660b6d365a4de97a756008ab,932db1733542c1f9c44f76383795ccf5668f0619610668432819fada893d3e67,1a4a661fac101a507a09124e0d12e29357dbd9285b470201335832e8971a5381,1920,1080,24,historical_test_reused
bb_V0031_I0004240,bb_V0031,,data/test/images/bb_V0031_I0004240_jpg.rf.bf00e6c0c60e4b60eb3040ac5443a525.jpg,legacy_test,bf00e6c0c60e4b60eb3040ac5443a525,779c08a34341aca86fed528d34886c85c7a8d738248e374a2b1d3a0eb1f2f268,56d75d0a934d8b9d168ca3ae05e5f6fa4c60b463b31954bf44142936a9201249,1920,1080,102,historical_test_reused
bb_V0031_I0004400,bb_V0031,,data/test/images/bb_V0031_I0004400_jpg.rf.1171ae756965bd2e431ce03e6b4fb3a8.jpg,legacy_test,1171ae756965bd2e431ce03e6b4fb3a8,23e280232fa476de98b5f73aa4c640659a71f975ba9dc4bec28012667f47da3f,7b65bce049c2a74a72f42f5a3b425f39f7a572db4d48db21e85527584813741c,1920,1080,111,historical_test_reused
bb_V0031_I0004920,bb_V0031,,data/test/images/bb_V0031_I0004920_jpg.rf.64d2da172a4611c495abccd637cf4512.jpg,legacy_test,64d2da172a4611c495abccd637cf4512,68787b8bd4c68298c79c38bcc663ec06bb69a70df4becb3621675c877a4dbafa,2415cb8513f566f1f58a1de6af0b78ebc979089fc0a35be6733343b994a1a8f9,1920,1080,37,historical_test_reused
bb_V0032_I0001920,bb_V0032,,data/test/images/bb_V0032_I0001920_jpg.rf.924c237bb21e17131d35d829908d743c.jpg,legacy_test,924c237bb21e17131d35d829908d743c,04cba780eb38923ccbbdc568aa303616b588cb5726f3de2fbc6290d2d9f50158,b1d4ee2718fa7d4936804cb1165b12acbb28ac5f941a799ba5ec38e786a8f0c0,1280,720,2,historical_test_reused
bb_V0032_I0003160,bb_V0032,,data/test/images/bb_V0032_I0003160_jpg.rf.ccb30d7404de3b6015aba5bfe055b710.jpg,legacy_test,ccb30d7404de3b6015aba5bfe055b710,56e1dd8b9a7205944cc614bcc6bd767868ae8fcc7ac5a87f7dcc2408ecbd7db3,22861ea2b8a3ee13c58ff8d26c5eaead8c7cb427607f1f2898ea3d24adac67cf,1280,720,1,historical_test_reused
bb_V0032_I0003560,bb_V0032,,data/test/images/bb_V0032_I0003560_jpg.rf.d6496ca6ab636d1c699b4d42260ff78f.jpg,legacy_test,d6496ca6ab636d1c699b4d42260ff78f,1d652b91c3d08d66d6c86f4eaab24194661319bad99ee8e1e81d7ad366182abe,025b1bbcbd2125a54a6943050dcd5cc45e9f158b5a81db59bd1653a0700b9fb5,1280,720,1,historical_test_reused
bb_V0033_I0002520,bb_V0033,,data/test/images/bb_V0033_I0002520_jpg.rf.221f5e806a5fae77967b4c9faaaee8a7.jpg,legacy_test,221f5e806a5fae77967b4c9faaaee8a7,da0f2c2ac5f9bb6c8fbae49f361ff4c641eb3a6013c2aaca89e5b481d487f8f4,289c7d241c4e7bf19258ff3e0a8e8c9041ea58f2890dc2e1020a923f5a24400d,1920,1080,2,historical_test_reused
bb_V0033_I0004000,bb_V0033,,data/test/images/bb_V0033_I0004000_jpg.rf.8f9e9d87c22a5d3e9c1e09c663205a90.jpg,legacy_test,8f9e9d87c22a5d3e9c1e09c663205a90,0ce6ef8f74899a5a3eb07f7271a1bf2c71ec4818ec6f352f770572d380faafc7,547b9e5bb824f7700d1822f2f2de5c755c675ee1b454b14660c514370af4b83c,1920,1080,152,historical_test_reused
bb_V0033_I0007120,bb_V0033,,data/test/images/bb_V0033_I0007120_jpg.rf.6383dc2c15aa7bc1690ae6a6bca77754.jpg,legacy_test,6383dc2c15aa7bc1690ae6a6bca77754,4a020e300da60ae96efd364166441f5a2ee6f92c4d0c78274dd5630a61b0f305,9a5b29d47c4e797e6206511fc51a6813b337af43ff1ab28488bba2c182276315,1920,1080,1,historical_test_reused
bb_V0033_I0008160,bb_V0033,,data/test/images/bb_V0033_I0008160_jpg.rf.23af869ee6c0331327c33b24134883f4.jpg,legacy_test,23af869ee6c0331327c33b24134883f4,1f4520c55e5bf00ce39126724218a8589add872b45993adddd56a8c299749d17,6cf161bd85d58bde940fe575784af8848d59925fb434d434bb72325ca780806a,1920,1080,56,historical_test_reused
bb_V0033_I0009840,bb_V0033,,data/test/images/bb_V0033_I0009840_jpg.rf.54e6431043683d3b85ba628d449b6d6a.jpg,legacy_test,54e6431043683d3b85ba628d449b6d6a,5706826d47d033edd6f6736f5434a0d66a8e9c500cc2d08777385965014028e0,feab62263b6da28cd80f93966973539d4661c9adceb227a48947e4aee7449e40,1920,1080,1,historical_test_reused
bb_V0034_I0005480,bb_V0034,,data/test/images/bb_V0034_I0005480_jpg.rf.d14e71bb449f4c84f1f7cc0b7bdabcf8.jpg,legacy_test,d14e71bb449f4c84f1f7cc0b7bdabcf8,0cfffe41d9ec4cb21f0f7fa5ad1f3b79c08a09b6bf3e6a5b4acba2e5c9a28956,7d01821cf67fa53f6b6c2991509548b68a7fa4113fa01025e385b541e8ace3d2,1920,1080,1,historical_test_reused
bb_V0035_I0000520,bb_V0035,,data/test/images/bb_V0035_I0000520_jpg.rf.b3511a7de32418d930cc4ee59de5f8f0.jpg,legacy_test,b3511a7de32418d930cc4ee59de5f8f0,c06fb82e03986673ed3b70678bb41468e533482001347be9c83a9fea980a1540,eb13ca50dfbcd912a7542d9bd4974627cf2a6aa5763512879485520a02e883eb,1920,1080,281,historical_test_reused
bb_V0035_I0004240,bb_V0035,,data/test/images/bb_V0035_I0004240_jpg.rf.b6fe261aa7e7ee910d574ce3fbb942bc.jpg,legacy_test,b6fe261aa7e7ee910d574ce3fbb942bc,a1efbd921e1bef0520ce60342af40b02f649ac41ed78083319ae6ac172160689,e2fa6845df4573d33baad0bf21d0d39f5806b8df53026898a275781338117327,1920,1080,173,historical_test_reused
bb_V0035_I0004600,bb_V0035,,data/test/images/bb_V0035_I0004600_jpg.rf.1a4c8cb1ee2d25682a6bd0bd03142f61.jpg,legacy_test,1a4c8cb1ee2d25682a6bd0bd03142f61,9a196b13c42100b47aa32bcebef71f94df02c470e344361fe2d007b41f833a98,12f1de9d591a2d0b9f0e68044add2bae427dc5bb6653465debfcddeb7faee341,1920,1080,175,historical_test_reused
bb_V0036_I0000320,bb_V0036,,data/test/images/bb_V0036_I0000320_jpg.rf.b12eb62bbadbdd250c27a553cd1596c4.jpg,legacy_test,b12eb62bbadbdd250c27a553cd1596c4,dc97e4ebb69e9b9675835a32e5b329abcfed098565c00905b1611ddca6866a27,bfb42737db6378763538f4e6325b930dac3a7edb4ba80a548cfd2a93f13180b4,1280,720,101,historical_test_reused
bing_P000_134852jxzc9mwzbpmsxmtr,bing_P000_134852jxzc9mwzbpmsxmtr,,data/test/images/bing_P000_134852jxzc9mwzbpmsxmtr_jpg.rf.443325e9d8bd2fc4315d04318bcb660d.jpg,legacy_test,443325e9d8bd2fc4315d04318bcb660d,80c3b639136e241d94fdaaba7f4e050f95fca74d9b2bca32dfcfe3b72a8d21e0,3cea289b2412925ce077d2a4c267f2ab7c2c76f915a63eafe5c8d4895b8e030b,1200,773,3,historical_test_reused
bing_P000_201212281136185077,bing_P000_201212281136185077,,data/test/images/bing_P000_201212281136185077_jpg.rf.5f1165cb924c89704163a4c5dd83826f.jpg,legacy_test,5f1165cb924c89704163a4c5dd83826f,79b6ddff48b1ff93303f3b14a3aa9cbbff13b43e7f52ddd8224dbd53d9544166,66d726d144f75879abba1e4da1c6c041ef005b51dca714a023e357afd6594b68,2048,1536,2,historical_test_reused
bing_P000_6442798_071001980446_2,bing_P000_6442798_071001980446_2,,data/test/images/bing_P000_6442798_071001980446_2_jpg.rf.0382aeadd9b1332aaf2ecb91ac3eb194.jpg,legacy_test,0382aeadd9b1332aaf2ecb91ac3eb194,4f9f7c19dc9fd90756bc3fe1c930f09e4c8b5e7da81f6e636b296180c2b053f4,fa170d77267853984051fc443ff85634997021dc6738699cc65adba7cfb8977e,1024,768,39,historical_test_reused
bing_P000_721cd50a43e14ef199398827d3de3754_th,bing_P000_721cd50a43e14ef199398827d3de3754_th,,data/test/images/bing_P000_721cd50a43e14ef199398827d3de3754_th_jpg.rf.d13090f3629da3ec404a6cf205089bc8.jpg,legacy_test,d13090f3629da3ec404a6cf205089bc8,453f92dbf2b9f0af90e351a70d9251318a32fcb0553ec6abc36908ef83ed32ec,4d48a096e5a05e30227fc542d9ef13a46c6e94aa0997089502da6a721b0b1283,2048,1309,1,historical_test_reused
bing_P000_glss_27,bing_P000_glss_27,,data/test/images/bing_P000_glss_27_jpg.rf.3665daca2f3cec0520a9ffff6bfe3a99.jpg,legacy_test,3665daca2f3cec0520a9ffff6bfe3a99,7d1c8cd48ecec44df80e8cdb07a89f6812794287f4f48c46387da57a449896c7,55220f56994d2082b22cdacf4c8198497384782f50c5fac8cf338636600319d2,1280,960,7,historical_test_reused
bing_P000_MAIN201407211407000013535361040,bing_P000_MAIN201407211407000013535361040,,data/test/images/bing_P000_MAIN201407211407000013535361040_jpg.rf.68af664d60d20ccdf8ed73582ef49629.jpg,legacy_test,68af664d60d20ccdf8ed73582ef49629,45a26a97cc28fd6ccbba340d1bcf0ba43a0b33dfebdf8e6607aa4023452b646a,c7af8bde823331713982c0ac138b8ea2c33423896a24acc558f8e7b0954e8402,1280,844,96,historical_test_reused
bing_P000_timg-2-,bing_P000_timg-2-,,data/test/images/bing_P000_timg-2-_jpg.rf.2746e291379d0abdc7a3234d2945b6cd.jpg,legacy_test,2746e291379d0abdc7a3234d2945b6cd,8e2498e4ccf3f4bdcfde46382cc47ef66bcfcd38cb09df4b9819ffd52d8f4eee,995f2100fce4e60a3247c313345c6a3a60f8792eecb21abeb169ceb34c670d88,2048,1536,21,historical_test_reused
chitube_V0006_I0006100,chitube_V0006,,data/test/images/chitube_V0006_I0006100_jpg.rf.18ac12c2f8ca9082994c30c67b28e1fc.jpg,legacy_test,18ac12c2f8ca9082994c30c67b28e1fc,4a94b642e042b95d4b61b52cc49932910b88cf3e498ea149009547b2cd9ec3a0,872716b637105d1a08b41c1b1cab85106abdb5375f4fb3f84d15c007aae434fd,1920,1072,19,historical_test_reused
chitube_V0008_I0004200,chitube_V0008,,data/test/images/chitube_V0008_I0004200_jpg.rf.9d2c8a1279ee0c51a9b53ead2095d421.jpg,legacy_test,9d2c8a1279ee0c51a9b53ead2095d421,e392c167cfb28333b87e825e688498725016408c240f530c35a621a555fbd5d2,89e98af03833b9c0a2ce33326b8d943ff8f653e4163caa4098d31cd8580186e9,1280,720,62,historical_test_reused
chitube_V0008_I0004840,chitube_V0008,,data/test/images/chitube_V0008_I0004840_jpg.rf.28431bede081b2c331a0cafd968343c9.jpg,legacy_test,28431bede081b2c331a0cafd968343c9,2e41fdadbfa2c235c815ef6e1a2dc35cac163132d1455e8e28ac34a30fbadeb9,9097c11343e8be39d298b6212c848b9d34b8495a9ec03fecfbbf308751fd3efd,1280,720,158,historical_test_reused
chitube_V0010_I0001480,chitube_V0010,,data/test/images/chitube_V0010_I0001480_jpg.rf.d211de309e2053f131dc60b7dac7a793.jpg,legacy_test,d211de309e2053f131dc60b7dac7a793,c9990578867e482a56daefcd034ec916b73378f87aa67a1a66c5afdd6f4f80d8,3373c59f4eb045790cf3a8a1ac3b78514a909fa508952801a312e4d47ab5a511,1280,720,59,historical_test_reused
google_P000_10,google_P000_10,,data/test/images/google_P000_10_jpg.rf.ec54af4ca3de9c8aeec561a949bf6577.jpg,legacy_test,ec54af4ca3de9c8aeec561a949bf6577,e16ef32ab6fe3c1e84eea7b9e5c6fc1bdabea5b3faaea929bdfbc2b5e21657e2,959c68e49ffe87a4d559a20d350979a01fbbf3a9d1afccf1bc6d2622cca4791c,2048,1027,5,historical_test_reused
google_P000_opBRGWjw8H9qBM,google_P000_opBRGWjw8H9qBM,,data/test/images/google_P000_opBRGWjw8H9qBM_jpg.rf.2d445ad6d31e806f37e8f20433763bb9.jpg,legacy_test,2d445ad6d31e806f37e8f20433763bb9,a583a4b77b29f6061ee0afec063d5a4a902c2d4f26bfd141fec9be96d2c56b01,7b770a644f0f40248053b5b9ac00a33af6972e3e58246d46d45193d141c37336,1024,724,12,historical_test_reused
google_P000_zFR8iP2e0kOeAM,google_P000_zFR8iP2e0kOeAM,,data/test/images/google_P000_zFR8iP2e0kOeAM_jpg.rf.40db3c791684bca5d3e6f08db2dbca27.jpg,legacy_test,40db3c791684bca5d3e6f08db2dbca27,353e7b258c49a58cf2a6135f485568e49324c83e88c096d30c47a8b4543a079f,492980c30e3e3b99312102d29cb6509aae9f18ec2b04293ee162391f9239e4f0,1000,1250,1,historical_test_reused
youtube_V0002_I0000680,youtube_V0002,,data/test/images/youtube_V0002_I0000680_jpg.rf.0a41163455434f8853a0db66d6610b0b.jpg,legacy_test,0a41163455434f8853a0db66d6610b0b,919c6769e28d1f9cc9a26a960a5b77dcb309fcb7d2b1bf2eedae7f422a2d937a,0c07f4bdc3159d57e05cb72b837520a740ccb222d2e1baba85c12c128a4a18ef,2048,1152,2,historical_test_reused
youtube_V0002_I0003160,youtube_V0002,,data/test/images/youtube_V0002_I0003160_jpg.rf.cec4f74c23fc266e72c2528b58156710.jpg,legacy_test,cec4f74c23fc266e72c2528b58156710,7cd5979fd41966a347aafa36ef7555e41d2450955e8d6067ec5292d67fcace4a,97efc14f2e8dd82df4ccf1b30811503fca32c0b832df9d99a3281d769fdcccd8,2048,1152,9,historical_test_reused
youtube_V0004_I0001960,youtube_V0004,,data/test/images/youtube_V0004_I0001960_jpg.rf.3ea2a798b4270ed13b6cbd1b44c07ccf.jpg,legacy_test,3ea2a798b4270ed13b6cbd1b44c07ccf,1601abb3364db41a39dcf1d3e1b8c6677fa2b9f24613aa1b5a38aa302085e611,2cee5c9a95e403b962a862b800ad6739402186e7f0b412d56f4c27169aa00da8,1920,1080,57,historical_test_reused
youtube_V0004_I0004560,youtube_V0004,,data/test/images/youtube_V0004_I0004560_jpg.rf.1096309b429828ae82ab4ba7c2b627d1.jpg,legacy_test,1096309b429828ae82ab4ba7c2b627d1,7a5d3fe3261b961cc99b0ffd7819e8ee685b2734be688ab33ed729a7c93ab2cd,5d9b35cdd4c7bc7698a419821476aa42b1ac71fd9d7123110710b6c1352af08c,1920,1080,32,historical_test_reused
youtube_V0004_I0004920,youtube_V0004,,data/test/images/youtube_V0004_I0004920_jpg.rf.14bfeba72d5d41eb9c3c6259dea21339.jpg,legacy_test,14bfeba72d5d41eb9c3c6259dea21339,3d844a1690190d9c46b86e7e182fd88cb3fbc80263e2c115d0885fb6a97f1f3e,90dd4ae83c21175f7641c3d21f72be574cd9ab79358155770298cbc84f0b07c4,1920,1080,85,historical_test_reused
youtube_V0007_I0001900,youtube_V0007,,data/test/images/youtube_V0007_I0001900_jpg.rf.959f44b7f40b3a78bcc3da6afe6e907a.jpg,legacy_test,959f44b7f40b3a78bcc3da6afe6e907a,88b81f47fa2ab7d58d2be33f7d5de41433632d803bd6bdaaecc228d59bd98c82,cc98a21c3e2d2ca08c6af444155202e8a3b9edc0fbdfe868f61eda009b083c24,2048,1152,160,historical_test_reused
