split,name,img_w,img_h,n_obj,has_label_file
train,baidu_P000_16_jpg.rf.418fd9bd50b4b5a84868989d766fa45b.jpg,1024,683,74,True
train,baidu_P000_16_jpg.rf.98d4a432bafca480cbc0c0d1b9ef7609.jpg,1024,683,72,True
train,baidu_P000_16_jpg.rf.c21018875e0b00fb62f4e55f0fae9c3d.jpg,1024,683,74,True
train,baidu_P000_4_jpg.rf.44a6a48253a3cc005093152b0e38ea2d.jpg,1200,900,121,True
train,baidu_P000_4_jpg.rf.726a781d6cddf2c5371a40286a6d954f.jpg,1200,900,117,True
train,baidu_P000_4_jpg.rf.f61e1aab497586b6922b791be881e338.jpg,1200,900,120,True
train,baidu_P000_timg-1-_jpg.rf.26574ceb3517f1dabd627abbe89ac8f5.jpg,1200,674,354,True
train,baidu_P000_timg-1-_jpg.rf.269ec7ea205c09ad4baafb979c2f2287.jpg,1200,674,356,True
train,baidu_P000_timg-1-_jpg.rf.bec7f5d0159a46481c8555cb0f204fa5.jpg,1200,674,356,True
train,baidu_P000_timg-25-_jpg.rf.0dbfbd1617e04a434696c86226a56233.jpg,1280,725,231,True
train,baidu_P000_timg-25-_jpg.rf.99d3e2c685427f8bc4482379cddc3c67.jpg,1280,725,239,True
train,baidu_P000_timg-25-_jpg.rf.bb126eec0ac7d588d37af2345c414df2.jpg,1280,725,239,True
train,bb_V0002_I0000000_jpg.rf.2efcd36ffa5fcee5f789a3019ce241b4.jpg,1920,1080,12,True
train,bb_V0002_I0000000_jpg.rf.aa1cce5472b5b48ae9b529585e7862e4.jpg,1920,1080,12,True
train,bb_V0002_I0000000_jpg.rf.fb013c2a2c914273148cdb5bccd3b234.jpg,1920,1080,12,True
train,bb_V0002_I0000240_jpg.rf.2f9a6b196edd17df5ce84824cf3da18a.jpg,1920,1080,9,True
train,bb_V0002_I0000240_jpg.rf.4852e07d18c4dac81d4ce7f0e51c77d2.jpg,1920,1080,8,True
train,bb_V0002_I0000240_jpg.rf.4e0f941d7dd93a62ebe91a31a641a9c2.jpg,1920,1080,9,True
train,bb_V0002_I0000400_jpg.rf.309da7df62a2bfcc7e908dcbd368150e.jpg,1920,1080,13,True
train,bb_V0002_I0000400_jpg.rf.600f9a90ed3ba6ac884c18fe2eda8be3.jpg,1920,1080,13,True
train,bb_V0002_I0000400_jpg.rf.72828af513409223da8a14d92b41fa76.jpg,1920,1080,13,True
train,bb_V0002_I0000520_jpg.rf.3d65728525e34ef38200656ff2152980.jpg,1920,1080,13,True
train,bb_V0002_I0000520_jpg.rf.7b040655138b57c25c9c42bf30701fcc.jpg,1920,1080,11,True
train,bb_V0002_I0000520_jpg.rf.b7a7a61fd91d38e6af62407ac0402145.jpg,1920,1080,13,True
train,bb_V0003_I0000520_jpg.rf.794588afe50b7c907429ba71a6dcee50.jpg,1920,1080,10,True
train,bb_V0003_I0000520_jpg.rf.bacebabd17c350a4e8093e90c0442168.jpg,1920,1080,9,True
train,bb_V0003_I0000520_jpg.rf.f918aa056981c018fa20025f2c94e7be.jpg,1920,1080,10,True
train,bb_V0003_I0001200_jpg.rf.4ea5b3b0eb2d5dd950244637b11cb625.jpg,1920,1080,5,True
train,bb_V0003_I0001200_jpg.rf.9fa0b3766563e920bdeff90ba8cfa7d6.jpg,1920,1080,5,True
train,bb_V0003_I0001200_jpg.rf.d78fc78c4cfd4902e12762c0e3db3346.jpg,1920,1080,5,True
train,bb_V0004_I0001080_jpg.rf.9b5415e4bc049d665ea778fceda3f76f.jpg,1920,1080,41,True
train,bb_V0004_I0001080_jpg.rf.b670bb4eef59346ee0096d0c0f841bee.jpg,1920,1080,41,True
train,bb_V0004_I0001080_jpg.rf.d7be0cb8002961121f0bcf67eb706f84.jpg,1920,1080,41,True
train,bb_V0004_I0001320_jpg.rf.2614268e4eda3d1a1b82419887b52a2a.jpg,1920,1080,38,True
train,bb_V0004_I0001320_jpg.rf.a7beb44d78f0063608996eb59e387988.jpg,1920,1080,38,True
train,bb_V0004_I0001320_jpg.rf.c25ce861dbcfc8890a278991df877a63.jpg,1920,1080,36,True
train,bb_V0004_I0001520_jpg.rf.090cc2f08d66d1c4a455ab4069ed4e8c.jpg,1920,1080,37,True
train,bb_V0004_I0001520_jpg.rf.3e3900d76831375baf89702aaaef69ec.jpg,1920,1080,37,True
train,bb_V0004_I0001520_jpg.rf.832e4bfd90b7b241a9284ac008942bfa.jpg,1920,1080,37,True
train,bb_V0004_I0001600_jpg.rf.6b37fb78bfc25fee242c42ca6d2ec6ff.jpg,1920,1080,14,True
train,bb_V0004_I0001600_jpg.rf.e37407abc5d5b18d0a1a19bda2250a76.jpg,1920,1080,14,True
train,bb_V0004_I0001600_jpg.rf.ed185601ba2e99cc09fe3ee6a4326977.jpg,1920,1080,14,True
train,bb_V0004_I0001720_jpg.rf.0adf3dc033f316b44b2bca327e126351.jpg,1920,1080,13,True
train,bb_V0004_I0001720_jpg.rf.7d3d0817152f92273b354d29fedc98ae.jpg,1920,1080,13,True
train,bb_V0004_I0001720_jpg.rf.8edc5b2f9ebd4adb1b5959febcaf31f3.jpg,1920,1080,13,True
train,bb_V0004_I0002600_jpg.rf.3e14dc823e0aee44518a345afcbcd06d.jpg,1920,1080,42,True
train,bb_V0004_I0002600_jpg.rf.503ec1b5a6e03b15636b3eb8ab505de7.jpg,1920,1080,42,True
train,bb_V0004_I0002600_jpg.rf.7ae26c09b9b59fb3ba967bf79057cc73.jpg,1920,1080,42,True
train,bb_V0004_I0002720_jpg.rf.101e2f8ece05f970cef3eb9a81307015.jpg,1920,1080,56,True
train,bb_V0004_I0002720_jpg.rf.d79d4ffbc46533dedb3196a7b53d7443.jpg,1920,1080,56,True
train,bb_V0004_I0002720_jpg.rf.ef2ac0783057fa7b24c298484b02e89c.jpg,1920,1080,56,True
train,bb_V0004_I0002840_jpg.rf.82605e2449d03fa9b7a8d131efc337f3.jpg,1920,1080,75,True
train,bb_V0004_I0002840_jpg.rf.d722bd6524e867cd3395f363a4295525.jpg,1920,1080,79,True
train,bb_V0004_I0002840_jpg.rf.ec3b65ec52ceef8c1588e9ec15dc481d.jpg,1920,1080,77,True
train,bb_V0004_I0002960_jpg.rf.128c3abfa19921f00666d0e6000a9a36.jpg,1920,1080,90,True
train,bb_V0004_I0002960_jpg.rf.16c69ea87239506fe38248f9fe773c26.jpg,1920,1080,90,True
train,bb_V0004_I0002960_jpg.rf.290e51b1dfe4d828f3c23658cb78b3fd.jpg,1920,1080,90,True
train,bb_V0005_I0000240_jpg.rf.8dc0e1c0fc6db95fe9d54055669dde52.jpg,1920,1080,5,True
train,bb_V0005_I0000240_jpg.rf.e01fc699dfc631ea0c19abe114975714.jpg,1920,1080,5,True
train,bb_V0005_I0000240_jpg.rf.f1b62df259fd53bd4fcbb098613abf7a.jpg,1920,1080,5,True
train,bb_V0005_I0000880_jpg.rf.04b407c23a0c13688b553ec9460183f0.jpg,1920,1080,48,True
train,bb_V0005_I0000880_jpg.rf.e1eb84e2f11916adadceba9499b0b688.jpg,1920,1080,51,True
train,bb_V0005_I0000880_jpg.rf.f0178460619d0564b4477537c56c5359.jpg,1920,1080,51,True
train,bb_V0005_I0002560_jpg.rf.6d72b659e26bb59f6d98aa3324f770ce.jpg,1920,1080,7,True
train,bb_V0005_I0002560_jpg.rf.72bd30359e3b718793b132b3d2248619.jpg,1920,1080,7,True
train,bb_V0005_I0002560_jpg.rf.92afdeeb024ed513b36d7eef85e41c7a.jpg,1920,1080,7,True
train,bb_V0005_I0002600_jpg.rf.55b9c745c41b65d82bd43d87dca98bfe.jpg,1920,1080,22,True
train,bb_V0005_I0002600_jpg.rf.a221dd308592743b01257ecbcbe2cef7.jpg,1920,1080,22,True
train,bb_V0005_I0002600_jpg.rf.aaf0e5260c70c322b44969f59cb82e7f.jpg,1920,1080,22,True
train,bb_V0005_I0002680_jpg.rf.1471436c163c5a69a642384591189d51.jpg,1920,1080,24,True
train,bb_V0005_I0002680_jpg.rf.b0bf85f81da8bd2084f6c750d4fbe055.jpg,1920,1080,24,True
train,bb_V0005_I0002680_jpg.rf.b24dfd15e5cf2ff359f48aa9fa44d844.jpg,1920,1080,24,True
train,bb_V0005_I0002720_jpg.rf.72b87a8d550ecb063e4d5e1c7a63c850.jpg,1920,1080,1,True
train,bb_V0005_I0002720_jpg.rf.bae1d8d62040259b7db661ab285858a7.jpg,1920,1080,1,True
train,bb_V0005_I0002720_jpg.rf.d126729a10ca86a5989c7ac2bb1bd43d.jpg,1920,1080,1,True
train,bb_V0005_I0002800_jpg.rf.1dbae3ba63ae2ac94ccbaa75ed9cd18d.jpg,1920,1080,33,True
train,bb_V0005_I0002800_jpg.rf.1f3479ca986fcd09d60068ee3b2b9f93.jpg,1920,1080,33,True
train,bb_V0005_I0002800_jpg.rf.9db9f314e2a4f0348d5edcdbe6e70c34.jpg,1920,1080,33,True
train,bb_V0005_I0002840_jpg.rf.05cca95967acd50ff27582c9a104bd4c.jpg,1920,1080,22,True
train,bb_V0005_I0002840_jpg.rf.ef9c28aa95a49108e1ed9fd8701c1b62.jpg,1920,1080,22,True
train,bb_V0005_I0002840_jpg.rf.f530383f1698e6a7d18247495e3be9b5.jpg,1920,1080,22,True
train,bb_V0005_I0003280_jpg.rf.1a7cf2c0f09c94a27598896d6bccac94.jpg,1920,1080,3,True
train,bb_V0005_I0003280_jpg.rf.2fe51964c92d0f929a8084a31638c1af.jpg,1920,1080,3,True
train,bb_V0005_I0003280_jpg.rf.765115074cd13f514754cda3a31e5be4.jpg,1920,1080,3,True
train,bb_V0005_I0003600_jpg.rf.60cc9fdfe6514a547919fa20e6857c9b.jpg,1920,1080,26,True
train,bb_V0005_I0003600_jpg.rf.7532d7b472c05e6787355c411c850176.jpg,1920,1080,26,True
train,bb_V0005_I0003600_jpg.rf.f36886ff4fba831f46b4efdadd3ed2ac.jpg,1920,1080,26,True
train,bb_V0005_I0003640_jpg.rf.95aaf0c8dc3e08800733a6ab594ff94b.jpg,1920,1080,15,True
train,bb_V0005_I0003640_jpg.rf.e78382357f862747495dabae921db9fb.jpg,1920,1080,15,True
train,bb_V0005_I0003640_jpg.rf.f734b63562bbe6b980aa549e202bb0c3.jpg,1920,1080,15,True
train,bb_V0005_I0003760_jpg.rf.334576ef788dd29d0d19e7c25c97cf77.jpg,1920,1080,20,True
train,bb_V0005_I0003760_jpg.rf.b9e276ae534baf3bf2cb10be14daaf2e.jpg,1920,1080,20,True
train,bb_V0005_I0003760_jpg.rf.ddd5b201327fa98e0ea2383726e131b4.jpg,1920,1080,20,True
train,bb_V0005_I0003800_jpg.rf.4b58fc43b1ece474595e5526dd557af2.jpg,1920,1080,22,True
train,bb_V0005_I0003800_jpg.rf.76c343590ef531d0a5848ef1e6ac008c.jpg,1920,1080,22,True
train,bb_V0005_I0003800_jpg.rf.fde12181dc438948c83df142b70a01b9.jpg,1920,1080,22,True
train,bb_V0005_I0003960_jpg.rf.056c495d4a8f37e946fe9ae0ff2e4cbd.jpg,1920,1080,43,True
train,bb_V0005_I0003960_jpg.rf.29790f5587a015f26a0c25f9ff463b59.jpg,1920,1080,43,True
train,bb_V0005_I0003960_jpg.rf.62e5858f1d3b50bab113dd8320d4b423.jpg,1920,1080,43,True
train,bb_V0005_I0004040_jpg.rf.28341f263f1dedf284b25a6508152e19.jpg,1920,1080,31,True
train,bb_V0005_I0004040_jpg.rf.618311524151afb838282bbb9fdbeb13.jpg,1920,1080,31,True
train,bb_V0005_I0004040_jpg.rf.de0a36aefeea790a0c0bb6d1ad00efb4.jpg,1920,1080,31,True
train,bb_V0005_I0004560_jpg.rf.0f978bcae59d10ca5d2ed3430a222396.jpg,1920,1080,7,True
train,bb_V0005_I0004560_jpg.rf.9d93c32f392ae3aeb07e33b1d79613db.jpg,1920,1080,7,True
train,bb_V0005_I0004560_jpg.rf.b61091a4fe3fca798c47cc4f9625de5a.jpg,1920,1080,7,True
train,bb_V0005_I0004640_jpg.rf.4936bc5af618266ce6983192a8abd4f9.jpg,1920,1080,7,True
train,bb_V0005_I0004640_jpg.rf.5569d8637f789f2abd06038e64726694.jpg,1920,1080,7,True
train,bb_V0005_I0004640_jpg.rf.d2a414450eab868cf7761d8e115834f1.jpg,1920,1080,7,True
train,bb_V0005_I0004720_jpg.rf.5965f32c5250a289d331e88581c17ab2.jpg,1920,1080,26,True
train,bb_V0005_I0004720_jpg.rf.9bc69893a9999014ce5df78dd60de60a.jpg,1920,1080,26,True
train,bb_V0005_I0004720_jpg.rf.a55d67cd9dfbda28f74128c9a1eea7e5.jpg,1920,1080,26,True
train,bb_V0005_I0005040_jpg.rf.5f0f8d86dd7d1be2067273101df91c0b.jpg,1920,1080,8,True
train,bb_V0005_I0005040_jpg.rf.96e2e63566e39a9eef5f5a955d9a1eec.jpg,1920,1080,8,True
train,bb_V0005_I0005040_jpg.rf.b18b16fcfb62f0e6a457fa1967dd573e.jpg,1920,1080,8,True
train,bb_V0005_I0005080_jpg.rf.28ed13dc8c37fd698590be9b462919bb.jpg,1920,1080,1,True
train,bb_V0005_I0005080_jpg.rf.2d52b83f77f0ac7dc70d5ecb6af038ae.jpg,1920,1080,1,True
train,bb_V0005_I0005080_jpg.rf.e12abfd4bf2c253dd3e0a0ab98f316b7.jpg,1920,1080,1,True
train,bb_V0005_I0005120_jpg.rf.1147313b70b1e2d537ff0f8a586defa0.jpg,1920,1080,1,True
train,bb_V0005_I0005120_jpg.rf.dc15ef56785d7b896b74db3934a18ec7.jpg,1920,1080,1,True
train,bb_V0005_I0005120_jpg.rf.ea57d99327160d24e4e1a037c54f76a0.jpg,1920,1080,1,True
train,bb_V0005_I0006360_jpg.rf.37cc9a4a21be0adf533c52100787760c.jpg,1920,1080,29,True
train,bb_V0005_I0006360_jpg.rf.44c16307d57cd0583f33cfd313689a37.jpg,1920,1080,29,True
train,bb_V0005_I0006360_jpg.rf.a5086ac6c66cb2d0a8366e8c9b2b332e.jpg,1920,1080,29,True
train,bb_V0005_I0006480_jpg.rf.200dcfd5e8bd1c34eb8d696d80b22834.jpg,1920,1080,26,True
train,bb_V0005_I0006480_jpg.rf.4751c98b8653542d7db696b7c954b0f1.jpg,1920,1080,26,True
train,bb_V0005_I0006480_jpg.rf.975ae37d1ad38e0a7833f61b37481dd8.jpg,1920,1080,25,True
train,bb_V0005_I0006520_jpg.rf.0631f54e0796e73b1d99c869603508e9.jpg,1920,1080,29,True
train,bb_V0005_I0006520_jpg.rf.4198276c2d86b560a4fa184cccdf5e32.jpg,1920,1080,29,True
train,bb_V0005_I0006520_jpg.rf.e0c75ae6a81c58443718ef544bac0702.jpg,1920,1080,29,True
train,bb_V0005_I0006560_jpg.rf.c6933bc67488292fc516d0d06bb1a8c2.jpg,1920,1080,22,True
train,bb_V0005_I0006560_jpg.rf.d9bd130fd8917f14118ce1ac71268630.jpg,1920,1080,26,True
train,bb_V0005_I0006560_jpg.rf.dccdd88ebc3cc06401882d63ea70454a.jpg,1920,1080,26,True
train,bb_V0005_I0006640_jpg.rf.9ec7a9d2030e4146b5772fa1754943ec.jpg,1920,1080,17,True
train,bb_V0005_I0006640_jpg.rf.d3fe09c20f8dd56a59f59509ee9ec2a7.jpg,1920,1080,17,True
train,bb_V0005_I0006640_jpg.rf.e77dfd7abadf61e910bfece93d4113f0.jpg,1920,1080,17,True
train,bb_V0005_I0006680_jpg.rf.421f7799771599902266c2c508f27b6c.jpg,1920,1080,21,True
train,bb_V0005_I0006680_jpg.rf.750280408b209d6b631276f043904889.jpg,1920,1080,21,True
train,bb_V0005_I0006680_jpg.rf.bcf6e77dab7201a163122f0e2ca32bc0.jpg,1920,1080,21,True
train,bb_V0005_I0006720_jpg.rf.04a4a13bbcb77f10540116b2a2bf6505.jpg,1920,1080,33,True
train,bb_V0005_I0006720_jpg.rf.1c403aa99e9b6329dd4f210517e185b9.jpg,1920,1080,33,True
train,bb_V0005_I0006720_jpg.rf.28516d6ea04341ab0469fdbe80574016.jpg,1920,1080,33,True
train,bb_V0008_I0000840_jpg.rf.bf270059b4f007f11ecea392f19dc8ba.jpg,1920,1080,1,True
train,bb_V0008_I0000840_jpg.rf.c3a23d5e4068794b0fa263ece26e4c54.jpg,1920,1080,1,True
train,bb_V0008_I0000840_jpg.rf.df5b22eb9fb62b744be93e58a067493e.jpg,1920,1080,1,True
train,bb_V0008_I0001920_jpg.rf.0954c78e3768aa4d2e1859325585d77d.jpg,1920,1080,1,True
train,bb_V0008_I0001920_jpg.rf.33ca20e318aafe3224b9417162f3610c.jpg,1920,1080,1,True
train,bb_V0008_I0001920_jpg.rf.ceefa442f699c9f7a40690f4ba6fd071.jpg,1920,1080,1,True
train,bb_V0008_I0002040_jpg.rf.68c715b18fba550c7a3939c596a81416.jpg,1920,1080,1,True
train,bb_V0008_I0002040_jpg.rf.97b022aa52e6859a28db9c0d6319649e.jpg,1920,1080,1,True
train,bb_V0008_I0002040_jpg.rf.fb07945e7aa208d404528de6a54252c7.jpg,1920,1080,1,True
train,bb_V0008_I0002840_jpg.rf.7755162648565a9b497551386bd669d0.jpg,1920,1080,1,True
train,bb_V0008_I0002840_jpg.rf.91e4de86a5b91f5e1cd4528a85c76867.jpg,1920,1080,1,True
train,bb_V0008_I0002840_jpg.rf.eddca59370f4cf3fe97adf556e23b0e3.jpg,1920,1080,1,True
train,bb_V0008_I0003440_jpg.rf.2f8e60b6cf9bfe1c7f7e3c23a9d06b2d.jpg,1920,1080,1,True
train,bb_V0008_I0003440_jpg.rf.5c5adb299c0b1a5b86e80b255ba5eadf.jpg,1920,1080,1,True
train,bb_V0008_I0003440_jpg.rf.f7eee2e5845d4ebec3e6ff229a30d572.jpg,1920,1080,1,True
train,bb_V0008_I0003560_jpg.rf.1b88e7e1ef0e2b9bd3c41861935c9f9d.jpg,1920,1080,2,True
train,bb_V0008_I0003560_jpg.rf.45023266dc9f1e54bfc6549655aadc63.jpg,1920,1080,2,True
train,bb_V0008_I0003560_jpg.rf.dc2ff48eb27f7429c2cf85b633808f40.jpg,1920,1080,2,True
train,bb_V0008_I0003640_jpg.rf.aa91abd9e6e7d63c7c3db72c5b512859.jpg,1920,1080,1,True
train,bb_V0008_I0003640_jpg.rf.d29e0264f12969eebd96c924759c02b3.jpg,1920,1080,1,True
train,bb_V0008_I0003640_jpg.rf.f6a8a8fc7faaa4958674ae28a489e23f.jpg,1920,1080,1,True
train,bb_V0008_I0003680_jpg.rf.80fbe12bddda30bc58ddbe8581910909.jpg,1920,1080,3,True
train,bb_V0008_I0003680_jpg.rf.9f2db4900e40d76d3eaddd47d23c771c.jpg,1920,1080,3,True
train,bb_V0008_I0003680_jpg.rf.db7c35e59736c405b95eccb0521db062.jpg,1920,1080,3,True
train,bb_V0008_I0004000_jpg.rf.107c13690b697e1c96c4ec9cf45a0bb0.jpg,1920,1080,1,True
train,bb_V0008_I0004000_jpg.rf.4edbf4cccbf9918358c17e8a5a23204b.jpg,1920,1080,1,True
train,bb_V0008_I0004000_jpg.rf.f4afff005366e52c6eaa67d1d7e7b859.jpg,1920,1080,1,True
train,bb_V0008_I0004440_jpg.rf.3992771f81b6a60909114e1e5e1d1369.jpg,1920,1080,1,True
train,bb_V0008_I0004440_jpg.rf.d4f9caa5104a0d0de5af89708585eeeb.jpg,1920,1080,1,True
train,bb_V0008_I0004440_jpg.rf.f7d3ffc429f8329382943413acc4fb52.jpg,1920,1080,1,True
train,bb_V0008_I0004640_jpg.rf.bc9657805b327b996fd0c87e319e8e8c.jpg,1920,1080,1,True
train,bb_V0008_I0004640_jpg.rf.e8958a5f9cbd01c3e1a82da47d385cc0.jpg,1920,1080,1,True
train,bb_V0008_I0004640_jpg.rf.f82e0b23887ddf848a31527a09ad9b4b.jpg,1920,1080,1,True
train,bb_V0008_I0004800_jpg.rf.92b032d798df30df3282826dc9dad705.jpg,1920,1080,1,True
train,bb_V0008_I0004800_jpg.rf.bb1c13934861c46b912606900f770cb6.jpg,1920,1080,1,True
train,bb_V0008_I0004800_jpg.rf.f6d1b992ec186bd19b33bcae46669b95.jpg,1920,1080,1,True
train,bb_V0008_I0004840_jpg.rf.275e3b36f33a19319b323a2d3c330a8f.jpg,1920,1080,1,True
train,bb_V0008_I0004840_jpg.rf.3abb4ebbe65efc591fef7d6f61946893.jpg,1920,1080,1,True
train,bb_V0008_I0004840_jpg.rf.a24eaef1ec0d5da9a5fb1ea83b3ad785.jpg,1920,1080,1,True
train,bb_V0008_I0005320_jpg.rf.27d38276b205e3d7dc2b997a1cf89c6a.jpg,1920,1080,1,True
train,bb_V0008_I0005320_jpg.rf.a6d49fd7edccbb91dd3fdfb71e60da63.jpg,1920,1080,1,True
train,bb_V0008_I0005320_jpg.rf.b9358156729ab191c8a3dc4b707f76f7.jpg,1920,1080,1,True
train,bb_V0008_I0005440_jpg.rf.1beb824d085ba2b7a952738c10305ba8.jpg,1920,1080,1,True
train,bb_V0008_I0005440_jpg.rf.3f089b7db747f8813af95c530c146afe.jpg,1920,1080,1,True
train,bb_V0008_I0005440_jpg.rf.816c90a24f6c5d0ce946bac2d70b5d53.jpg,1920,1080,1,True
train,bb_V0008_I0005560_jpg.rf.1f512dd03c17d8da81cd813a59e3c7db.jpg,1920,1080,1,True
train,bb_V0008_I0005560_jpg.rf.21d0f1057050b59b0830f2e4dc134b5c.jpg,1920,1080,1,True
train,bb_V0008_I0005560_jpg.rf.83f6a7145fea01038f211eb91827a3e0.jpg,1920,1080,1,True
train,bb_V0008_I0005960_jpg.rf.0855ff29a5bf8456c5d272dc3708c6e8.jpg,1920,1080,1,True
train,bb_V0008_I0005960_jpg.rf.5a3c287c0b010d325ead1a7ced682157.jpg,1920,1080,1,True
train,bb_V0008_I0005960_jpg.rf.70124b948f07e7fc86e1dd0cc011827d.jpg,1920,1080,1,True
train,bb_V0010_I0000040_jpg.rf.4f0a81f84e18a60ad31e44eab1a695c4.jpg,1280,720,7,True
train,bb_V0010_I0000040_jpg.rf.9f615baec8724e9ef85c8867b4768296.jpg,1280,720,7,True
train,bb_V0010_I0000040_jpg.rf.d4ddf60d70deb29c7e8d5cda9fb8bbae.jpg,1280,720,7,True
train,bb_V0010_I0000360_jpg.rf.1e5986ef55a8b77ab2241e2175273204.jpg,1280,720,3,True
train,bb_V0010_I0000360_jpg.rf.8582302a439efe1a2a39bb266891b32a.jpg,1280,720,3,True
train,bb_V0010_I0000360_jpg.rf.b30a89ceaf91c6c92329bf94a9256d44.jpg,1280,720,3,True
train,bb_V0010_I0000400_jpg.rf.4354df2cff9b46e0f734bff785dc9500.jpg,1280,720,2,True
train,bb_V0010_I0000400_jpg.rf.a553be4af8c01d77bdf1915712e43606.jpg,1280,720,2,True
train,bb_V0010_I0000400_jpg.rf.da8af7820c02e45ccfb9152eacee0bd2.jpg,1280,720,2,True
train,bb_V0010_I0000480_jpg.rf.08980261c8d9d2c6f02f41fed8b4dbf6.jpg,1280,720,11,True
train,bb_V0010_I0000480_jpg.rf.7fd6f7377e7ed9b9ba36f141103e600a.jpg,1280,720,12,True
train,bb_V0010_I0000480_jpg.rf.d4bf47aa91b10b28ec96c6dadd27c558.jpg,1280,720,12,True
train,bb_V0010_I0000520_jpg.rf.0b6cf8b8f8ecea70f70d03f70c5eeb3e.jpg,1280,720,9,True
train,bb_V0010_I0000520_jpg.rf.50363351a8b84fef2dee77fcba09c282.jpg,1280,720,8,True
train,bb_V0010_I0000520_jpg.rf.c3a0c02dc192dbe147e5153b27ce0040.jpg,1280,720,9,True
train,bb_V0010_I0000720_jpg.rf.298cb005e9202d4f5d65dee4266235c3.jpg,1280,720,1,True
train,bb_V0010_I0000720_jpg.rf.74647b6dfb4fa126dde1afa95c3ceacd.jpg,1280,720,1,True
train,bb_V0010_I0000720_jpg.rf.c92de6f03d815604e812b94b2289c51d.jpg,1280,720,1,True
train,bb_V0010_I0001480_jpg.rf.127794be83817769e00e0d6c806b6152.jpg,1280,720,4,True
train,bb_V0010_I0001480_jpg.rf.6e811dfe4be0c061129b238adcad870d.jpg,1280,720,4,True
train,bb_V0010_I0001480_jpg.rf.bb64ab048848008023a7194b982d9672.jpg,1280,720,4,True
train,bb_V0010_I0001680_jpg.rf.16f89cd3761dc78a33418795fe3fbd1e.jpg,1280,720,11,True
train,bb_V0010_I0001680_jpg.rf.1bc33a4eeac00b9ff04b3879148a33a7.jpg,1280,720,11,True
train,bb_V0010_I0001680_jpg.rf.a591834483d1b298a88d4b2c091272ca.jpg,1280,720,11,True
train,bb_V0010_I0002160_jpg.rf.0b8bc1be790d01bf67d290b9af515cff.jpg,1280,720,5,True
train,bb_V0010_I0002160_jpg.rf.16574c69dfda1b94489fed15fc2c0762.jpg,1280,720,5,True
train,bb_V0010_I0002160_jpg.rf.3d12af16a6c3cc8138ff080f3820c803.jpg,1280,720,5,True
train,bb_V0010_I0002360_jpg.rf.191445dc341a931bf0bf4eb4000a7ed0.jpg,1280,720,29,True
train,bb_V0010_I0002360_jpg.rf.9ee15a6e194ae1216e29977768eac608.jpg,1280,720,29,True
train,bb_V0010_I0002360_jpg.rf.d041565d4fdfb7b288d065bb968029ee.jpg,1280,720,29,True
train,bb_V0010_I0003360_jpg.rf.32756edb75ace35858db26c97053b715.jpg,1280,720,46,True
train,bb_V0010_I0003360_jpg.rf.553cf6f29825f22309006a8f9f0bbd26.jpg,1280,720,50,True
train,bb_V0010_I0003360_jpg.rf.cb9b54676f3427c1a57d70196b8ae9b8.jpg,1280,720,50,True
train,bb_V0014_I0000000_jpg.rf.207487319f0f6b7df9cb67e532d70982.jpg,1920,1080,15,True
train,bb_V0014_I0000000_jpg.rf.675bcf7ddb24e8c6052b5fb34abff36d.jpg,1920,1080,15,True
train,bb_V0014_I0000000_jpg.rf.952f8db4168f5772b2acb3997c12845a.jpg,1920,1080,15,True
train,bb_V0014_I0000120_jpg.rf.0e3525081224b250e42b0bec49dc2034.jpg,1920,1080,14,True
train,bb_V0014_I0000120_jpg.rf.8a8b3b2180b475d64a596cc00d673ff9.jpg,1920,1080,12,True
train,bb_V0014_I0000120_jpg.rf.c808d55a503b8c46291ff9d1d970aa50.jpg,1920,1080,12,True
train,bb_V0014_I0000240_jpg.rf.40a93afb406ae8d0001b0cb4589131f9.jpg,1920,1080,16,True
train,bb_V0014_I0000240_jpg.rf.432cc7a63fb00a7fe4e42d2c8f572532.jpg,1920,1080,17,True
train,bb_V0014_I0000240_jpg.rf.d7a5a3cf22817d25b34087fe2a56962d.jpg,1920,1080,17,True
train,bb_V0014_I0000480_jpg.rf.61c6b203381dc5964c566fcf35c02eca.jpg,1920,1080,27,True
train,bb_V0014_I0000480_jpg.rf.ae1c4a4e96d588ef97cded8222d8cc72.jpg,1920,1080,25,True
train,bb_V0014_I0000480_jpg.rf.b704394229c3858a8b50bd6db6e27959.jpg,1920,1080,27,True
train,bb_V0014_I0000600_jpg.rf.29c9373c6e58290bd4392c8a9b2c8d85.jpg,1920,1080,21,True
train,bb_V0014_I0000600_jpg.rf.3558702bc726c9e5aec993ab8976e915.jpg,1920,1080,18,True
train,bb_V0014_I0000600_jpg.rf.7beec0810043245a5e0382dde6ced91d.jpg,1920,1080,19,True
train,bb_V0014_I0000720_jpg.rf.3fd5bf5081106ce6b22e7d9db6de1b1e.jpg,1920,1080,17,True
train,bb_V0014_I0000720_jpg.rf.4bbde91a8cd47b0a63a012e59321b0fc.jpg,1920,1080,19,True
train,bb_V0014_I0000720_jpg.rf.cd6502b7a132abf8bb6888d6bbe5b85e.jpg,1920,1080,19,True
train,bb_V0014_I0001320_jpg.rf.1f923a659ed4772fc637f575606c4d1b.jpg,1920,1080,10,True
train,bb_V0014_I0001320_jpg.rf.2c9a2d8aeb27234645aca312368870b8.jpg,1920,1080,8,True
train,bb_V0014_I0001320_jpg.rf.308ebef36520c22a96f94c7a80d7b6cb.jpg,1920,1080,10,True
train,bb_V0014_I0001720_jpg.rf.281a871a7cd3cf634c8c4abf57850acb.jpg,1920,1080,65,True
train,bb_V0014_I0001720_jpg.rf.5af03adb6ba3a42b5f69aad6942d3ec8.jpg,1920,1080,62,True
train,bb_V0014_I0001720_jpg.rf.5b0856921382bf4c8093ea1b15ff6a14.jpg,1920,1080,63,True
train,bb_V0014_I0001840_jpg.rf.c334b5249d35f251b8097423eec2e45a.jpg,1920,1080,91,True
train,bb_V0014_I0001840_jpg.rf.e16389fd52d3854ee991ba1a3182e6b9.jpg,1920,1080,86,True
train,bb_V0014_I0001840_jpg.rf.e8194900a6270aca20a1bb3f8109e71d.jpg,1920,1080,86,True
train,bb_V0014_I0001960_jpg.rf.32ed009c6b7a75b991db2dcb9e10ddfe.jpg,1920,1080,91,True
train,bb_V0014_I0001960_jpg.rf.6e617269eda21977aa717f9f664630a2.jpg,1920,1080,90,True
train,bb_V0014_I0001960_jpg.rf.b57233c4a1430e6f50c47ed4f17ef1c3.jpg,1920,1080,89,True
train,bb_V0014_I0002160_jpg.rf.13f5c234248ff7bd41ae9461d135cc4a.jpg,1920,1080,64,True
train,bb_V0014_I0002160_jpg.rf.37cb40789308b6d8ade8d7c08f503b5d.jpg,1920,1080,57,True
train,bb_V0014_I0002160_jpg.rf.50fbd3c5c628b76f09e50cd6335d6278.jpg,1920,1080,64,True
train,bb_V0014_I0002240_jpg.rf.0d78956739dbfb15be98a649345116a0.jpg,1920,1080,23,True
train,bb_V0014_I0002240_jpg.rf.56f83aff911517ce944eee0e09a7c38b.jpg,1920,1080,23,True
train,bb_V0014_I0002240_jpg.rf.851bd22e3975d4a5737df1bca9a474e9.jpg,1920,1080,23,True
train,bb_V0014_I0002480_jpg.rf.35aca6bc5f2385b3e54054e144d5d93a.jpg,1920,1080,123,True
train,bb_V0014_I0002480_jpg.rf.51e30ac1d05f945b781ef9658f68b122.jpg,1920,1080,124,True
train,bb_V0014_I0002480_jpg.rf.7bc1f4f3a46db6ab4360ec631a5b940a.jpg,1920,1080,125,True
train,bb_V0014_I0002600_jpg.rf.317bdba2321ea7ea0922058b9fbfa03a.jpg,1920,1080,84,True
train,bb_V0014_I0002600_jpg.rf.9d042a556b07252636f29d4f8a99e10f.jpg,1920,1080,84,True
train,bb_V0014_I0002600_jpg.rf.a44438c9de5ad6c60abcfb48d690d6b3.jpg,1920,1080,84,True
train,bb_V0014_I0003160_jpg.rf.327348511bebbed18b356e35ee8c9433.jpg,1920,1080,3,True
train,bb_V0014_I0003160_jpg.rf.42facd05a475dd05ca960fe480d91dc9.jpg,1920,1080,3,True
train,bb_V0014_I0003160_jpg.rf.cabee8d2dd55fd950b78d7440dd191e5.jpg,1920,1080,3,True
train,bb_V0014_I0003560_jpg.rf.0dc3fe85d9f36947f9983321c76c96f6.jpg,1920,1080,5,True
train,bb_V0014_I0003560_jpg.rf.8cf010125e59c3050d0dd5692ec500cf.jpg,1920,1080,5,True
train,bb_V0014_I0003560_jpg.rf.e0bc98350afc5a3cc58bc9abe79b1b95.jpg,1920,1080,5,True
train,bb_V0014_I0003680_jpg.rf.357fdd1c1f1460b9f54d935e25a4b181.jpg,1920,1080,4,True
train,bb_V0014_I0003680_jpg.rf.51dbb2d07be4bd7a117edc0fa0da6622.jpg,1920,1080,4,True
train,bb_V0014_I0003680_jpg.rf.926549ab2b80c22b5a259e4f4c5e56d8.jpg,1920,1080,4,True
train,bb_V0014_I0004280_jpg.rf.8805f425f89819c10a12e7237848f37a.jpg,1920,1080,4,True
train,bb_V0014_I0004280_jpg.rf.a43b57284d10a4ace2feb14f62ce7177.jpg,1920,1080,3,True
train,bb_V0014_I0004280_jpg.rf.c27166d26396facd09f791adfeeba250.jpg,1920,1080,3,True
train,bb_V0014_I0005160_jpg.rf.31a5cdb9734c7c5d8cb77f3da2976369.jpg,1920,1080,26,True
train,bb_V0014_I0005160_jpg.rf.65cd2250c83663d4c7fe1e757dece1df.jpg,1920,1080,26,True
train,bb_V0014_I0005160_jpg.rf.6b9c14e0e6fd7e15d3e14acdf8f5b907.jpg,1920,1080,26,True
train,bb_V0014_I0005520_jpg.rf.4112a62f9cb78cef0f1b5cce06d0aa98.jpg,1920,1080,30,True
train,bb_V0014_I0005520_jpg.rf.6a81058d0679d71c37ffd6220c7a4d1c.jpg,1920,1080,30,True
train,bb_V0014_I0005520_jpg.rf.83c3ec0043241163ac290eb57fac7d62.jpg,1920,1080,30,True
train,bb_V0014_I0005640_jpg.rf.20a49ac3d4972a72047537d4d8079c8a.jpg,1920,1080,28,True
train,bb_V0014_I0005640_jpg.rf.bb375c504bb3c28effdc258041b95ca0.jpg,1920,1080,28,True
train,bb_V0014_I0005640_jpg.rf.efa1ab70e89c57c3dea40cbd5a140ce3.jpg,1920,1080,28,True
train,bb_V0016_I0000760_jpg.rf.32a7cdf2051c09d7e592b086419ca98e.jpg,1920,1080,4,True
train,bb_V0016_I0000760_jpg.rf.8a26d14a110dce072cb8961f4a896f54.jpg,1920,1080,4,True
train,bb_V0016_I0000760_jpg.rf.d91fa66c76acd26a4d47c37c88882905.jpg,1920,1080,4,True
train,bb_V0016_I0000920_jpg.rf.0590d0a0f574be8ca67901bc5088cbcb.jpg,1920,1080,2,True
train,bb_V0016_I0000920_jpg.rf.8e12bb9152fae5a760e4571d7efa74e5.jpg,1920,1080,2,True
train,bb_V0016_I0000920_jpg.rf.f27045715f19e0ed9eab9486b0528cf4.jpg,1920,1080,2,True
train,bb_V0016_I0001280_jpg.rf.26d3e9b44890984cdebb35da584882c6.jpg,1920,1080,4,True
train,bb_V0016_I0001280_jpg.rf.ce550d3f8b07d7bb3b3ac28c606f8aa1.jpg,1920,1080,4,True
train,bb_V0016_I0001280_jpg.rf.d23e0b72a7d62e0a3ad37e0184c52855.jpg,1920,1080,4,True
train,bb_V0016_I0001440_jpg.rf.2b7b9883241f28ce6d4ab4c938db9462.jpg,1920,1080,4,True
train,bb_V0016_I0001440_jpg.rf.53d1c931f62f6c11e2eeffb6269bae7b.jpg,1920,1080,4,True
train,bb_V0016_I0001440_jpg.rf.e2622183223cbc1c8f53f4b19b8194ff.jpg,1920,1080,4,True
train,bb_V0016_I0001600_jpg.rf.218c40a07ab700bad74cec7914a05c27.jpg,1920,1080,4,True
train,bb_V0016_I0001600_jpg.rf.891cb8dfa9e5c1e0d5cc8ac9dcf40735.jpg,1920,1080,4,True
train,bb_V0016_I0001600_jpg.rf.bb00fecc48c8456386ffae83a36821d9.jpg,1920,1080,4,True
train,bb_V0016_I0001760_jpg.rf.5c9c18d33fc34a946183af62a6b75016.jpg,1920,1080,4,True
train,bb_V0016_I0001760_jpg.rf.cb591f23e0c5c772da63522d2e565a7e.jpg,1920,1080,4,True
train,bb_V0016_I0001760_jpg.rf.fab10371431955c30386bb6a92ec4268.jpg,1920,1080,4,True
train,bb_V0016_I0001800_jpg.rf.c83f4c32562e94b4c2926ec3f65bbebc.jpg,1920,1080,1,True
train,bb_V0016_I0001800_jpg.rf.d99ae2ca2aff8a929c03fc1b6f51ab4e.jpg,1920,1080,1,True
train,bb_V0016_I0001800_jpg.rf.f38357f516bb6f39c085e49189c2158e.jpg,1920,1080,1,True
train,bb_V0016_I0002720_jpg.rf.376838333e0a877335941c4726933e81.jpg,1920,1080,8,True
train,bb_V0016_I0002720_jpg.rf.433907d17996fe613546c4dfc7c3d6da.jpg,1920,1080,8,True
train,bb_V0016_I0002720_jpg.rf.f768f9f2017b013e28a846328f28b901.jpg,1920,1080,8,True
train,bb_V0016_I0002760_jpg.rf.0f51f3423832dafd60bf900643adc695.jpg,1920,1080,31,True
train,bb_V0016_I0002760_jpg.rf.6422cd8af95d5b0fa9d94aaf516eab44.jpg,1920,1080,32,True
train,bb_V0016_I0002760_jpg.rf.7516d5af29b4db63906b7f8a6450ec95.jpg,1920,1080,32,True
train,bb_V0016_I0003120_jpg.rf.0059ee993b92f434e6175ed7648936b5.jpg,1920,1080,10,True
train,bb_V0016_I0003120_jpg.rf.7184977479e29ea70d2ce615fd8ed11e.jpg,1920,1080,15,True
train,bb_V0016_I0003120_jpg.rf.fe0b0d4397a58acf58685cb4be09f350.jpg,1920,1080,13,True
train,bb_V0016_I0003240_jpg.rf.a19053cd2ce67574f6744ff1477a8df2.jpg,1920,1080,2,True
train,bb_V0016_I0003240_jpg.rf.c78ab4677860cc583d8500af2147ed3f.jpg,1920,1080,2,True
train,bb_V0016_I0003240_jpg.rf.f29a28ed260b33463065fbccfbeb8e0e.jpg,1920,1080,2,True
train,bb_V0016_I0003720_jpg.rf.3c5ce92422f2d087c053638c3c783609.jpg,1920,1080,14,True
train,bb_V0016_I0003720_jpg.rf.71d10e248d5e9d9ffe3b77e7d116868f.jpg,1920,1080,14,True
train,bb_V0016_I0003720_jpg.rf.78d5b87738b1d34af19de5bb07039ebe.jpg,1920,1080,14,True
train,bb_V0016_I0004280_jpg.rf.88fe31cd7eb1ec44cc46adee75a94186.jpg,1920,1080,4,True
train,bb_V0016_I0004280_jpg.rf.cb7677924b83f21235b63392315c7cf9.jpg,1920,1080,4,True
train,bb_V0016_I0004280_jpg.rf.ef529b75ec6a2c2d8c28cef9468876ca.jpg,1920,1080,3,True
train,bb_V0016_I0005000_jpg.rf.6d733fd0f1692d6645d031a6732ace60.jpg,1920,1080,3,True
train,bb_V0016_I0005000_jpg.rf.e28811798aa9d651f57f28f5cc6f183d.jpg,1920,1080,3,True
train,bb_V0016_I0005000_jpg.rf.fc3be0f19a66b51af1de0f1844012102.jpg,1920,1080,3,True
train,bb_V0016_I0005480_jpg.rf.8d87939b3d90cb2519812b7e3e871e51.jpg,1920,1080,3,True
train,bb_V0016_I0005480_jpg.rf.c20b378dcada27f6520867b6a7687b4f.jpg,1920,1080,3,True
train,bb_V0016_I0005480_jpg.rf.f1e84ffd662b417933ba2308ccb74f5c.jpg,1920,1080,3,True
train,bb_V0016_I0005640_jpg.rf.9b82fa980b91cedb154a856605c62278.jpg,1920,1080,7,True
train,bb_V0016_I0005640_jpg.rf.d3485fe6452fe69ccc43a64bc53db1e0.jpg,1920,1080,7,True
train,bb_V0016_I0005640_jpg.rf.f1fa58c2c627c397e690da7b482e8f93.jpg,1920,1080,7,True
train,bb_V0016_I0006120_jpg.rf.a4f45c96e005e63a634cb4c2d49d6caa.jpg,1920,1080,5,True
train,bb_V0016_I0006120_jpg.rf.bf75af3942960aa62ff428d1b997a934.jpg,1920,1080,5,True
train,bb_V0016_I0006120_jpg.rf.f5cb7ab738318815fc8c7684ecc3a158.jpg,1920,1080,5,True
train,bb_V0018_I0000000_jpg.rf.2a09b1760cebaa9adeb43b132608e8c9.jpg,1920,1080,165,True
train,bb_V0018_I0000000_jpg.rf.db61ab10ad1eb25e6726b1f4ccb766de.jpg,1920,1080,160,True
train,bb_V0018_I0000000_jpg.rf.fe85e62180bfac606985468bf8a932c6.jpg,1920,1080,171,True
train,bb_V0018_I0000680_jpg.rf.5aa71dd8f55b1d186b5e6a071c7c9096.jpg,1920,1080,93,True
train,bb_V0018_I0000680_jpg.rf.92353e0c1c230eecddaf616ec666eaae.jpg,1920,1080,95,True
train,bb_V0018_I0000680_jpg.rf.ae93a7c1b486134d574cf7c02b7fe41b.jpg,1920,1080,95,True
train,bb_V0018_I0000800_jpg.rf.c0824fbdec0e4634f4556aade9d748e8.jpg,1920,1080,94,True
train,bb_V0018_I0000800_jpg.rf.d5c835b9c3f036a7eb0cecac97f5f9df.jpg,1920,1080,94,True
train,bb_V0018_I0000800_jpg.rf.e2170ba00d7f49a62ff128f90639d52d.jpg,1920,1080,94,True
train,bb_V0018_I0000920_jpg.rf.57ae32a70f92ac6fed318b282c9b9922.jpg,1920,1080,57,True
train,bb_V0018_I0000920_jpg.rf.9fc5baba709795cf5b67d10cd94e842b.jpg,1920,1080,58,True
train,bb_V0018_I0000920_jpg.rf.b9e827f4613d50e0ceff7c687435215c.jpg,1920,1080,57,True
train,bb_V0018_I0001680_jpg.rf.5b6b9f4cfe1da7073f4d6ba100673cd9.jpg,1920,1080,286,True
train,bb_V0018_I0001680_jpg.rf.a3ed038f5cfa96b718f5e3c0f6e81b90.jpg,1920,1080,288,True
train,bb_V0018_I0001680_jpg.rf.fd7c566673c7b279ef39bd61d9127f32.jpg,1920,1080,288,True
train,bb_V0018_I0002200_jpg.rf.51ddfe0ef0c1fc02c3c26fb61327d73f.jpg,1920,1080,144,True
train,bb_V0018_I0002200_jpg.rf.5de8ca30c7b12e01e98a59a945164232.jpg,1920,1080,144,True
train,bb_V0018_I0002200_jpg.rf.ad41a4c4dbc2fbd9a0bfc017ae3dbb98.jpg,1920,1080,147,True
train,bb_V0019_I0000240_jpg.rf.04fc05dcfe84670109bd9e4cf4727736.jpg,1920,1080,38,True
train,bb_V0019_I0000240_jpg.rf.2ad0bee57dbbd2cdce56565357905672.jpg,1920,1080,38,True
train,bb_V0019_I0000240_jpg.rf.60be602d25a884cc372f6cea0bf6046c.jpg,1920,1080,38,True
train,bb_V0019_I0000360_jpg.rf.343da93f3fc995d19fd100d9c50c646f.jpg,1920,1080,3,True
train,bb_V0019_I0000360_jpg.rf.46f3f7b3017aa3dd65b3660c89f85232.jpg,1920,1080,3,True
train,bb_V0019_I0000360_jpg.rf.e92239ef1f384be096af0eecd96f13ec.jpg,1920,1080,3,True
train,bb_V0019_I0001760_jpg.rf.0213f9b7705857061e987ca258740013.jpg,1920,1080,16,True
train,bb_V0019_I0001760_jpg.rf.12e7891a2fabc5338d5615e7ca332541.jpg,1920,1080,16,True
train,bb_V0019_I0001760_jpg.rf.e1e0715c7d060658d2ca4ff3f888d551.jpg,1920,1080,17,True
train,bb_V0019_I0002040_jpg.rf.060a181ce29c8d3b791f681c0eb59413.jpg,1920,1080,12,True
train,bb_V0019_I0002040_jpg.rf.287b30aea590202d551766b2550f55da.jpg,1920,1080,11,True
train,bb_V0019_I0002040_jpg.rf.ade7edafbd7d22aec8f4195a08fba4ce.jpg,1920,1080,10,True
train,bb_V0019_I0002200_jpg.rf.3e76952cb116ccc262e26a89ec053fbc.jpg,1920,1080,9,True
train,bb_V0019_I0002200_jpg.rf.a78f30bb60e8e580272909c26872b97b.jpg,1920,1080,9,True
train,bb_V0019_I0002200_jpg.rf.a8647b5b7cefad541f72ef79e8675d81.jpg,1920,1080,9,True
train,bb_V0019_I0002280_jpg.rf.5f55834f2e9bd0f9f9314ef00bac204c.jpg,1920,1080,13,True
train,bb_V0019_I0002280_jpg.rf.a7025f05ffd9317975590a31f39f1952.jpg,1920,1080,13,True
train,bb_V0019_I0002280_jpg.rf.d4dd12ea9f531d5642a598f3fcceaf7b.jpg,1920,1080,13,True
train,bb_V0019_I0002400_jpg.rf.0196bfd05a617dbb17d3eb99436d3863.jpg,1920,1080,24,True
train,bb_V0019_I0002400_jpg.rf.f0d797a93cb32bde872804306e41faf8.jpg,1920,1080,24,True
train,bb_V0019_I0002400_jpg.rf.f5acff19c8c6e7b1ef11ecd3938ad11f.jpg,1920,1080,24,True
train,bb_V0019_I0002800_jpg.rf.358692e3b923679872adc2949456c280.jpg,1920,1080,10,True
train,bb_V0019_I0002800_jpg.rf.65bbe1018a253241776373382eb415cf.jpg,1920,1080,10,True
train,bb_V0019_I0002800_jpg.rf.72822555e8ef8bb02f4492b7d34e6ad8.jpg,1920,1080,10,True
train,bb_V0020_I0000280_jpg.rf.3cb5090e3d5852b9af55aa9d7777f858.jpg,1920,1080,3,True
train,bb_V0020_I0000280_jpg.rf.ab2d15983a2935cfc957e5594739f3c8.jpg,1920,1080,3,True
train,bb_V0020_I0000280_jpg.rf.c1cd41f65efb7334cff5fa14df1366f4.jpg,1920,1080,3,True
train,bb_V0020_I0000680_jpg.rf.0bb061b9c885d77929d466581433735f.jpg,1920,1080,2,True
train,bb_V0020_I0000680_jpg.rf.71b713ea70d4c69fd29d91dedb49f602.jpg,1920,1080,2,True
train,bb_V0020_I0000680_jpg.rf.a1336ccb5cda2fb0ef0ae39deb5eaab2.jpg,1920,1080,2,True
train,bb_V0020_I0002000_jpg.rf.4b891eb9e4ac8fd93c26c0000548316c.jpg,1920,1080,1,True
train,bb_V0020_I0002000_jpg.rf.bd17186d8821a12e4aac95a2d60eef15.jpg,1920,1080,1,True
train,bb_V0020_I0002000_jpg.rf.f7c54825086ddede8dc0bc147a24f51a.jpg,1920,1080,1,True
train,bb_V0020_I0002040_jpg.rf.050b856c7f27dbd8527692f83ff3f34a.jpg,1920,1080,1,True
train,bb_V0020_I0002040_jpg.rf.97cabbde99f0ea4317095c090524f419.jpg,1920,1080,1,True
train,bb_V0020_I0002040_jpg.rf.c66ab43300ece588bba028f3e52375a6.jpg,1920,1080,1,True
train,bb_V0020_I0002160_jpg.rf.7584074bc441f5c16b155900be38719a.jpg,1920,1080,3,True
train,bb_V0020_I0002160_jpg.rf.8b638755ea6c433e8944d8bc41fb7730.jpg,1920,1080,3,True
train,bb_V0020_I0002160_jpg.rf.af12d0e0d9783d301b0df5b9044b1147.jpg,1920,1080,3,True
train,bb_V0020_I0002920_jpg.rf.6cec017d6ceac80d09cf6990de64fe31.jpg,1920,1080,7,True
train,bb_V0020_I0002920_jpg.rf.a82bed2c87a00841dd6f6285a685524e.jpg,1920,1080,7,True
train,bb_V0020_I0002920_jpg.rf.e31c7eef1f8d5937f85799c12757e9b2.jpg,1920,1080,7,True
train,bb_V0020_I0002960_jpg.rf.a6e51b91fdc7fbb33840f2fc40761b11.jpg,1920,1080,15,True
train,bb_V0020_I0002960_jpg.rf.b7ee607ffc520b9170a5d395bd5fc11c.jpg,1920,1080,15,True
train,bb_V0020_I0002960_jpg.rf.e5b9bca2a3d80b4f63771f9c39991d36.jpg,1920,1080,15,True
train,bb_V0020_I0003040_jpg.rf.50a7f7248b48d5b3ade5d4463c1d6f8d.jpg,1920,1080,17,True
train,bb_V0020_I0003040_jpg.rf.62abd20e02715fca4b77f4726018d7fe.jpg,1920,1080,17,True
train,bb_V0020_I0003040_jpg.rf.8aa40fe621d05f5aefd07e7d30855f6b.jpg,1920,1080,17,True
train,bb_V0020_I0003120_jpg.rf.6fe4282b0612495a85b6fab06796560d.jpg,1920,1080,14,True
train,bb_V0020_I0003120_jpg.rf.70000bd94bfaff55545951d6c6ff0cc3.jpg,1920,1080,14,True
train,bb_V0020_I0003120_jpg.rf.cc0a517edd31b7769ae79213c25f3b69.jpg,1920,1080,14,True
train,bb_V0020_I0003160_jpg.rf.09342175d47c7a666ad7a61fa3d7b7b1.jpg,1920,1080,11,True
train,bb_V0020_I0003160_jpg.rf.3665abd1152736f06df547cd8623d389.jpg,1920,1080,11,True
train,bb_V0020_I0003160_jpg.rf.801d025ad94c9ae994cc3213001735f5.jpg,1920,1080,11,True
train,bb_V0020_I0003200_jpg.rf.5958f7197b0958bfc86789a2a5539d1b.jpg,1920,1080,17,True
train,bb_V0020_I0003200_jpg.rf.a1ae6e9f007f4723e8075454b81c0da7.jpg,1920,1080,17,True
train,bb_V0020_I0003200_jpg.rf.b9bf0dcb7f161590f78dc66e888c33b0.jpg,1920,1080,17,True
train,bb_V0020_I0003320_jpg.rf.00990e42cfa3c190ef96be694c4268bb.jpg,1920,1080,14,True
train,bb_V0020_I0003320_jpg.rf.2f28c298a881500242d0ebce595a42c4.jpg,1920,1080,14,True
train,bb_V0020_I0003320_jpg.rf.581ad700b6d950edec8d569c0f8b9a14.jpg,1920,1080,14,True
train,bb_V0022_I0000480_jpg.rf.304ee31256144c7ad8a48fcc46bfcdac.jpg,1920,1080,3,True
train,bb_V0022_I0000480_jpg.rf.4bdda07575977f063b3855d3ffa1a0ef.jpg,1920,1080,3,True
train,bb_V0022_I0000480_jpg.rf.4d9a7d490751e7997d8ac82cb9d63cbb.jpg,1920,1080,3,True
train,bb_V0022_I0002200_jpg.rf.86c1f35273ba4e135c8d22b46759ce23.jpg,1920,1080,3,True
train,bb_V0022_I0002200_jpg.rf.b461ffc95b7a1652181ef59ec4b98228.jpg,1920,1080,3,True
train,bb_V0022_I0002200_jpg.rf.fcc5a7a4011a77873c303e16bf0d5a62.jpg,1920,1080,3,True
train,bb_V0022_I0002280_jpg.rf.1990ff19c7c58c58c0e4fb16d90d7c67.jpg,1920,1080,52,True
train,bb_V0022_I0002280_jpg.rf.3f71b66ede81d439e1c955efedd4c825.jpg,1920,1080,52,True
train,bb_V0022_I0002280_jpg.rf.4bbb414dea8882284d11092a201c82f9.jpg,1920,1080,52,True
train,bb_V0022_I0002360_jpg.rf.3d88640c1644c4ccd89e4f53be6f1f40.jpg,1920,1080,57,True
train,bb_V0022_I0002360_jpg.rf.3e21c326d783c96a1be3d924e84fd838.jpg,1920,1080,57,True
train,bb_V0022_I0002360_jpg.rf.fe8fcb57f893c7b3f27fb4c89849949d.jpg,1920,1080,57,True
train,bb_V0022_I0005640_jpg.rf.68a5ccaba912add800d7b2d00407971c.jpg,1920,1080,54,True
train,bb_V0022_I0005640_jpg.rf.6c09242a5a6e2cd0ef85c5b77512a207.jpg,1920,1080,38,True
train,bb_V0022_I0005640_jpg.rf.e71351d7bbc008d58b5bc314469e90a4.jpg,1920,1080,54,True
train,bb_V0022_I0007080_jpg.rf.4953de5df2ba436ad10a6ab8a4762439.jpg,1920,1080,112,True
train,bb_V0022_I0007080_jpg.rf.ddc8356a023406b7d5d4aa0c4a0d5322.jpg,1920,1080,112,True
train,bb_V0022_I0007080_jpg.rf.ed2bf13f90225531061b2fcff0a41fcb.jpg,1920,1080,112,True
train,bb_V0022_I0007240_jpg.rf.4c59e222eed67539b376a2c91f5b953f.jpg,1920,1080,3,True
train,bb_V0022_I0007240_jpg.rf.4dbea8e2e54a91bd1c73fbf359db88a0.jpg,1920,1080,3,True
train,bb_V0022_I0007240_jpg.rf.5c2e72b1ccd7e1548d6066e764525e0f.jpg,1920,1080,3,True
train,bb_V0022_I0007880_jpg.rf.3e21263504e06046b96be93abf589e49.jpg,1920,1080,116,True
train,bb_V0022_I0007880_jpg.rf.493a32bf1a522902c49e541f4741e5a7.jpg,1920,1080,121,True
train,bb_V0022_I0007880_jpg.rf.a8bd6ee11b06e3997f6c0e8a4708b567.jpg,1920,1080,119,True
train,bb_V0023_I0000080_jpg.rf.25dd54a5a84ec9e7b54846c52f967e20.jpg,1920,1080,6,True
train,bb_V0023_I0000080_jpg.rf.401f85dd67815425e6f1aa641e04c12e.jpg,1920,1080,6,True
train,bb_V0023_I0000080_jpg.rf.59123ac4f7507b3969936d68d1394343.jpg,1920,1080,6,True
train,bb_V0023_I0000160_jpg.rf.0d03d90e1daf4dc0b78c5a1de56dd2c6.jpg,1920,1080,9,True
train,bb_V0023_I0000160_jpg.rf.82299be01553796b089c53810ff0f4e1.jpg,1920,1080,9,True
train,bb_V0023_I0000160_jpg.rf.f2136511094c87503677f8efb43b4d57.jpg,1920,1080,9,True
train,bb_V0023_I0000400_jpg.rf.061d662308e6c44b1744cee05d1d56c2.jpg,1920,1080,18,True
train,bb_V0023_I0000400_jpg.rf.5cf8a30945aeb841adb891c8e1fe218d.jpg,1920,1080,18,True
train,bb_V0023_I0000400_jpg.rf.684376d8f0753fc297bd0f17a139ead0.jpg,1920,1080,18,True
train,bb_V0023_I0001200_jpg.rf.91531287047e6a8e74ba40595cc895f8.jpg,1920,1080,121,True
train,bb_V0023_I0001200_jpg.rf.985c3ac63166ce65e657b986677a17a9.jpg,1920,1080,121,True
train,bb_V0023_I0001200_jpg.rf.d8adcf9bdf07c55564ff15f8a56e09fe.jpg,1920,1080,121,True
train,bb_V0023_I0001320_jpg.rf.232f9b42c32bf3dc5e9560910c30a827.jpg,1920,1080,123,True
train,bb_V0023_I0001320_jpg.rf.495b7c7207e8af55801c9ed5b8aed255.jpg,1920,1080,123,True
train,bb_V0023_I0001320_jpg.rf.757afa834b1b58192a65aa056bb232f1.jpg,1920,1080,121,True
train,bb_V0023_I0001560_jpg.rf.839df41c5814da4bae064e48037da9f2.jpg,1920,1080,75,True
train,bb_V0023_I0001560_jpg.rf.97aba4200a91b20a52558857aa0eb0a2.jpg,1920,1080,77,True
train,bb_V0023_I0001560_jpg.rf.9ee0e1bf3202828eab0d76c41af6fd63.jpg,1920,1080,76,True
train,bb_V0023_I0001600_jpg.rf.312597de48f8144bd68d5c107e93113a.jpg,1920,1080,62,True
train,bb_V0023_I0001600_jpg.rf.73f8e8fef9702dfbb59c5418fcc0f119.jpg,1920,1080,61,True
train,bb_V0023_I0001600_jpg.rf.a6a74f578923f089dec6fc4e431fe3d4.jpg,1920,1080,62,True
train,bb_V0023_I0001920_jpg.rf.12d83fe85c61e13c0a0f34a129eb1064.jpg,1920,1080,8,True
train,bb_V0023_I0001920_jpg.rf.1edc763e601af6ee53ab1053372452c2.jpg,1920,1080,8,True
train,bb_V0023_I0001920_jpg.rf.8922fb973f3584d78784623f277c8c3a.jpg,1920,1080,8,True
train,bb_V0023_I0002000_jpg.rf.a05fc776c6a39a7ffdbf050aa26ca715.jpg,1920,1080,6,True
train,bb_V0023_I0002000_jpg.rf.e49cfe3480522dd00ba283b074ba4e51.jpg,1920,1080,6,True
train,bb_V0023_I0002000_jpg.rf.ee757a5363d978860c35886067fb7d67.jpg,1920,1080,6,True
train,bb_V0023_I0002080_jpg.rf.14b07593fd0828dad01c0eaaeb46685e.jpg,1920,1080,4,True
train,bb_V0023_I0002080_jpg.rf.4d66395613f38b18ff3f4ccaf130aee8.jpg,1920,1080,4,True
train,bb_V0023_I0002080_jpg.rf.9f5d8ffe6103f6fb7a7467e664e91fa8.jpg,1920,1080,3,True
train,bb_V0023_I0002200_jpg.rf.09e9dfe6e7426ecb367bf2006ee3d27c.jpg,1920,1080,2,True
train,bb_V0023_I0002200_jpg.rf.acfb19e70c73027759886d217c5416dd.jpg,1920,1080,2,True
train,bb_V0023_I0002200_jpg.rf.dff1023f6b0431d85380b0dcc8b35a18.jpg,1920,1080,2,True
train,bb_V0023_I0002240_jpg.rf.2d51d5aa45c8e938f2978ddc6d7cd0b7.jpg,1920,1080,2,True
train,bb_V0023_I0002240_jpg.rf.8194ae013efc148e29b0b530a6c38eaa.jpg,1920,1080,2,True
train,bb_V0023_I0002240_jpg.rf.bdbae0f6666650ee9c9fcff975c18813.jpg,1920,1080,2,True
train,bb_V0024_I0000240_jpg.rf.0dc8355ed4e07e6537ba129a82028663.jpg,1920,1080,1,True
train,bb_V0024_I0000240_jpg.rf.37496f91f3aed8dbf8bc32734a7f6a2a.jpg,1920,1080,1,True
train,bb_V0024_I0000240_jpg.rf.60cc313ffcf05beb9e26a37f3728ac92.jpg,1920,1080,1,True
train,bb_V0024_I0000400_jpg.rf.4a6c1f2f114bae57d8c7835ab6abf295.jpg,1920,1080,1,True
train,bb_V0024_I0000400_jpg.rf.99d85d826c9fb83f8d0b271243c343a0.jpg,1920,1080,1,True
train,bb_V0024_I0000400_jpg.rf.cd426442c86ed3d4b903abb9d9ac9f81.jpg,1920,1080,1,True
train,bb_V0024_I0000560_jpg.rf.2fd69c4b56f60918963f4ce8bf394eff.jpg,1920,1080,1,True
train,bb_V0024_I0000560_jpg.rf.323c699eabb6a666decb81b1f62e11f1.jpg,1920,1080,1,True
train,bb_V0024_I0000560_jpg.rf.e2196f3f9a0756f55cf223fd83f61cdf.jpg,1920,1080,1,True
train,bb_V0024_I0000720_jpg.rf.af0dae7c0b7a397328596566a8a00b1a.jpg,1920,1080,1,True
train,bb_V0024_I0000720_jpg.rf.d4a6a5803e689b90e464df3333fb3ad2.jpg,1920,1080,1,True
train,bb_V0024_I0000720_jpg.rf.e34e4a5363c88717d28710648a24c76d.jpg,1920,1080,1,True
train,bb_V0024_I0000880_jpg.rf.01aa17a2244de20cc09196c9ffd5ce19.jpg,1920,1080,1,True
train,bb_V0024_I0000880_jpg.rf.450adc04dce81accb479cd11d133bc83.jpg,1920,1080,1,True
train,bb_V0024_I0000880_jpg.rf.a0dd64be5a38750d32b55ac30fee3b74.jpg,1920,1080,1,True
train,bb_V0024_I0001200_jpg.rf.6081a86c482a2a029d9d3be3894f559b.jpg,1920,1080,1,True
train,bb_V0024_I0001200_jpg.rf.9841988eda258ebebd8bdb0cb8fb0080.jpg,1920,1080,1,True
train,bb_V0024_I0001200_jpg.rf.f0b4335f8effe92d1ad3931b9a6ed2ab.jpg,1920,1080,1,True
train,bb_V0024_I0001680_jpg.rf.0f5eb10fc5b5524505b12f9aad8dab0d.jpg,1920,1080,1,True
train,bb_V0024_I0001680_jpg.rf.b3413dbf8593592ec99eab9ec76a190b.jpg,1920,1080,1,True
train,bb_V0024_I0001680_jpg.rf.ba1bc2524b876b1ab8f1a6b1315ed235.jpg,1920,1080,1,True
train,bb_V0024_I0001840_jpg.rf.3732554aa7e3a0c727102746f6a65696.jpg,1920,1080,2,True
train,bb_V0024_I0001840_jpg.rf.5aac360a02090be103df260c0fc24d6b.jpg,1920,1080,2,True
train,bb_V0024_I0001840_jpg.rf.847fa0f553ef2eab818f7ee7ce64cdbf.jpg,1920,1080,2,True
train,bb_V0024_I0002320_jpg.rf.00aca21d7a5650cfa87847ed8206cf4f.jpg,1920,1080,1,True
train,bb_V0024_I0002320_jpg.rf.18561b6806ed44773b2ed6aa259b645d.jpg,1920,1080,1,True
train,bb_V0024_I0002320_jpg.rf.b3184b021e67a4933fb0559e0442bebd.jpg,1920,1080,1,True
train,bb_V0025_I0000880_jpg.rf.5919e12b0c027f2c71aed281d89cb118.jpg,1920,1080,226,True
train,bb_V0025_I0000880_jpg.rf.8ef89d5df3b93a4e269d1d19e5da2dfa.jpg,1920,1080,232,True
train,bb_V0025_I0000880_jpg.rf.ce2c8febad3aac510886e2c72fdf70b3.jpg,1920,1080,239,True
train,bb_V0025_I0001080_jpg.rf.2137e3b51b487b11bb460f1316016362.jpg,1920,1080,477,True
train,bb_V0025_I0001080_jpg.rf.43b9abe30526f9956d4534059c0e911e.jpg,1920,1080,457,True
train,bb_V0025_I0001080_jpg.rf.e7bcd6fdbb67295432022040bfb573de.jpg,1920,1080,477,True
train,bb_V0025_I0005080_jpg.rf.89f60570da7cb7321e5dc48ec44b7fd5.jpg,1920,1080,370,True
train,bb_V0025_I0005080_jpg.rf.bcbd4e0d43b72868cfc87b152d4903fa.jpg,1920,1080,372,True
train,bb_V0025_I0005080_jpg.rf.fcb9b1921746ca1a9c9dfafa63d1f7bb.jpg,1920,1080,372,True
train,bb_V0025_I0006000_jpg.rf.4fdb41d574ce51b09b38701b762e2fd9.jpg,1920,1080,529,True
train,bb_V0025_I0006000_jpg.rf.58e3c08e93cf8a5721210a368938e83b.jpg,1920,1080,529,True
train,bb_V0025_I0006000_jpg.rf.e77b8381074b498863af3ee32a30cbff.jpg,1920,1080,522,True
train,bb_V0025_I0007920_jpg.rf.5c4f35fd8e15c9a1741cb65f56f977e5.jpg,1920,1080,174,True
train,bb_V0025_I0007920_jpg.rf.d2639e2b362c1235e9a8008c42d5c1cc.jpg,1920,1080,182,True
train,bb_V0025_I0007920_jpg.rf.deabfd6cc763ef743643c2f0a24b799b.jpg,1920,1080,182,True
train,bb_V0025_I0008480_jpg.rf.3f6239e0f7372b686f1ecb8983fb87b0.jpg,1920,1080,8,True
train,bb_V0025_I0008480_jpg.rf.74dc5316f08e4364f0932eda10f996b4.jpg,1920,1080,8,True
train,bb_V0025_I0008480_jpg.rf.7ff27895df8ea6d96bd67c9523dfced8.jpg,1920,1080,8,True
train,bb_V0025_I0009000_jpg.rf.0de6e91035ea89fcb99247fe898712f7.jpg,1920,1080,37,True
train,bb_V0025_I0009000_jpg.rf.52ee32cc866c76c7c87519140cfaf039.jpg,1920,1080,37,True
train,bb_V0025_I0009000_jpg.rf.d6cb7afa9ba33cc48848b11669bb4d75.jpg,1920,1080,37,True
train,bb_V0025_I0009480_jpg.rf.1be90edbdf342a23beebbb97f2a1e4e8.jpg,1920,1080,136,True
train,bb_V0025_I0009480_jpg.rf.a1f240d32072a7021fe4aa12fc78403e.jpg,1920,1080,136,True
train,bb_V0025_I0009480_jpg.rf.e15fb3c33fa5b12e0ebfb14bd7c48ce9.jpg,1920,1080,136,True
train,bb_V0026_I0000360_jpg.rf.24b4e85a0918593324d7d584d67293c7.jpg,1280,720,67,True
train,bb_V0026_I0000360_jpg.rf.693c0bf2e1fea55a7d378404541dfc47.jpg,1280,720,67,True
train,bb_V0026_I0000360_jpg.rf.8e9d8e1d648a4473380cba278305d2be.jpg,1280,720,67,True
train,bb_V0028_I0000240_jpg.rf.7bb6c77e3d37105a1f369b9e48b54064.jpg,1920,1080,2,True
train,bb_V0028_I0000240_jpg.rf.c7742f0dbecee8a029e7be656a5dafe8.jpg,1920,1080,2,True
train,bb_V0028_I0000240_jpg.rf.dac826939e07ae0c6f95cc2693aacf83.jpg,1920,1080,2,True
train,bb_V0028_I0000400_jpg.rf.3a2455e2f440aff636e080019be93263.jpg,1920,1080,2,True
train,bb_V0028_I0000400_jpg.rf.40a7960a48752fe81b5352459d66ebf8.jpg,1920,1080,2,True
train,bb_V0028_I0000400_jpg.rf.44e1aac9883c7707de4dd5f76faeb887.jpg,1920,1080,2,True
train,bb_V0028_I0001640_jpg.rf.10648217de09e8a21cdc691b61ad62da.jpg,1920,1080,3,True
train,bb_V0028_I0001640_jpg.rf.5466921d128685f098a3adee5d4722ff.jpg,1920,1080,3,True
train,bb_V0028_I0001640_jpg.rf.f462ca210e1d1714cefe8e8cdb9aa8d1.jpg,1920,1080,3,True
train,bb_V0028_I0001720_jpg.rf.6917171d41009206348f497c18ff3c32.jpg,1920,1080,8,True
train,bb_V0028_I0001720_jpg.rf.d0e5e58edb05e453c8ad35bb77bc2f57.jpg,1920,1080,8,True
train,bb_V0028_I0001720_jpg.rf.df61efc7cea4f6c8083493e8cc545a1c.jpg,1920,1080,8,True
train,bb_V0028_I0001760_jpg.rf.185cac3d36ccc6aa7e0c495d2ee823a3.jpg,1920,1080,1,True
train,bb_V0028_I0001760_jpg.rf.5766196aa42e1efb2bff3adee0246a29.jpg,1920,1080,1,True
train,bb_V0028_I0001760_jpg.rf.967767092dd66053d3e0d88249fe5795.jpg,1920,1080,1,True
train,bb_V0028_I0001800_jpg.rf.2956563d783f3edf4136283606f5bee4.jpg,1920,1080,1,True
train,bb_V0028_I0001800_jpg.rf.9523498c9a5619d6a8fa387586d429e3.jpg,1920,1080,1,True
train,bb_V0028_I0001800_jpg.rf.e7e0363a06ccdfe14001e9944306ae57.jpg,1920,1080,1,True
train,bb_V0028_I0002040_jpg.rf.0715718dd3d4a7353f97e52a1707cb1b.jpg,1920,1080,1,True
train,bb_V0028_I0002040_jpg.rf.bad3699900799ea8935a085ddc84cbd0.jpg,1920,1080,1,True
train,bb_V0028_I0002040_jpg.rf.bef859d4acd4719f0da2fed0acb79809.jpg,1920,1080,1,True
train,bb_V0028_I0002280_jpg.rf.de76e3a197f1fba0e907c5e0f1af01cb.jpg,1920,1080,9,True
train,bb_V0028_I0002280_jpg.rf.e1da31eab624c665b8e2e102359faeed.jpg,1920,1080,9,True
train,bb_V0028_I0002280_jpg.rf.ef55e4582451ce5ff7f96629714fc52e.jpg,1920,1080,9,True
train,bb_V0028_I0002360_jpg.rf.154fcd9440a360f6bf5b629e3e2a9a0c.jpg,1920,1080,1,True
train,bb_V0028_I0002360_jpg.rf.51db3d313f90daf391b602142052cb39.jpg,1920,1080,1,True
train,bb_V0028_I0002360_jpg.rf.f3979028241645217b3d3436f47ee309.jpg,1920,1080,1,True
train,bb_V0028_I0002680_jpg.rf.3b44a355ea0517657e99068fcdb26720.jpg,1920,1080,5,True
train,bb_V0028_I0002680_jpg.rf.77d8fc0fde932a2e53b187487bb7899e.jpg,1920,1080,5,True
train,bb_V0028_I0002680_jpg.rf.c072f73f06e0fdc34c835461527c54e1.jpg,1920,1080,5,True
train,bb_V0028_I0002720_jpg.rf.430e513c719d5188985abf81c81304ce.jpg,1920,1080,10,True
train,bb_V0028_I0002720_jpg.rf.9646f7a4e088b8558d0706d540a8b1e6.jpg,1920,1080,10,True
train,bb_V0028_I0002720_jpg.rf.fdc49250dcfe658831624a658a6992ff.jpg,1920,1080,10,True
train,bb_V0030_I0000000_jpg.rf.9d392ecac6709618143c550d6124c8bd.jpg,1920,1080,54,True
train,bb_V0030_I0000000_jpg.rf.b41bbb089a4e8afd876371346867bbdf.jpg,1920,1080,59,True
train,bb_V0030_I0000000_jpg.rf.ba23475e71c0ed4d10200e0b3bb0be69.jpg,1920,1080,55,True
train,bb_V0030_I0000560_jpg.rf.9bb46b34bc2f0ad158c389fe12f622f3.jpg,1920,1080,38,True
train,bb_V0030_I0000560_jpg.rf.bc28da5e037b640310f755c4ec3a6a64.jpg,1920,1080,37,True
train,bb_V0030_I0000560_jpg.rf.c7d32765ec7527b3a061df569e4c624d.jpg,1920,1080,36,True
train,bb_V0030_I0001160_jpg.rf.11e638bedd5b642c0ec5fe5ea8e93e5d.jpg,1920,1080,70,True
train,bb_V0030_I0001160_jpg.rf.22afe55a34c3595f0a5aca78d6a417c5.jpg,1920,1080,72,True
train,bb_V0030_I0001160_jpg.rf.dd82cfc08b99daa65e6b4165317f0c30.jpg,1920,1080,68,True
train,bb_V0030_I0001280_jpg.rf.967257e65dc313faef88fd0bc46a203b.jpg,1920,1080,84,True
train,bb_V0030_I0001280_jpg.rf.c8cf92360c075f149a8d523382b671d4.jpg,1920,1080,84,True
train,bb_V0030_I0001280_jpg.rf.de1f32ada410b6d267cc12a5179dc41a.jpg,1920,1080,83,True
train,bb_V0030_I0001320_jpg.rf.15db14b9539efb38fb6834d8c189aa48.jpg,1920,1080,72,True
train,bb_V0030_I0001320_jpg.rf.26d73760d663abc0b79147fd7bfa2033.jpg,1920,1080,72,True
train,bb_V0030_I0001320_jpg.rf.db2c1a4fac509625a9d67989d13b57ed.jpg,1920,1080,72,True
train,bb_V0030_I0001400_jpg.rf.3f4c6229f7d2e237b1c966101c8ad79a.jpg,1920,1080,77,True
train,bb_V0030_I0001400_jpg.rf.47111f12ddc4b3f11186f574a779f761.jpg,1920,1080,77,True
train,bb_V0030_I0001400_jpg.rf.be6e708ae2088b5590d54b47bd80bf9d.jpg,1920,1080,77,True
train,bb_V0030_I0001440_jpg.rf.287804862ab95ede92c03c8a0c4d45f3.jpg,1920,1080,70,True
train,bb_V0030_I0001440_jpg.rf.6b377acffc825fec07c41171f15dfe2e.jpg,1920,1080,70,True
train,bb_V0030_I0001440_jpg.rf.d4b7e410ced8d4e57c91b8f680558021.jpg,1920,1080,68,True
train,bb_V0030_I0001600_jpg.rf.2a78b73ecea03c7702d465d973db34f4.jpg,1920,1080,72,True
train,bb_V0030_I0001600_jpg.rf.8dfd96c4474d8257fed2e1ac2a23f9e0.jpg,1920,1080,72,True
train,bb_V0030_I0001600_jpg.rf.dd11481f316e0a0a0ba4f6299d6097a7.jpg,1920,1080,72,True
train,bb_V0030_I0001720_jpg.rf.368b08d7649562de7ef7f850387ddac8.jpg,1920,1080,111,True
train,bb_V0030_I0001720_jpg.rf.6b956e2902fe9c2dbc5ea879f2bb911e.jpg,1920,1080,111,True
train,bb_V0030_I0001720_jpg.rf.98f42112008edee72aa840ed65d75d5b.jpg,1920,1080,111,True
train,bb_V0030_I0002000_jpg.rf.9cba14d30d4e97982c8de5a320956a11.jpg,1920,1080,21,True
train,bb_V0030_I0002000_jpg.rf.a5ce801f6c3d2bcdfc707d2df0042c5d.jpg,1920,1080,21,True
train,bb_V0030_I0002000_jpg.rf.e530156101c40d9adfe53697677245bf.jpg,1920,1080,21,True
train,bb_V0030_I0003080_jpg.rf.03adc5a91c22a6c61765ac4bb99d5da2.jpg,1920,1080,58,True
train,bb_V0030_I0003080_jpg.rf.2cfdda10c7c01227102205662e949348.jpg,1920,1080,58,True
train,bb_V0030_I0003080_jpg.rf.d3109023aecdc747bcc66777e84431da.jpg,1920,1080,58,True
train,bb_V0030_I0003360_jpg.rf.607472119d091e8b7eccdd59c22115df.jpg,1920,1080,176,True
train,bb_V0030_I0003360_jpg.rf.798b539eb3449b08c6fff62c10fb36a2.jpg,1920,1080,178,True
train,bb_V0030_I0003360_jpg.rf.ec46b3236e2e89e3e5b94f9434cec142.jpg,1920,1080,168,True
train,bb_V0030_I0003840_jpg.rf.3bf098f802ca8a541caa63ab70b45963.jpg,1920,1080,2,True
train,bb_V0030_I0003840_jpg.rf.71d858357c2f2d48d513fe55b044a8bc.jpg,1920,1080,2,True
train,bb_V0030_I0003840_jpg.rf.f9f38627c1773a33f09e2effd977f888.jpg,1920,1080,2,True
train,bb_V0030_I0004120_jpg.rf.2d7f90dc40e5bc2fa321d3af191c6442.jpg,1920,1080,29,True
train,bb_V0030_I0004120_jpg.rf.35097d8e6840939688e4b05c9608927d.jpg,1920,1080,30,True
train,bb_V0030_I0004120_jpg.rf.36559627cef1d025d59f7df4754d400b.jpg,1920,1080,30,True
train,bb_V0030_I0004720_jpg.rf.4172f4e4767673461b26802d626f5664.jpg,1920,1080,8,True
train,bb_V0030_I0004720_jpg.rf.4ec90fba09277ca690d66b0bb3537a3b.jpg,1920,1080,8,True
train,bb_V0030_I0004720_jpg.rf.59ab536256a36bce85c270ef860560ca.jpg,1920,1080,8,True
train,bb_V0030_I0004840_jpg.rf.691044d02759a9b1adead9ad9797108a.jpg,1920,1080,8,True
train,bb_V0030_I0004840_jpg.rf.ac9e19b9c539844c61f979835ee041ca.jpg,1920,1080,8,True
train,bb_V0030_I0004840_jpg.rf.e9b9aa829d3fabb1f68940e3696b0149.jpg,1920,1080,8,True
train,bb_V0031_I0000520_jpg.rf.172b7d09270b1ffdbd0410a81b6a1551.jpg,1920,1080,169,True
train,bb_V0031_I0000520_jpg.rf.6dcb628c4256e63aa8cc27826538c551.jpg,1920,1080,169,True
train,bb_V0031_I0000520_jpg.rf.cb79bc5b1d102373c1225f138eac4cf5.jpg,1920,1080,169,True
train,bb_V0031_I0000800_jpg.rf.50232321ca6147f6e84d8a2bf11277d5.jpg,1920,1080,112,True
train,bb_V0031_I0000800_jpg.rf.8b31ca9f3e9d7a6c2fc0602f86431ad1.jpg,1920,1080,113,True
train,bb_V0031_I0000800_jpg.rf.9f723d11df1f6473e4f7e900465108f5.jpg,1920,1080,112,True
train,bb_V0031_I0000920_jpg.rf.04662314ec5d6748741022a7973e1b7a.jpg,1920,1080,125,True
train,bb_V0031_I0000920_jpg.rf.07e763fd32aa9f7e26861e4857e0cead.jpg,1920,1080,124,True
train,bb_V0031_I0000920_jpg.rf.320f22c22eae6cb4283f3da0f65c2445.jpg,1920,1080,126,True
train,bb_V0031_I0001440_jpg.rf.03ae8ab4f0776389a495bc25de11abb2.jpg,1920,1080,245,True
train,bb_V0031_I0001440_jpg.rf.0fd6dcb037fa44c619f8b31d8d81ad04.jpg,1920,1080,244,True
train,bb_V0031_I0001440_jpg.rf.e5f93127a3e68eceb7b030a362c25d02.jpg,1920,1080,245,True
train,bb_V0031_I0001680_jpg.rf.60ee73dbb8fe0dda05ec4198d2dbe717.jpg,1920,1080,121,True
train,bb_V0031_I0001680_jpg.rf.6e50606558f385ae77b4db2da9405ae5.jpg,1920,1080,121,True
train,bb_V0031_I0001680_jpg.rf.fabaee8aea297f2198b2cbc27d93b710.jpg,1920,1080,120,True
train,bb_V0031_I0001720_jpg.rf.0619823628c23bbd9eabb418cf1a6215.jpg,1920,1080,175,True
train,bb_V0031_I0001720_jpg.rf.cb447f8d8b50bf3a5fe2d3296e8df19e.jpg,1920,1080,176,True
train,bb_V0031_I0001720_jpg.rf.d05d31226ab2818270729276e7905d1d.jpg,1920,1080,176,True
train,bb_V0031_I0001840_jpg.rf.20b87b1dbc320dc2787b38d9f5398013.jpg,1920,1080,206,True
train,bb_V0031_I0001840_jpg.rf.9ae2858857d854849559e93fb3dc6b31.jpg,1920,1080,203,True
train,bb_V0031_I0001840_jpg.rf.fdaf9cae7836db5541346ead23710b35.jpg,1920,1080,210,True
train,bb_V0031_I0001880_jpg.rf.256215663cdfce61361a5b7f5d780f96.jpg,1920,1080,126,True
train,bb_V0031_I0001880_jpg.rf.805c56a754b929b04d26836b68034be0.jpg,1920,1080,125,True
train,bb_V0031_I0001880_jpg.rf.8c9d950cfaecbfdd01e874959e8c75e6.jpg,1920,1080,126,True
train,bb_V0031_I0001960_jpg.rf.2c711007293df1f894eebbd21ae474c9.jpg,1920,1080,126,True
train,bb_V0031_I0001960_jpg.rf.340fae2bd5610263e57541b127003036.jpg,1920,1080,127,True
train,bb_V0031_I0001960_jpg.rf.791c9ad5d1d7f7c51e8c246ce81ef12d.jpg,1920,1080,125,True
train,bb_V0031_I0002280_jpg.rf.3e62e99bb2f7a8c0c76f4c117d04a95f.jpg,1920,1080,27,True
train,bb_V0031_I0002280_jpg.rf.475969841de78557425d539fe86b6701.jpg,1920,1080,27,True
train,bb_V0031_I0002280_jpg.rf.f9161b3feb9d204dbea81c9987f51103.jpg,1920,1080,27,True
train,bb_V0031_I0002320_jpg.rf.046ce6d3e033cbc6260d93b98602f94d.jpg,1920,1080,159,True
train,bb_V0031_I0002320_jpg.rf.3b8d49c980ded8e936a55297d61e0283.jpg,1920,1080,162,True
train,bb_V0031_I0002320_jpg.rf.42ad95cfcdfd3b92eb6e64c1072cb244.jpg,1920,1080,162,True
train,bb_V0031_I0002440_jpg.rf.6eaafcbf25473f3c9a61d3e46cc62098.jpg,1920,1080,143,True
train,bb_V0031_I0002440_jpg.rf.9c5868da3cdbae2130768a4ef17e34b5.jpg,1920,1080,138,True
train,bb_V0031_I0002440_jpg.rf.ffce9be4ff5ddbc21c64bc0bf10e967d.jpg,1920,1080,143,True
train,bb_V0031_I0002640_jpg.rf.10a8710dce627b9297fde0f9b9ec9797.jpg,1920,1080,99,True
train,bb_V0031_I0002640_jpg.rf.3b1902f3e637f47dab5129be013e647c.jpg,1920,1080,99,True
train,bb_V0031_I0002640_jpg.rf.8c15cfb0c71351d78c397366678cec1d.jpg,1920,1080,99,True
train,bb_V0031_I0002680_jpg.rf.19176f6763e3eaf746dba6b6d6e826fd.jpg,1920,1080,122,True
train,bb_V0031_I0002680_jpg.rf.45c3d0315e097076e7dcb2a159afd770.jpg,1920,1080,123,True
train,bb_V0031_I0002680_jpg.rf.b4edc5c5d2d71b5151c6fe6bf7d1f8cf.jpg,1920,1080,123,True
train,bb_V0031_I0003280_jpg.rf.315fc490b87a40e6228b2628a2ac1235.jpg,1920,1080,196,True
train,bb_V0031_I0003280_jpg.rf.68615e30060611965a0ba9cabf27665b.jpg,1920,1080,192,True
train,bb_V0031_I0003280_jpg.rf.d6f2e4d51d4472017d33ec4fa178b764.jpg,1920,1080,196,True
train,bb_V0031_I0003320_jpg.rf.8dfe63f63f198c32f3c752e7790f92d8.jpg,1920,1080,30,True
train,bb_V0031_I0003320_jpg.rf.e74e369e821e584550c4e7841df5aeef.jpg,1920,1080,30,True
train,bb_V0031_I0003320_jpg.rf.eb788e19f15434dc5cf495fc79c5381d.jpg,1920,1080,30,True
train,bb_V0031_I0003800_jpg.rf.0744232f50dba069605f4691ae8e74f4.jpg,1920,1080,52,True
train,bb_V0031_I0003800_jpg.rf.9da6b41e3fd016e5f1e682c14da050ee.jpg,1920,1080,55,True
train,bb_V0031_I0003800_jpg.rf.c311edd30e1d49a2fb4207b64bef166f.jpg,1920,1080,54,True
train,bb_V0031_I0004680_jpg.rf.0c72c9cbf63a226f178d8d6b669c0814.jpg,1920,1080,43,True
train,bb_V0031_I0004680_jpg.rf.408df5b63438bc9804572a69a581d7cd.jpg,1920,1080,43,True
train,bb_V0031_I0004680_jpg.rf.4535daa44435ff0c6e84ce89fdb55d4a.jpg,1920,1080,43,True
train,bb_V0031_I0005240_jpg.rf.22ed992f83c16f1ed7fc7f07a1a499b0.jpg,1920,1080,172,True
train,bb_V0031_I0005240_jpg.rf.53878dcfc426831239e6ad1bbefac872.jpg,1920,1080,173,True
train,bb_V0031_I0005240_jpg.rf.b66fdc7fcf0e5de00078aae12316d67a.jpg,1920,1080,174,True
train,bb_V0031_I0005640_jpg.rf.27f99b13ec9fab3addb1001c67958934.jpg,1920,1080,253,True
train,bb_V0031_I0005640_jpg.rf.4151de7d294fa1d7f93ec84a8c4e2cca.jpg,1920,1080,250,True
train,bb_V0031_I0005640_jpg.rf.c3c42624a933ff3ca16290dd647b84bf.jpg,1920,1080,252,True
train,bb_V0031_I0005680_jpg.rf.1e1d33fb34ece2c4184f0ee5f8034226.jpg,1920,1080,177,True
train,bb_V0031_I0005680_jpg.rf.87a3597435c50a0d3ca14f55f8d10fb3.jpg,1920,1080,179,True
train,bb_V0031_I0005680_jpg.rf.a6835361cc888c09a179cf424d393413.jpg,1920,1080,179,True
train,bb_V0031_I0005760_jpg.rf.0bb12c1a8a2d88425af803580f52f6d0.jpg,1920,1080,79,True
train,bb_V0031_I0005760_jpg.rf.68a7797a45e44cd14123ac16e8e3479e.jpg,1920,1080,79,True
train,bb_V0031_I0005760_jpg.rf.c13bbebb655cfbb3fd634ad8f7b859c9.jpg,1920,1080,79,True
train,bb_V0031_I0006160_jpg.rf.8867f2c31a0a14da8f6fb9408c240092.jpg,1920,1080,70,True
train,bb_V0031_I0006160_jpg.rf.a83662a9e59b3ed6fed3b77fe44b25e6.jpg,1920,1080,70,True
train,bb_V0031_I0006160_jpg.rf.d4afe4049bad2984f1224533dca6864d.jpg,1920,1080,70,True
train,bb_V0032_I0000000_jpg.rf.031fc115497ebcef3e2c0a51b2892f6a.jpg,1280,720,3,True
train,bb_V0032_I0000000_jpg.rf.12473506940f6684ffdc793496fe2d72.jpg,1280,720,3,True
train,bb_V0032_I0000000_jpg.rf.78fb532fa33cb189918a8eb3b5ca87f1.jpg,1280,720,3,True
train,bb_V0032_I0000120_jpg.rf.383fbd300fcab1268109e8050e3a0dc4.jpg,1280,720,3,True
train,bb_V0032_I0000120_jpg.rf.a0a1d96bb465a6c064e1450717ee16a5.jpg,1280,720,3,True
train,bb_V0032_I0000120_jpg.rf.d48b098ac747c25d6fad7263a820fffb.jpg,1280,720,3,True
train,bb_V0032_I0000440_jpg.rf.05306eb1a9cb025d46406e29870494a3.jpg,1280,720,1,True
train,bb_V0032_I0000440_jpg.rf.473ab5c336d0ce9c5ba611b284fc9c6d.jpg,1280,720,1,True
train,bb_V0032_I0000440_jpg.rf.7d3d4e3af72344fa20beb075add8d6ef.jpg,1280,720,1,True
train,bb_V0032_I0000560_jpg.rf.4b22d7eb5c11d5c2a2194c59a9d0f818.jpg,1280,720,3,True
train,bb_V0032_I0000560_jpg.rf.7f1f48f4d6509804a2fb10c37577d5b0.jpg,1280,720,3,True
train,bb_V0032_I0000560_jpg.rf.ffcfcbae415905354166a5260d7ed878.jpg,1280,720,3,True
train,bb_V0032_I0000720_jpg.rf.8cca735115a04c733907b066c30e1f23.jpg,1280,720,5,True
train,bb_V0032_I0000720_jpg.rf.a46920e1f74b0ad5515a111d39e0fc21.jpg,1280,720,5,True
train,bb_V0032_I0000720_jpg.rf.e42994f464835ed7befbf4d64199e8a6.jpg,1280,720,5,True
train,bb_V0032_I0000760_jpg.rf.0ea4f99dffcefc0be8a0788e3f1f8315.jpg,1280,720,1,True
train,bb_V0032_I0000760_jpg.rf.230fb4b2f097db42c7f00dd5eb6c19d8.jpg,1280,720,1,True
train,bb_V0032_I0000760_jpg.rf.e378a1c8fdb634384c68081b64154839.jpg,1280,720,1,True
train,bb_V0032_I0000920_jpg.rf.1b4067783845e4d3ce20532bc883ec1d.jpg,1280,720,1,True
train,bb_V0032_I0000920_jpg.rf.5342f1873e98f7d7727576e8fbf3136f.jpg,1280,720,1,True
train,bb_V0032_I0000920_jpg.rf.a6dfa0ddaec47506387b58e14639145a.jpg,1280,720,1,True
train,bb_V0032_I0001360_jpg.rf.1a05e887eb8f60ccab3f2c1a80519eb1.jpg,1280,720,1,True
train,bb_V0032_I0001360_jpg.rf.260b71bc1d34a929bd8f4ccf583719aa.jpg,1280,720,1,True
train,bb_V0032_I0001360_jpg.rf.fcb8fbbdc4504fab6327df776e8557ae.jpg,1280,720,1,True
train,bb_V0032_I0001520_jpg.rf.516ac408bdf557f034cf5bd0f20b3fc3.jpg,1280,720,1,True
train,bb_V0032_I0001520_jpg.rf.5a2265ff7c76d312e518c25325fb7a55.jpg,1280,720,1,True
train,bb_V0032_I0001520_jpg.rf.cdd11b29a7b4dd798046b645242f402c.jpg,1280,720,1,True
train,bb_V0032_I0001640_jpg.rf.0beb6023ea410b94ff0b61ef2299e759.jpg,1280,720,1,True
train,bb_V0032_I0001640_jpg.rf.8156b067a107c32163536dec3790db78.jpg,1280,720,1,True
train,bb_V0032_I0001640_jpg.rf.e59bae977361b7e9da46b981ec1b28aa.jpg,1280,720,1,True
train,bb_V0032_I0001840_jpg.rf.55bea6f510bd814c6ed2662324fa5d0f.jpg,1280,720,2,True
train,bb_V0032_I0001840_jpg.rf.809ad26b2b47a0b7d761ab5e5e3a4b52.jpg,1280,720,2,True
train,bb_V0032_I0001840_jpg.rf.8e8f67333c6af48e6db7e53cd3e4d063.jpg,1280,720,2,True
train,bb_V0032_I0002080_jpg.rf.041a7ab9e19032012e5beaa12b702639.jpg,1280,720,3,True
train,bb_V0032_I0002080_jpg.rf.3828960c6fccbb4ea56f2157f686f21e.jpg,1280,720,3,True
train,bb_V0032_I0002080_jpg.rf.bfd089f28a2ce14d03e4fd3aee62d29e.jpg,1280,720,3,True
train,bb_V0032_I0002120_jpg.rf.3bb8bd0b7c9bc39b653f01e1fb429aa8.jpg,1280,720,6,True
train,bb_V0032_I0002120_jpg.rf.4a5a6e64c03e79b31ab4582e39512826.jpg,1280,720,6,True
train,bb_V0032_I0002120_jpg.rf.fa5d9f19b02268b5d0cc0fce3b499f0b.jpg,1280,720,6,True
train,bb_V0032_I0002240_jpg.rf.01d22b4eb600ef818e49eaa32c15c451.jpg,1280,720,5,True
train,bb_V0032_I0002240_jpg.rf.6be5202cc160fa460432829b29c6a0c5.jpg,1280,720,5,True
train,bb_V0032_I0002240_jpg.rf.e475fa22db103c77d9538cccd1c85ed7.jpg,1280,720,5,True
train,bb_V0032_I0002280_jpg.rf.97d10cfd5fedebdcb1a728e40953b2ea.jpg,1280,720,3,True
train,bb_V0032_I0002280_jpg.rf.984d571c4cf7f7d6eb0ff9c7ea672d7c.jpg,1280,720,3,True
train,bb_V0032_I0002280_jpg.rf.ec968d2bf4d3545a44a0433b1acd29f2.jpg,1280,720,3,True
train,bb_V0032_I0002560_jpg.rf.a6ba8fabc627ef0fd0ef85783001aa2c.jpg,1280,720,1,True
train,bb_V0032_I0002560_jpg.rf.e0a8f5eca64d52a5af4152fabf43b256.jpg,1280,720,1,True
train,bb_V0032_I0002560_jpg.rf.ec25fe0de3c38d29e8836ed7ac190ca9.jpg,1280,720,1,True
train,bb_V0032_I0002680_jpg.rf.55eb7d5773af74b7ad75d796a3ceea81.jpg,1280,720,1,True
train,bb_V0032_I0002680_jpg.rf.90bb782f80841fffefb7d1a6bb02053f.jpg,1280,720,1,True
train,bb_V0032_I0002680_jpg.rf.ccefe00d33c47e3b031277759a717248.jpg,1280,720,1,True
train,bb_V0032_I0002720_jpg.rf.5984826843c875dfec0e54ea958a7290.jpg,1280,720,1,True
train,bb_V0032_I0002720_jpg.rf.5eae418c29262b8be814fcc2f3ffbd5b.jpg,1280,720,1,True
train,bb_V0032_I0002720_jpg.rf.8bb00bcc2b59616c07e31dd516612c2c.jpg,1280,720,1,True
train,bb_V0032_I0002840_jpg.rf.2bfedf95448568a5e3db87b46d4a19de.jpg,1280,720,1,True
train,bb_V0032_I0002840_jpg.rf.be3505f0b1ded9f285dee1184781b7c8.jpg,1280,720,1,True
train,bb_V0032_I0002840_jpg.rf.d8ee792e55eade9a10c358793b392720.jpg,1280,720,1,True
train,bb_V0032_I0002960_jpg.rf.0197d4fef43860462e65037f9bc377e4.jpg,1280,720,2,True
train,bb_V0032_I0002960_jpg.rf.57282ed0e39c73d8cf9d56337b792627.jpg,1280,720,2,True
train,bb_V0032_I0002960_jpg.rf.57639a9a159ef70a12d82d266fd67237.jpg,1280,720,2,True
train,bb_V0032_I0003120_jpg.rf.52317243d5782788d13c4eb504a8047f.jpg,1280,720,4,True
train,bb_V0032_I0003120_jpg.rf.58a41b86e075ca1df9fb0949bf139365.jpg,1280,720,4,True
train,bb_V0032_I0003120_jpg.rf.f9fa5af1adc3bcc303bc14beddcfe21e.jpg,1280,720,4,True
train,bb_V0032_I0003440_jpg.rf.2700467293423f3029d715dbfa79519c.jpg,1280,720,1,True
train,bb_V0032_I0003440_jpg.rf.28988b85b5aacf0bfc82269dbb84bf4d.jpg,1280,720,1,True
train,bb_V0032_I0003440_jpg.rf.cd23d5ed96ffb28608396aca8ee9fc71.jpg,1280,720,1,True
train,bb_V0032_I0003680_jpg.rf.6fdfb911b971b0cd7c8d18689a3aea18.jpg,1280,720,5,True
train,bb_V0032_I0003680_jpg.rf.9bf2bf1bb9f7f926455aea28e28737ad.jpg,1280,720,5,True
train,bb_V0032_I0003680_jpg.rf.ee9a122b119c84c36d66678c3a390663.jpg,1280,720,5,True
train,bb_V0032_I0004040_jpg.rf.4fdded9398a97c28b4d368f8be5efd25.jpg,1280,720,6,True
train,bb_V0032_I0004040_jpg.rf.6734870ceae54ab22013ad4f90127171.jpg,1280,720,6,True
train,bb_V0032_I0004040_jpg.rf.bc5870a270bc4594dadbba5c5e46a994.jpg,1280,720,6,True
train,bb_V0032_I0004160_jpg.rf.2e17a8ed62d0e7c5d8922d7ce9283ffd.jpg,1280,720,3,True
train,bb_V0032_I0004160_jpg.rf.6744feba606fc1c149417db7cd668199.jpg,1280,720,3,True
train,bb_V0032_I0004160_jpg.rf.925177e0440463f6f439ad7a9a5f4ccc.jpg,1280,720,3,True
train,bb_V0032_I0004400_jpg.rf.27bdcf62b1a3ba5b33b5cff4d3fe1525.jpg,1280,720,1,True
train,bb_V0032_I0004400_jpg.rf.dae3072ba2fd7b5f938a305e1cd3fa69.jpg,1280,720,1,True
train,bb_V0032_I0004400_jpg.rf.e48e6c41d097ce73b77ffa00791d6b8d.jpg,1280,720,1,True
train,bb_V0032_I0004960_jpg.rf.0957c671fa34178de14c59f9939240ca.jpg,1280,720,1,True
train,bb_V0032_I0004960_jpg.rf.3f5f1fd445153c393b42cc24e7b5cd5f.jpg,1280,720,1,True
train,bb_V0032_I0004960_jpg.rf.80547123dbec5a4fafcba713fbc40246.jpg,1280,720,1,True
train,bb_V0033_I0000080_jpg.rf.1654a2ec9fbbb7e0d247a78c05bae3b5.jpg,1920,1080,12,True
train,bb_V0033_I0000080_jpg.rf.d74f7b0ec4f1268cf5c111e61e825424.jpg,1920,1080,12,True
train,bb_V0033_I0000080_jpg.rf.e66be714946408257b66fe71ff37057b.jpg,1920,1080,12,True
train,bb_V0033_I0000120_jpg.rf.9e16cdc1c3830b88e09414616c11b3f9.jpg,1920,1080,6,True
train,bb_V0033_I0000120_jpg.rf.c428e5e4f5d840b4d357175d484a5c4b.jpg,1920,1080,4,True
train,bb_V0033_I0000120_jpg.rf.f303881d8e662c7a78fd784e156ca7e2.jpg,1920,1080,6,True
train,bb_V0033_I0000200_jpg.rf.384591b45d30df608595e114d9744cf5.jpg,1920,1080,4,True
train,bb_V0033_I0000200_jpg.rf.e75e4f0ce5bb33727be833fcba7e063e.jpg,1920,1080,6,True
train,bb_V0033_I0000200_jpg.rf.ed767ed705b696e3a0a8b03f495c6875.jpg,1920,1080,6,True
train,bb_V0033_I0000360_jpg.rf.082b805cd5f2640b7f79e87ee8ce7fa1.jpg,1920,1080,47,True
train,bb_V0033_I0000360_jpg.rf.ba83a47dd67cd60c9914f0ff1e16172f.jpg,1920,1080,47,True
train,bb_V0033_I0000360_jpg.rf.f6de94d49381bc8ae9c126f7cfe44aa7.jpg,1920,1080,45,True
train,bb_V0033_I0000760_jpg.rf.5744ab9e708aec563bf6f7e8448f1e4e.jpg,1920,1080,1,True
train,bb_V0033_I0000760_jpg.rf.9f31d22a922aa28129a05f247963b7eb.jpg,1920,1080,0,True
train,bb_V0033_I0000760_jpg.rf.fed5d824c0f12087b8f7737ba82ee551.jpg,1920,1080,0,True
train,bb_V0033_I0001840_jpg.rf.0f2e096eff5adb90972bcb55d8198ee7.jpg,1920,1080,6,True
train,bb_V0033_I0001840_jpg.rf.a41ff5a1d6f7328422683d827f2eab28.jpg,1920,1080,6,True
train,bb_V0033_I0001840_jpg.rf.f03a576de86d74cce1bceaa6cdabbff8.jpg,1920,1080,6,True
train,bb_V0033_I0001880_jpg.rf.271a7e26712044f62a058b8eeb823a70.jpg,1920,1080,11,True
train,bb_V0033_I0001880_jpg.rf.7fb1d409331149e4a78b268b2db8cdb7.jpg,1920,1080,11,True
train,bb_V0033_I0001880_jpg.rf.d02a54a541e67f26a163f875f6f1f2cb.jpg,1920,1080,11,True
train,bb_V0033_I0001920_jpg.rf.3d51fcdf9c4bc54e6481235be517a760.jpg,1920,1080,5,True
train,bb_V0033_I0001920_jpg.rf.8575fc1b6b692fb0fe9ccd0844c9c77f.jpg,1920,1080,5,True
train,bb_V0033_I0001920_jpg.rf.d7f0818d8edd57d6199d95a27b6fe145.jpg,1920,1080,5,True
train,bb_V0033_I0002120_jpg.rf.25506afe6a12e4c65e792043cb99d847.jpg,1920,1080,5,True
train,bb_V0033_I0002120_jpg.rf.6c32166a0ca22e4fb8949e1c932cc7cd.jpg,1920,1080,5,True
train,bb_V0033_I0002120_jpg.rf.e5f05fd4ad40e2f65f119541c37fbb2d.jpg,1920,1080,5,True
train,bb_V0033_I0002200_jpg.rf.34a7404dc1e388358be683de94a585aa.jpg,1920,1080,3,True
train,bb_V0033_I0002200_jpg.rf.b55144e2c67d07d1d3350f9723eb0be2.jpg,1920,1080,3,True
train,bb_V0033_I0002200_jpg.rf.c071ba00f09a941149c4d8f1d01e27bb.jpg,1920,1080,3,True
train,bb_V0033_I0002240_jpg.rf.832f4b2d9e76e9dd8c8a855a54631b0c.jpg,1920,1080,3,True
train,bb_V0033_I0002240_jpg.rf.b9953ef746e4e883e98a9b5abe1d49c2.jpg,1920,1080,3,True
train,bb_V0033_I0002240_jpg.rf.f4b53aca20e4aab371061cb1f85e7833.jpg,1920,1080,3,True
train,bb_V0033_I0002320_jpg.rf.36dd93c4a29eb6fbc0cfd41e29715478.jpg,1920,1080,3,True
train,bb_V0033_I0002320_jpg.rf.506ac19371be4798314f797207e01ca5.jpg,1920,1080,3,True
train,bb_V0033_I0002320_jpg.rf.7ba7a268e4ab745bff5c36d1a6c47b85.jpg,1920,1080,3,True
train,bb_V0033_I0002440_jpg.rf.1be972ad827387dbbe9727a3fe8a5f1d.jpg,1920,1080,2,True
train,bb_V0033_I0002440_jpg.rf.42e9f9657c9bd04d1cce61a6af05a0b6.jpg,1920,1080,2,True
train,bb_V0033_I0002440_jpg.rf.d30a62736574132100580c65ef65f164.jpg,1920,1080,2,True
train,bb_V0033_I0002480_jpg.rf.331ad2159d8884bc6be63dba6f3e9133.jpg,1920,1080,2,True
train,bb_V0033_I0002480_jpg.rf.68cf3f7868ce1a93dad4dac8820a0175.jpg,1920,1080,2,True
train,bb_V0033_I0002480_jpg.rf.e1b0e016d1821d83fc4fc0f3d5014334.jpg,1920,1080,2,True
train,bb_V0033_I0002560_jpg.rf.27eb2e044952e2860b1f39b433a61261.jpg,1920,1080,1,True
train,bb_V0033_I0002560_jpg.rf.b5b0dd3b6f61509435ec42b61436fff2.jpg,1920,1080,1,True
train,bb_V0033_I0002560_jpg.rf.f07a2f2d36f2ac7477f734c660b06186.jpg,1920,1080,1,True
train,bb_V0033_I0002680_jpg.rf.57d0ce82e331175db6b935a611ed3735.jpg,1920,1080,2,True
train,bb_V0033_I0002680_jpg.rf.69e660ee406604c540c519a15277345d.jpg,1920,1080,2,True
train,bb_V0033_I0002680_jpg.rf.8fa3f2f28b56bba3ee2416178767a662.jpg,1920,1080,2,True
train,bb_V0033_I0002720_jpg.rf.5455e85a64f88ae270900e765e7d9560.jpg,1920,1080,2,True
train,bb_V0033_I0002720_jpg.rf.784edad9966ec6d6a850405d29fe52af.jpg,1920,1080,2,True
train,bb_V0033_I0002720_jpg.rf.d00e88a942c0651c02dda7214774dfe7.jpg,1920,1080,2,True
train,bb_V0033_I0002760_jpg.rf.4d3670b65f5d3623b45f222045f466ff.jpg,1920,1080,0,True
train,bb_V0033_I0002760_jpg.rf.993f01f29cb005afd0bf60f76941b065.jpg,1920,1080,1,True
train,bb_V0033_I0002760_jpg.rf.c1bf15ca05fd4d76da0699d629dbaac4.jpg,1920,1080,1,True
train,bb_V0033_I0002880_jpg.rf.3da3e826b0d7fdade04a30936c82035a.jpg,1920,1080,5,True
train,bb_V0033_I0002880_jpg.rf.96f3844c4c69a17c4da6a0edde57d68d.jpg,1920,1080,5,True
train,bb_V0033_I0002880_jpg.rf.ec1ac538344d20b8801f8bbeb8285cb2.jpg,1920,1080,5,True
train,bb_V0033_I0003040_jpg.rf.0959cc1da46e3c1a34f7ae45686d50e1.jpg,1920,1080,4,True
train,bb_V0033_I0003040_jpg.rf.39c937294c8851a17d1e1184b12805fb.jpg,1920,1080,4,True
train,bb_V0033_I0003040_jpg.rf.675518e6fa59f74448196c15ede61d4f.jpg,1920,1080,4,True
train,bb_V0033_I0003280_jpg.rf.b7ecc5c5a5e5bc29a8a2de1dc559b7a7.jpg,1920,1080,5,True
train,bb_V0033_I0003280_jpg.rf.cdfa05dd11282b557c49251a63c44fbb.jpg,1920,1080,5,True
train,bb_V0033_I0003280_jpg.rf.d6d16786e2ac97687cb4b1629d65fe05.jpg,1920,1080,5,True
train,bb_V0033_I0003400_jpg.rf.0593d890f6061138550ff17000ec1f13.jpg,1920,1080,4,True
train,bb_V0033_I0003400_jpg.rf.639c2b77a365da4fa299dbdcad3c5ac7.jpg,1920,1080,4,True
train,bb_V0033_I0003400_jpg.rf.97f2420de1a0b2f0fe0f3ce07117ba65.jpg,1920,1080,4,True
train,bb_V0033_I0003440_jpg.rf.205ad662d0b3cfc0d3d476ebf941960d.jpg,1920,1080,2,True
train,bb_V0033_I0003440_jpg.rf.5f8ce94ec5c43ee2c50176c585a07ba5.jpg,1920,1080,2,True
train,bb_V0033_I0003440_jpg.rf.d211370d9b4dc1929fee2b60daed7363.jpg,1920,1080,2,True
train,bb_V0033_I0003520_jpg.rf.0a34538b9be0e68dc48c6d4abd286098.jpg,1920,1080,3,True
train,bb_V0033_I0003520_jpg.rf.0acf57f0664dc144ea54065f1324cfc9.jpg,1920,1080,3,True
train,bb_V0033_I0003520_jpg.rf.ec31dc3b8ff46d2b5f27e7e4f199f06f.jpg,1920,1080,3,True
train,bb_V0033_I0003760_jpg.rf.8579b770a789f7fbb3888c0f8b61ae9f.jpg,1920,1080,3,True
train,bb_V0033_I0003760_jpg.rf.b0489ff250a2ee56608d144369df8fe9.jpg,1920,1080,3,True
train,bb_V0033_I0003760_jpg.rf.b990f516006f084dbbb0b9982cf556c9.jpg,1920,1080,2,True
train,bb_V0033_I0003840_jpg.rf.2a822ece4e4b1cd8d39d692d44c21344.jpg,1920,1080,3,True
train,bb_V0033_I0003840_jpg.rf.6bc238947d55fbacf2b3e27c2d610ede.jpg,1920,1080,3,True
train,bb_V0033_I0003840_jpg.rf.ff49286c7c5c4a6cb0fbe6a43f7373ad.jpg,1920,1080,3,True
train,bb_V0033_I0003920_jpg.rf.57d5a4e64a53d6fba3ddb84b7b193823.jpg,1920,1080,3,True
train,bb_V0033_I0003920_jpg.rf.b634a0c1156b6d0a69e75f3b9b1438fd.jpg,1920,1080,3,True
train,bb_V0033_I0003920_jpg.rf.ce662f8bf0f168a8c0dea614cb951f37.jpg,1920,1080,3,True
train,bb_V0033_I0004480_jpg.rf.c0f5caddf1555cb8e0cccfbf64a45ab9.jpg,1920,1080,2,True
train,bb_V0033_I0004480_jpg.rf.e55c58b82ea546f9fbfc90ff8f8b7007.jpg,1920,1080,2,True
train,bb_V0033_I0004480_jpg.rf.e7b2f18f98b55bce1d12dcb47b00fcbb.jpg,1920,1080,2,True
train,bb_V0033_I0004560_jpg.rf.01467c3fa865728a126f9a950b2ae7da.jpg,1920,1080,1,True
train,bb_V0033_I0004560_jpg.rf.870b0e88dc53c201023fb41768cdbeed.jpg,1920,1080,1,True
train,bb_V0033_I0004560_jpg.rf.918a9079826ed9e4dcde12cf7aca3fbe.jpg,1920,1080,1,True
train,bb_V0033_I0005360_jpg.rf.69f3dde9731748047b1dcbba7bce96e7.jpg,1920,1080,2,True
train,bb_V0033_I0005360_jpg.rf.c8d6826da46a5925ea5862317bf9ee87.jpg,1920,1080,2,True
train,bb_V0033_I0005360_jpg.rf.c8d79b5e24fa79631359226136a060e7.jpg,1920,1080,2,True
train,bb_V0033_I0006400_jpg.rf.290d51db926f3eec395a2d136e96396a.jpg,1920,1080,2,True
train,bb_V0033_I0006400_jpg.rf.4c5f306f9344b87a04f735ed9c1199e3.jpg,1920,1080,2,True
train,bb_V0033_I0006400_jpg.rf.c224888e2641afb7c0a25deb4e3a5886.jpg,1920,1080,2,True
train,bb_V0033_I0006640_jpg.rf.341bdf95541189b4e6031d424d597ca5.jpg,1920,1080,6,True
train,bb_V0033_I0006640_jpg.rf.547e31321de6fdf211237b99adc71166.jpg,1920,1080,6,True
train,bb_V0033_I0006640_jpg.rf.eb8fb44ce7739d715bbf02bf4e3f854a.jpg,1920,1080,6,True
train,bb_V0033_I0007400_jpg.rf.4add8e0e0b836d37b23105603296dd73.jpg,1920,1080,8,True
train,bb_V0033_I0007400_jpg.rf.bcbf36fe82063f88dd3c39c8ee9c9dcf.jpg,1920,1080,8,True
train,bb_V0033_I0007400_jpg.rf.d9fdfe3e06c22315877252774510c175.jpg,1920,1080,8,True
train,bb_V0033_I0007480_jpg.rf.2cc8eea4841ed3ac3b0fbf901066c4dc.jpg,1920,1080,8,True
train,bb_V0033_I0007480_jpg.rf.724e1c6c1d9371436d9bf6c9984a2ae2.jpg,1920,1080,8,True
train,bb_V0033_I0007480_jpg.rf.a64b4607380c41d1ebdfd35f403e349b.jpg,1920,1080,8,True
train,bb_V0033_I0008080_jpg.rf.01ba273d44e011964889ca7a79b4a579.jpg,1920,1080,62,True
train,bb_V0033_I0008080_jpg.rf.8ba80b3598e4fc0feb04542b20205ec4.jpg,1920,1080,62,True
train,bb_V0033_I0008080_jpg.rf.aa91762eb15c6b7bd35a9bf4644345d3.jpg,1920,1080,62,True
train,bb_V0033_I0008200_jpg.rf.128ffadb2d070a07822db2f1961494de.jpg,1920,1080,60,True
train,bb_V0033_I0008200_jpg.rf.87794a1908da8dbccb4e7ea432e84ee9.jpg,1920,1080,60,True
train,bb_V0033_I0008200_jpg.rf.bc8765ecfa9195a9366dab239bab3a1b.jpg,1920,1080,60,True
train,bb_V0033_I0008840_jpg.rf.1be242ada95f26c127f2fe65036e823d.jpg,1920,1080,1,True
train,bb_V0033_I0008840_jpg.rf.8262cce976f3c8922d19d8ba6f29bcfa.jpg,1920,1080,1,True
train,bb_V0033_I0008840_jpg.rf.f491a36690b26ae11f2111621b09d93c.jpg,1920,1080,1,True
train,bb_V0033_I0009280_jpg.rf.c6e1b19f8db28b688852409be0a5f631.jpg,1920,1080,2,True
train,bb_V0033_I0009280_jpg.rf.e38d3c36fdeb4419b39985bf178a8c3f.jpg,1920,1080,2,True
train,bb_V0033_I0009280_jpg.rf.fa618f309611a2deb9416eba4da02819.jpg,1920,1080,2,True
train,bb_V0033_I0009320_jpg.rf.aef9a6ebe23422d76699b335cc9b077d.jpg,1920,1080,2,True
train,bb_V0033_I0009320_jpg.rf.d284b668195f6d4fd7d9d93b27d42880.jpg,1920,1080,2,True
train,bb_V0033_I0009320_jpg.rf.d75983413f6dbe922f7293f7c09e10ae.jpg,1920,1080,2,True
train,bb_V0033_I0009440_jpg.rf.4977a2c67c86980b4bb63324e3130f5d.jpg,1920,1080,1,True
train,bb_V0033_I0009440_jpg.rf.a0dbe5e117e88a7116a9bb564d01728c.jpg,1920,1080,1,True
train,bb_V0033_I0009440_jpg.rf.e8528dc10e8e08df5a8c02132ab9d3d2.jpg,1920,1080,1,True
train,bb_V0033_I0009480_jpg.rf.20821ac5ddc45ae0dae45b3d60a15606.jpg,1920,1080,1,True
train,bb_V0033_I0009480_jpg.rf.8481a20cdbefa1e9218da0e39f18dbd7.jpg,1920,1080,1,True
train,bb_V0033_I0009480_jpg.rf.ca14ba5cb69fabfe45aa5daa6a108d88.jpg,1920,1080,1,True
train,bb_V0033_I0009520_jpg.rf.7f6db821b6ce9697c991489ea405d39c.jpg,1920,1080,1,True
train,bb_V0033_I0009520_jpg.rf.c8d617fd1d5f1ede8c297a3c336fc8ed.jpg,1920,1080,1,True
train,bb_V0033_I0009520_jpg.rf.d1f02cb51d3675b953065d929ff0a7ed.jpg,1920,1080,1,True
train,bb_V0033_I0009640_jpg.rf.a6280f7b34bf27aab6f41ae0392fa559.jpg,1920,1080,1,True
train,bb_V0033_I0009640_jpg.rf.f262079aaebc37b78e0393f1dcff1a41.jpg,1920,1080,1,True
train,bb_V0033_I0009640_jpg.rf.f66bd30720ae8e7c3bc1e550683ba833.jpg,1920,1080,1,True
train,bb_V0033_I0009800_jpg.rf.1d4cc3789555d015d23002407e01e648.jpg,1920,1080,2,True
train,bb_V0033_I0009800_jpg.rf.42df731448237d75cc6600913f4d6ee0.jpg,1920,1080,2,True
train,bb_V0033_I0009800_jpg.rf.9b6fda654e1549c477b65b45a9176130.jpg,1920,1080,2,True
train,bb_V0033_I0009880_jpg.rf.be0959c3f7106c13bfd0e567858e1127.jpg,1920,1080,1,True
train,bb_V0033_I0009880_jpg.rf.c2bb6686cf13609cbfe3fa512bb07768.jpg,1920,1080,1,True
train,bb_V0033_I0009880_jpg.rf.c43d1775711a7f9d50e699d8515a2a3c.jpg,1920,1080,1,True
train,bb_V0033_I0009960_jpg.rf.4bdd0c28083ecc3a00798aa4abb94b16.jpg,1920,1080,4,True
train,bb_V0033_I0009960_jpg.rf.590b1373759e14b730da38952f1c1548.jpg,1920,1080,4,True
train,bb_V0033_I0009960_jpg.rf.ffc8f0dd0afd8ff0ee1f130e409b3db0.jpg,1920,1080,4,True
train,bb_V0033_I0010280_jpg.rf.13f6a07ce3d208c4f50cf540ada9bc94.jpg,1920,1080,1,True
train,bb_V0033_I0010280_jpg.rf.4037657ffbc0b29fdbeaa11a9107e577.jpg,1920,1080,1,True
train,bb_V0033_I0010280_jpg.rf.e89501b754aba03fbb6473d169eca7d5.jpg,1920,1080,1,True
train,bb_V0034_I0000320_jpg.rf.6d1253feecafa7735ae6ce3f032cf83f.jpg,1920,1080,1,True
train,bb_V0034_I0000320_jpg.rf.9ab655c32118f8fc2c868bf27aff3e3c.jpg,1920,1080,1,True
train,bb_V0034_I0000320_jpg.rf.b919bfdea2ce4f131f92e314ab76f81f.jpg,1920,1080,1,True
train,bb_V0034_I0000600_jpg.rf.70515cbabc2d37d0f5f2f6e032394673.jpg,1920,1080,8,True
train,bb_V0034_I0000600_jpg.rf.8e16ef38bd6d021b48892ac998003b23.jpg,1920,1080,8,True
train,bb_V0034_I0000600_jpg.rf.d96fc6feb3e15c36709f6d3b0910de8a.jpg,1920,1080,8,True
train,bb_V0034_I0001120_jpg.rf.10cf51e95fe26a16677adf2fc863c3f1.jpg,1920,1080,108,True
train,bb_V0034_I0001120_jpg.rf.74246c78862c86d34045417bb0270815.jpg,1920,1080,108,True
train,bb_V0034_I0001120_jpg.rf.891271ce9c9f4726715c3b1d671b21cf.jpg,1920,1080,108,True
train,bb_V0034_I0001160_jpg.rf.adffe8dd043a552a47aad32567635b0a.jpg,1920,1080,89,True
train,bb_V0034_I0001160_jpg.rf.cb2f77dbccd9c3f56e3db3434bf4cbc6.jpg,1920,1080,88,True
train,bb_V0034_I0001160_jpg.rf.e01aac94ac9f44bcc50b350a2df162c3.jpg,1920,1080,89,True
train,bb_V0034_I0001200_jpg.rf.520800663ade2c08b42bbabf4f4cd69f.jpg,1920,1080,63,True
train,bb_V0034_I0001200_jpg.rf.88f10fe71a9381f61fdf71892243b9bf.jpg,1920,1080,65,True
train,bb_V0034_I0001200_jpg.rf.de934b236a1f7c484c65ae847ec47ed9.jpg,1920,1080,65,True
train,bb_V0034_I0001360_jpg.rf.b586c42495c143e86d4d78e5b4ea68e7.jpg,1920,1080,122,True
train,bb_V0034_I0001360_jpg.rf.e42ee6f0a6e271621b5bbe5c80f88655.jpg,1920,1080,121,True
train,bb_V0034_I0001360_jpg.rf.f00eed45f850afb24eeef7f87a5bd9b1.jpg,1920,1080,121,True
train,bb_V0034_I0001600_jpg.rf.66b8461464767b9e3809867102e79b4c.jpg,1920,1080,57,True
train,bb_V0034_I0001600_jpg.rf.bfaacebb0bc54809fbe54eba672e7218.jpg,1920,1080,57,True
train,bb_V0034_I0001600_jpg.rf.ecc03f3b6ec210795f65b1e96fb141aa.jpg,1920,1080,57,True
train,bb_V0034_I0001640_jpg.rf.086e3357ad5024a3391fff64f89235b9.jpg,1920,1080,8,True
train,bb_V0034_I0001640_jpg.rf.352bd0adf6398bbe0bb90926a944bb59.jpg,1920,1080,2,True
train,bb_V0034_I0001640_jpg.rf.7ae4cc8bd99a117f6bec422d3bf28532.jpg,1920,1080,8,True
train,bb_V0034_I0001720_jpg.rf.9c90f5ef2fb07a9201eb0a9f537ba9e7.jpg,1920,1080,20,True
train,bb_V0034_I0001720_jpg.rf.c91e8c359e438174891087ce1c7ce33a.jpg,1920,1080,19,True
train,bb_V0034_I0001720_jpg.rf.f67be73a5ad904f53b952f847a8ea9c1.jpg,1920,1080,20,True
train,bb_V0034_I0004200_jpg.rf.60b692ad529461f12f9d28df0b08da85.jpg,1920,1080,5,True
train,bb_V0034_I0004200_jpg.rf.789999bf589bcee53cc6932dbb6cdbfe.jpg,1920,1080,5,True
train,bb_V0034_I0004200_jpg.rf.79e58f51bf5a512a355e1819511b16a0.jpg,1920,1080,5,True
train,bb_V0034_I0004280_jpg.rf.03b5160887d198ecac402df728a3c6df.jpg,1920,1080,2,True
train,bb_V0034_I0004280_jpg.rf.9c2f6add58bd1fd720050f213ea2e81b.jpg,1920,1080,2,True
train,bb_V0034_I0004280_jpg.rf.ac30dc3320c0d79cc4ab852ea74ed077.jpg,1920,1080,2,True
train,bb_V0034_I0005000_jpg.rf.4eae3142116943d974ae0cbf6c291f97.jpg,1920,1080,2,True
train,bb_V0034_I0005000_jpg.rf.dec3f7b86fa8ced5220910dd5e8df07b.jpg,1920,1080,2,True
train,bb_V0034_I0005000_jpg.rf.ed690b7d4c87de1ccd2502ae774b2dd3.jpg,1920,1080,2,True
train,bb_V0034_I0007960_jpg.rf.2b87cb1483c5b3683f0f9e841cddba6c.jpg,1920,1080,6,True
train,bb_V0034_I0007960_jpg.rf.4ac11b7f51fbc11cacc75604164d8391.jpg,1920,1080,6,True
train,bb_V0034_I0007960_jpg.rf.c9db2ce514cd4b59ef7c1fff90fc3e9f.jpg,1920,1080,6,True
train,bb_V0034_I0008080_jpg.rf.1afe9455d29b56a1707be2851f309198.jpg,1920,1080,3,True
train,bb_V0034_I0008080_jpg.rf.87d5fda8d353fcda52be37e5badc7217.jpg,1920,1080,3,True
train,bb_V0034_I0008080_jpg.rf.f48aef7bad8835407041915d29238c39.jpg,1920,1080,3,True
train,bb_V0035_I0001160_jpg.rf.3b93262ea548c4666779ec0d65f5ec3b.jpg,1920,1080,315,True
train,bb_V0035_I0001160_jpg.rf.a638c1e967d7df132de4379f0b87ab23.jpg,1920,1080,315,True
train,bb_V0035_I0001160_jpg.rf.fc328230a39ad201bfdef8502150addb.jpg,1920,1080,315,True
train,bb_V0035_I0001640_jpg.rf.28e8d0b8c316418af1de8c25e7ddf8f4.jpg,1920,1080,221,True
train,bb_V0035_I0001640_jpg.rf.e3ca800dec5cfca7279012d388503e3f.jpg,1920,1080,227,True
train,bb_V0035_I0001640_jpg.rf.e75ea32fb09819552556788f95cfe2b9.jpg,1920,1080,227,True
train,bb_V0035_I0002080_jpg.rf.7537513ec36a72f5a62a01eb65f924ee.jpg,1920,1080,185,True
train,bb_V0035_I0002080_jpg.rf.795aafd60806d6a15341251390fdeb6c.jpg,1920,1080,172,True
train,bb_V0035_I0002080_jpg.rf.c6ae02e2e4d6c6019a8205252e95e5af.jpg,1920,1080,185,True
train,bb_V0035_I0002200_jpg.rf.1f84d1d75b81cb57fb56447fb8c1e0ed.jpg,1920,1080,140,True
train,bb_V0035_I0002200_jpg.rf.285723e90183e185a1b407093790660b.jpg,1920,1080,140,True
train,bb_V0035_I0002200_jpg.rf.91d3d1fcb1f7c15e2576b1a08b712bac.jpg,1920,1080,140,True
train,bb_V0035_I0002280_jpg.rf.2ee6733a3fb2c0d1ee55dbf45ca7ecd0.jpg,1920,1080,7,True
train,bb_V0035_I0002280_jpg.rf.41bd202bb5b35c9b480ff3b3d325f9ee.jpg,1920,1080,7,True
train,bb_V0035_I0002280_jpg.rf.6a58dd2cacc85ff814c799135a72e0b3.jpg,1920,1080,7,True
train,bb_V0035_I0002360_jpg.rf.198ca1e0026cb9dcccf0558f532e5638.jpg,1920,1080,21,True
train,bb_V0035_I0002360_jpg.rf.1e0ed9c3dd6480781b23560b529c3ea8.jpg,1920,1080,21,True
train,bb_V0035_I0002360_jpg.rf.9f3fe9767c244af5575625be4173c8b3.jpg,1920,1080,21,True
train,bb_V0035_I0002400_jpg.rf.0724f98ed4bc6a52b42b460c2cd865cb.jpg,1920,1080,19,True
train,bb_V0035_I0002400_jpg.rf.3181c00782621072c4fceeee43cba5de.jpg,1920,1080,19,True
train,bb_V0035_I0002400_jpg.rf.999ff79887fddc2c1bc322eccb51a333.jpg,1920,1080,19,True
train,bb_V0035_I0002600_jpg.rf.876ef7f39d1adb7652215da9357f8ed7.jpg,1920,1080,44,True
train,bb_V0035_I0002600_jpg.rf.9a65a56256248b5713f02218caa7c456.jpg,1920,1080,48,True
train,bb_V0035_I0002600_jpg.rf.d00034994a0f053aae66abaf4436b4dc.jpg,1920,1080,48,True
train,bb_V0035_I0004080_jpg.rf.49cecebbceee7df91afe0eafcf02f26c.jpg,1920,1080,220,True
train,bb_V0035_I0004080_jpg.rf.98e540040351d9a12a5aa13f673ffb81.jpg,1920,1080,218,True
train,bb_V0035_I0004080_jpg.rf.d8f97e2dc2d7244908b0ca52af958978.jpg,1920,1080,220,True
train,bb_V0035_I0004840_jpg.rf.13fdd316302a38893009dd8c5a65ffe1.jpg,1920,1080,152,True
train,bb_V0035_I0004840_jpg.rf.29e5098fa73a5f87b33c489deaceaa85.jpg,1920,1080,156,True
train,bb_V0035_I0004840_jpg.rf.5ecd37bcc5975259fa0991d6c82a0f3c.jpg,1920,1080,118,True
train,bb_V0036_I0000360_jpg.rf.13188f9caaff4da63b30833e3fa94308.jpg,1280,720,112,True
train,bb_V0036_I0000360_jpg.rf.b375c0748c95c5396fbec42296f885d0.jpg,1280,720,112,True
train,bb_V0036_I0000360_jpg.rf.db9a18ee4a3e4985ed589cb442867990.jpg,1280,720,111,True
train,bb_V0036_I0001000_jpg.rf.5ebc45956c0ac22b731a3de7fee367d1.jpg,1280,720,3,True
train,bb_V0036_I0001000_jpg.rf.baa3fb957ea34ab4eca75efb171e2feb.jpg,1280,720,3,True
train,bb_V0036_I0001000_jpg.rf.d9462b5f1853522865054dc8e8456b8e.jpg,1280,720,3,True
train,bb_V0036_I0001040_jpg.rf.17acd4459859060f9b1cbfcbc4a659e7.jpg,1280,720,7,True
train,bb_V0036_I0001040_jpg.rf.7d3a5fbf0a750a8a0e30fd99309fd861.jpg,1280,720,7,True
train,bb_V0036_I0001040_jpg.rf.acb92bcc693605a52c73b6f9045f4b44.jpg,1280,720,7,True
train,bb_V0036_I0001080_jpg.rf.4f8d3d80364788a0859ed6a6bd09e57c.jpg,1280,720,1,True
train,bb_V0036_I0001080_jpg.rf.a2ee0a78f9d2aee86fca6dedd239a4d6.jpg,1280,720,1,True
train,bb_V0036_I0001080_jpg.rf.ebf957675462f508f07c137bc0373ae1.jpg,1280,720,1,True
train,bb_V0036_I0001160_jpg.rf.bcee9b760084e5d2801721f099091f9e.jpg,1280,720,4,True
train,bb_V0036_I0001160_jpg.rf.e40de03e764fe6d1b09b3ba0bee65cc8.jpg,1280,720,4,True
train,bb_V0036_I0001160_jpg.rf.e72bc09dd15306cc7239bc35bd0c8853.jpg,1280,720,4,True
train,bb_V0036_I0001200_jpg.rf.e994049c99d660486935a14543e15e6a.jpg,1280,720,1,True
train,bb_V0036_I0001200_jpg.rf.f7d5069991e5fc0a8f6c1a6a72ecd140.jpg,1280,720,1,True
train,bb_V0036_I0001200_jpg.rf.f868197ef69e5678eef47dddca34fb2e.jpg,1280,720,1,True
train,bb_V0036_I0001280_jpg.rf.4ee790499beff070ed8223bac128db1d.jpg,1280,720,31,True
train,bb_V0036_I0001280_jpg.rf.57cbf703957afef65b4c0f839f1511a6.jpg,1280,720,31,True
train,bb_V0036_I0001280_jpg.rf.7de8e126c5b358e5c2bf71984ab23ce0.jpg,1280,720,31,True
train,bb_V0036_I0001400_jpg.rf.065aeec0b0e6b587fd63402fef389a4f.jpg,1280,720,49,True
train,bb_V0036_I0001400_jpg.rf.20aebebe4f8d54f150995ae1fd2a4812.jpg,1280,720,52,True
train,bb_V0036_I0001400_jpg.rf.b3f85cc4e6fab8890a39cc881ee831ab.jpg,1280,720,52,True
train,bb_V0036_I0001520_jpg.rf.7da971dbfd08edba0acf8364b8c6bf0c.jpg,1280,720,2,True
train,bb_V0036_I0001520_jpg.rf.a4b5ff3a64ec47fabc8c16f52bd48dbe.jpg,1280,720,2,True
train,bb_V0036_I0001520_jpg.rf.d61a5ded8792fa6265fcb4e1d95fcf9c.jpg,1280,720,2,True
train,bb_V0036_I0002160_jpg.rf.7afc195513eb9d00e6094e6456236646.jpg,1280,720,3,True
train,bb_V0036_I0002160_jpg.rf.9df6c354c18f4d06047e60c7bc7f4b23.jpg,1280,720,3,True
train,bb_V0036_I0002160_jpg.rf.fc96a980b5b39cf9f7b1d63c3196e08f.jpg,1280,720,3,True
train,bb_V0036_I0002680_jpg.rf.3412ad75b31262be8c68a6d9f6fbd5eb.jpg,1280,720,15,True
train,bb_V0036_I0002680_jpg.rf.369cc87c21ecd52d714054ec4cafad18.jpg,1280,720,15,True
train,bb_V0036_I0002680_jpg.rf.8b8bd0bca93f07020ee7e4ca01728c43.jpg,1280,720,15,True
train,bing000_2009040913572766058_jpg.rf.66cd3d2c5a39918eceb3536a3ef35e36.jpg,1024,768,2,True
train,bing000_2009040913572766058_jpg.rf.7560d03c88c0204d65bee0b92e69ae45.jpg,1024,768,2,True
train,bing000_2009040913572766058_jpg.rf.f42853d3194edc399e87dd456e8a5ea6.jpg,1024,768,2,True
train,bing000_b3f5501754d3424ab6ab88ee85592888_th_jpg.rf.64afe7c37d9832987efc8f84e7a1751e.jpg,2048,1368,3,True
train,bing000_b3f5501754d3424ab6ab88ee85592888_th_jpg.rf.c0873e537e4bf0fcf97d50e40a59c002.jpg,2048,1368,3,True
train,bing000_b3f5501754d3424ab6ab88ee85592888_th_jpg.rf.d64ad67a31de26187748ec78c897c6f2.jpg,2048,1368,3,True
train,bing000_glss_44_jpg.rf.208050b3db7a97da55e51c79a944ed52.jpg,1280,960,1,True
train,bing000_glss_44_jpg.rf.457b409dcaaf2c8e96a664ccdb57b350.jpg,1280,960,1,True
train,bing000_glss_44_jpg.rf.5170b706c2e0f272912e41c26e15c491.jpg,1280,960,1,True
train,bing_P000_100q0f0000007ddhhA2F6_jpg.rf.26fa300c4a80efe23b167a482300f68c.jpg,1280,845,6,True
train,bing_P000_100q0f0000007ddhhA2F6_jpg.rf.a890c017c571a06b20feec1cb41e363b.jpg,1280,845,6,True
train,bing_P000_100q0f0000007ddhhA2F6_jpg.rf.c71cbe9407d81eac12d93f786b3172e9.jpg,1280,845,6,True
train,bing_P000_1165551_234642054401_2_jpg.rf.041c352ed5af5ceac78a5c77aafca9b9.jpg,1024,768,12,True
train,bing_P000_1165551_234642054401_2_jpg.rf.af1741a1a844879d32ed46adf333ab0b.jpg,1024,768,12,True
train,bing_P000_1165551_234642054401_2_jpg.rf.aff9a0286aca543c02f99e4cfa2365bf.jpg,1024,768,12,True
train,bing_P000_12372996_235300674175_2_jpg.rf.7542a32b9a3f732491e9e46e433ea040.jpg,1024,768,1,True
train,bing_P000_12372996_235300674175_2_jpg.rf.88468506ef188d7fa03e15ff8a90f601.jpg,1024,768,1,True
train,bing_P000_12372996_235300674175_2_jpg.rf.aa3cb852aaa665c1c140322ed150ae18.jpg,1024,768,1,True
train,bing_P000_17989670_17989670_1359993127203_jpg.rf.263e1c6626cf8e3208e577cca6a9cc54.jpg,2048,1216,22,True
train,bing_P000_17989670_17989670_1359993127203_jpg.rf.5e2126eef692315606045060c1040d7e.jpg,2048,1216,22,True
train,bing_P000_17989670_17989670_1359993127203_jpg.rf.70dfbe0d34950522606069cdf5c6f90c.jpg,2048,1216,22,True
train,bing_P000_2008512103913872_2_jpg.rf.65314c680e3c187ca0d1690ec96db735.jpg,1024,768,13,True
train,bing_P000_2008512103913872_2_jpg.rf.7084cfd871363ff56657820628293c8d.jpg,1024,768,14,True
train,bing_P000_2008512103913872_2_jpg.rf.a680abe980f66d45694fb44d7c204a11.jpg,1024,768,14,True
train,bing_P000_20110117_7ca596d5cfa55ab25ed0Ktk2kHjmNNkn_jpg.rf.4683ca7495f5d25d1f77e7c05b934302.jpg,1600,1200,44,True
train,bing_P000_20110117_7ca596d5cfa55ab25ed0Ktk2kHjmNNkn_jpg.rf.7445a0e43b6b779c40dea509c1955668.jpg,1600,1200,44,True
train,bing_P000_20110117_7ca596d5cfa55ab25ed0Ktk2kHjmNNkn_jpg.rf.a1164966cbdc8d1c8d298c59266d8eed.jpg,1600,1200,43,True
train,bing_P000_2012112511085316540_jpg.rf.0072f24185dc8ed56cc92e9ec292f121.jpg,1024,768,10,True
train,bing_P000_2012112511085316540_jpg.rf.806b052b571562ef8358ea90cfd96d6c.jpg,1024,768,9,True
train,bing_P000_2012112511085316540_jpg.rf.e1e9b0873a40ce1728e3e18c781a6c1b.jpg,1024,768,10,True
train,bing_P000_201508171437108276_jpg.rf.208eb8767024d6efa8040ab540f38e2d.jpg,1600,900,13,True
train,bing_P000_201508171437108276_jpg.rf.a723be70a15c59e7d6dd26d86738b2e4.jpg,1600,900,13,True
train,bing_P000_201508171437108276_jpg.rf.c706587bce5a48e94e859535b30f8e99.jpg,1600,900,13,True
train,bing_P000_214435m0amrezrdnwfxrxa_jpg.rf.120511960baad6011fc8ef37f66ea9a3.jpg,2048,1536,35,True
train,bing_P000_214435m0amrezrdnwfxrxa_jpg.rf.89b95ea57bc5e9e363e3b0a62b289404.jpg,2048,1536,34,True
train,bing_P000_214435m0amrezrdnwfxrxa_jpg.rf.e0722e9d74da3c2458a7f8c2514c7f9b.jpg,2048,1536,34,True
train,bing_P000_24023926_24023926_1375371139289_jpg.rf.270d52b1276c9edda159d344923dfb07.jpg,2048,1536,35,True
train,bing_P000_24023926_24023926_1375371139289_jpg.rf.d921570047e0eebfe178d872de5198e2.jpg,2048,1536,35,True
train,bing_P000_24023926_24023926_1375371139289_jpg.rf.dcc4916ff352ea4f795d36735eb69c27.jpg,2048,1536,35,True
train,bing_P000_367362_174157147172_2_jpg.rf.2414354ae330396e9de11eed79c7d155.jpg,1024,740,139,True
train,bing_P000_367362_174157147172_2_jpg.rf.b00a966ba1d6887d62b81feeecfc9878.jpg,1024,740,132,True
train,bing_P000_367362_174157147172_2_jpg.rf.c2b47bdaf6f961a2a7e9b814fb06a821.jpg,1024,740,132,True
train,bing_P000_42288e0050a245049627a1e85e82fddf_th_jpg.rf.0857afc6fd62bab92d62e7100b592c61.jpg,1024,683,42,True
train,bing_P000_42288e0050a245049627a1e85e82fddf_th_jpg.rf.b803939c9d4dbb42c1c6b86d6886c960.jpg,1024,683,42,True
train,bing_P000_42288e0050a245049627a1e85e82fddf_th_jpg.rf.eb6f6407b5cf25de451ea3249af75ce5.jpg,1024,683,42,True
train,bing_P000_5518b70991785_jpg.rf.11b44a72accdc529d3826c34318f3968.jpg,1920,860,72,True
train,bing_P000_5518b70991785_jpg.rf.4c04390da3c95f65624e636dd1e18a87.jpg,1920,860,72,True
train,bing_P000_5518b70991785_jpg.rf.83134872aa908531b49362d7a95b0fca.jpg,1920,860,72,True
train,bing_P000_6308827_060005495772_2_jpg.rf.48fb8654ed051bcd02c60b7d41090f0c.jpg,768,1024,7,True
train,bing_P000_6308827_060005495772_2_jpg.rf.8e3eb5858406a613e32b7e71659f5934.jpg,768,1024,7,True
train,bing_P000_6308827_060005495772_2_jpg.rf.b86e4d81dc647b7108f4c3462f6d99f7.jpg,768,1024,7,True
train,bing_P000_6325504_185935246146_2_jpg.rf.b34f58f2f7f65a48dc7c4266942bf0db.jpg,1024,768,5,True
train,bing_P000_6325504_185935246146_2_jpg.rf.cc77e13f38dfe608b121d3d429f8086a.jpg,1024,768,5,True
train,bing_P000_6325504_185935246146_2_jpg.rf.d10a30c15fdd02facb45e41161a25391.jpg,1024,768,5,True
train,bing_P000_8862579_8862579_1315095643000_jpg.rf.5b5c3c6d5a05b830a454370d315a6d5e.jpg,1500,1004,20,True
train,bing_P000_8862579_8862579_1315095643000_jpg.rf.d09a36809ed8bb798188e017890677c1.jpg,1500,1004,20,True
train,bing_P000_8862579_8862579_1315095643000_jpg.rf.dc784192c2a11e9b5b546500f399142d.jpg,1500,1004,20,True
train,bing_P000_94_jpg.rf.70e7ebc5dad240da82b38224a16ad843.jpg,1600,905,16,True
train,bing_P000_94_jpg.rf.8574dfc99e8672f935b9a50ac4c4f54a.jpg,1600,905,16,True
train,bing_P000_94_jpg.rf.b7ca0c07402517dd285ffda72ce29e8d.jpg,1600,905,16,True
train,bing_P000_9705071_200721594152_2_jpg.rf.4e35f52f31994188e3ed6aca3dbba8a4.jpg,765,1024,9,True
train,bing_P000_9705071_200721594152_2_jpg.rf.79d1bae8aa32b08c07e080ab9d074462.jpg,765,1024,7,True
train,bing_P000_9705071_200721594152_2_jpg.rf.8501b738a726acfb35269834dcd470de.jpg,765,1024,9,True
train,bing_P000_a24908bfb6be4282fb0bb64be4c6558f_jpg.rf.0e417a03e1d307b8d69d921cb46fefbf.jpg,1200,800,58,True
train,bing_P000_a24908bfb6be4282fb0bb64be4c6558f_jpg.rf.65a6466b3083beb532d0d299e958f3cc.jpg,1200,800,58,True
train,bing_P000_a24908bfb6be4282fb0bb64be4c6558f_jpg.rf.c9d467d96af878ca9362fec9f7c8b29d.jpg,1200,800,58,True
train,bing_P000_CggYHVZXskOAUwd3AAMxQdHpJ88420_jpg.rf.21eabed01a8c600eafc5d6aa0b2faab4.jpg,1536,2048,9,True
train,bing_P000_CggYHVZXskOAUwd3AAMxQdHpJ88420_jpg.rf.cb7be393bf44ab571c84ce82eb5958b5.jpg,1536,2048,9,True
train,bing_P000_CggYHVZXskOAUwd3AAMxQdHpJ88420_jpg.rf.f190ab49ba0840df902efcce37b2ca79.jpg,1536,2048,9,True
train,bing_P000_CghzfVV7cCuAOsUmAAJwfSQI7n4788_jpg.rf.1c72b1565c7e16d8fba03cabba5d5afd.jpg,1334,889,1,True
train,bing_P000_CghzfVV7cCuAOsUmAAJwfSQI7n4788_jpg.rf.59c7c93c3674e39ea9f7df3bbc40ba07.jpg,1334,889,1,True
train,bing_P000_CghzfVV7cCuAOsUmAAJwfSQI7n4788_jpg.rf.c7cebc7c5afb32f6c34b53202a394e9d.jpg,1334,889,1,True
train,bing_P000_tooopen_09320794_jpg.rf.2fe9d50e5a1f8db3ee7f9c34ebd4ff7c.jpg,1024,768,4,True
train,bing_P000_tooopen_09320794_jpg.rf.61f440f8bb58103cdcff33e5638bf962.jpg,1024,768,4,True
train,bing_P000_tooopen_09320794_jpg.rf.9b2df2857ad3762f502733364dbcfd92.jpg,1024,768,4,True
train,bing_P000_wKgBZ1i5w6iAan-nAAqdnFOV1H888_jpg.rf.75d79335cf7b8b2069d7eabf7ebbb78a.jpg,2048,1530,41,True
train,bing_P000_wKgBZ1i5w6iAan-nAAqdnFOV1H888_jpg.rf.f9bec399bf2df34a6e12ad6ac3995e5e.jpg,2048,1530,41,True
train,bing_P000_wKgBZ1i5w6iAan-nAAqdnFOV1H888_jpg.rf.fdeb4716dd24d5ab460837d429fb8bf1.jpg,2048,1530,40,True
train,chitube_V0002_I0001220_jpg.rf.185da9efa001de233a68e158b5ef9761.jpg,1920,1072,300,True
train,chitube_V0002_I0001220_jpg.rf.32887753c99ac3398fa2a4a6111eca86.jpg,1920,1072,303,True
train,chitube_V0002_I0001220_jpg.rf.423cd0a09d8d419ab3cad36ebf17d1fb.jpg,1920,1072,301,True
train,chitube_V0002_I0002940_jpg.rf.2fc253c2526653c62f553b05f445f221.jpg,1920,1072,505,True
train,chitube_V0002_I0002940_jpg.rf.632f492a80495123a317bbf35f02a701.jpg,1920,1072,481,True
train,chitube_V0002_I0002940_jpg.rf.e50bca75ecc1cd019533542d50bf01f6.jpg,1920,1072,505,True
train,chitube_V0005_I0001080_jpg.rf.1aa38f5297c0d264c5149ecfa7863db8.jpg,1280,720,359,True
train,chitube_V0005_I0001080_jpg.rf.d8dfe146610b26de83c908c35de74850.jpg,1280,720,355,True
train,chitube_V0005_I0001080_jpg.rf.f44720e7ea0c8a4f3cd8ff695037e63c.jpg,1280,720,359,True
train,chitube_V0005_I0001480_jpg.rf.9e7c73498cc5193cf57e054135593be7.jpg,1280,720,186,True
train,chitube_V0005_I0001480_jpg.rf.aebf134beb22cc0370cce0bafe7e135d.jpg,1280,720,186,True
train,chitube_V0005_I0001480_jpg.rf.e8345c3ff4e5192cd0dd8c5ae586dd31.jpg,1280,720,186,True
train,chitube_V0005_I0001960_jpg.rf.8b010bf9c693dde78b6c7d908ac23ab3.jpg,1280,720,222,True
train,chitube_V0005_I0001960_jpg.rf.90ed1d403016e06168409a91da514cbe.jpg,1280,720,237,True
train,chitube_V0005_I0001960_jpg.rf.e44ce1da2af1670009fb5e9fd197e9db.jpg,1280,720,239,True
train,chitube_V0005_I0002200_jpg.rf.07adcdb9d73fac09856de6fd7cacc3fe.jpg,1280,720,134,True
train,chitube_V0005_I0002200_jpg.rf.65d974b07ecf3baa4ff078b8f7013705.jpg,1280,720,135,True
train,chitube_V0005_I0002200_jpg.rf.8aecc1d56fab5ec6be26174de9128144.jpg,1280,720,135,True
train,chitube_V0005_I0003120_jpg.rf.6bd3c12f0a6c153fac66ecfb9a46e762.jpg,1280,720,20,True
train,chitube_V0005_I0003120_jpg.rf.6ebb8671c061ded5d9fd600e2dac27b6.jpg,1280,720,65,True
train,chitube_V0005_I0003120_jpg.rf.c55d56b52e39dd4de1c210563c4b0bd2.jpg,1280,720,83,True
train,chitube_V0006_I0000020_jpg.rf.1a71a18f4a0daa4491ab37c7c70dd611.jpg,1920,1072,123,True
train,chitube_V0006_I0000020_jpg.rf.60581f29ca006e20ada2d60603a3dfe2.jpg,1920,1072,123,True
train,chitube_V0006_I0000020_jpg.rf.a1f758b1793e2fbecddbc6209fcb557c.jpg,1920,1072,123,True
train,chitube_V0006_I0000160_jpg.rf.1df9e25f5e414814087b7d7db7b6c57d.jpg,1920,1072,30,True
train,chitube_V0006_I0000160_jpg.rf.844c0a3be2d0ad7d1ea945bf7fa5fff4.jpg,1920,1072,30,True
train,chitube_V0006_I0000160_jpg.rf.aba91d2994058b19edfe6b6fdce32bba.jpg,1920,1072,30,True
train,chitube_V0006_I0000460_jpg.rf.11b137c53575040f3f9e80a794986414.jpg,1920,1072,17,True
train,chitube_V0006_I0000460_jpg.rf.75976156b9e5a7ec3367bf4907be61a8.jpg,1920,1072,15,True
train,chitube_V0006_I0000460_jpg.rf.f73e8201ee130406246b6addc636b9b0.jpg,1920,1072,17,True
train,chitube_V0006_I0001000_jpg.rf.74284af9adc25e81057f6e16af66f756.jpg,1920,1072,173,True
train,chitube_V0006_I0001000_jpg.rf.99517f2decdc5fd742d68fcdaf7bac23.jpg,1920,1072,168,True
train,chitube_V0006_I0001000_jpg.rf.eeebc3095b759dc79bf97a2e77002ae0.jpg,1920,1072,173,True
train,chitube_V0006_I0001620_jpg.rf.a3b51229a966ec5511452e1f320e46da.jpg,1920,1072,131,True
train,chitube_V0006_I0001620_jpg.rf.ccf51961d45f633e5e8adab2389ec155.jpg,1920,1072,130,True
train,chitube_V0006_I0001620_jpg.rf.dacbf5d2a4a56067a931f23697e822f3.jpg,1920,1072,132,True
train,chitube_V0006_I0001780_jpg.rf.4761c336f90018909e570ff5e7a76c66.jpg,1920,1072,115,True
train,chitube_V0006_I0001780_jpg.rf.733e0b6a9bb904232618b6c1a48f100e.jpg,1920,1072,114,True
train,chitube_V0006_I0001780_jpg.rf.f72a5939cf7f500380cad1ecce7cbd54.jpg,1920,1072,110,True
train,chitube_V0006_I0001920_jpg.rf.330c4c6ae94db5b61a1bbd251067eb4f.jpg,1920,1072,16,True
train,chitube_V0006_I0001920_jpg.rf.40809584fca069ebe8d1335ddbe29f4c.jpg,1920,1072,16,True
train,chitube_V0006_I0001920_jpg.rf.ae56f4a338f310875e14d693b8e690c8.jpg,1920,1072,16,True
train,chitube_V0006_I0002740_jpg.rf.1bdfe27675261cfcbd2bf6cec2ac4ec6.jpg,1920,1072,89,True
train,chitube_V0006_I0002740_jpg.rf.8111d589eb5c4c57213e6cb09fd29eef.jpg,1920,1072,88,True
train,chitube_V0006_I0002740_jpg.rf.f3e042d476f897ff37cdd7af0ad58dde.jpg,1920,1072,89,True
train,chitube_V0006_I0004960_jpg.rf.20cdfcabdaa524d40fe5810c44a4aa84.jpg,1920,1072,155,True
train,chitube_V0006_I0004960_jpg.rf.ae02242b0ad7b16c6f1e99a2065635df.jpg,1920,1072,155,True
train,chitube_V0006_I0004960_jpg.rf.b212d4b1cc47b03a956516e21c4165b6.jpg,1920,1072,156,True
train,chitube_V0006_I0005060_jpg.rf.37a31e215b2934cbc9c0127bb461671d.jpg,1920,1072,102,True
train,chitube_V0006_I0005060_jpg.rf.638f3465f3f6ac6726c09146ef94c2cc.jpg,1920,1072,95,True
train,chitube_V0006_I0005060_jpg.rf.ad9af614438d7c12b7c56936a81ef23f.jpg,1920,1072,102,True
train,chitube_V0006_I0005100_jpg.rf.2d036e3670321e898a715f094521fe4d.jpg,1920,1072,71,True
train,chitube_V0006_I0005100_jpg.rf.478aa5108af43a435a55f4032c2b6d0b.jpg,1920,1072,71,True
train,chitube_V0006_I0005100_jpg.rf.d5985e9b4c6bed8f4df3c0474b563c04.jpg,1920,1072,71,True
train,chitube_V0006_I0005520_jpg.rf.71eb56b64e047644a7353e2cec7513c7.jpg,1920,1072,49,True
train,chitube_V0006_I0005520_jpg.rf.d44ee577542b90a0c66676eeeced229c.jpg,1920,1072,49,True
train,chitube_V0006_I0005520_jpg.rf.fd725d5f71bcb303b0c17de548e7373f.jpg,1920,1072,49,True
train,chitube_V0007_I0000280_jpg.rf.761b7dccb43e3b9d607eebfbcdf133d2.jpg,1920,1080,147,True
train,chitube_V0007_I0000280_jpg.rf.cc6b61e238f02084dd3bf5b6af464eeb.jpg,1920,1080,147,True
train,chitube_V0007_I0000280_jpg.rf.cfb0cadb217657b3f15304d111186480.jpg,1920,1080,147,True
train,chitube_V0007_I0001640_jpg.rf.0b7b4889daafcda055c5f3cb68b00916.jpg,1920,1080,83,True
train,chitube_V0007_I0001640_jpg.rf.67bc27db5d3d93fe74b02bd8ef0aadd5.jpg,1920,1080,80,True
train,chitube_V0007_I0001640_jpg.rf.76a02c01fbcc58d164e99709f8b924e0.jpg,1920,1080,83,True
train,chitube_V0007_I0002360_jpg.rf.36ad8e016de41896a65deee6dc79ca1b.jpg,1920,1080,43,True
train,chitube_V0007_I0002360_jpg.rf.4963ae0efa9ca4d0873e180fdfb442e6.jpg,1920,1080,43,True
train,chitube_V0007_I0002360_jpg.rf.c51f4fba6cadfdb3a313e7e95f6a3b0c.jpg,1920,1080,37,True
train,chitube_V0007_I0002840_jpg.rf.b1196b09f6a7b22307915cb96a907ea4.jpg,1920,1080,40,True
train,chitube_V0007_I0002840_jpg.rf.cdd3c2140b0cac954763601099be0868.jpg,1920,1080,40,True
train,chitube_V0007_I0002840_jpg.rf.e6b35e948d4b18d19a50f1af9f8919d4.jpg,1920,1080,40,True
train,chitube_V0007_I0002920_jpg.rf.164978643a2e2ba841629e36fcd23d30.jpg,1920,1080,103,True
train,chitube_V0007_I0002920_jpg.rf.f25b8d8085901a0172412ec7a59dbfb5.jpg,1920,1080,74,True
train,chitube_V0007_I0002920_jpg.rf.f9b91b49d3468d9105ffbceae56608e2.jpg,1920,1080,103,True
train,chitube_V0007_I0004680_jpg.rf.50c47f53c38f93f985a310e241b73d1f.jpg,1920,1080,75,True
train,chitube_V0007_I0004680_jpg.rf.6018e71487a80cc22409c45dbab47bb3.jpg,1920,1080,75,True
train,chitube_V0007_I0004680_jpg.rf.925d5eadf93dd0014b76191bafa6242e.jpg,1920,1080,75,True
train,chitube_V0007_I0006760_jpg.rf.7306664b0f231591d8c8d6c32e546e68.jpg,1920,1080,89,True
train,chitube_V0007_I0006760_jpg.rf.762008527e931309ae1d584f2f09e9f7.jpg,1920,1080,89,True
train,chitube_V0007_I0006760_jpg.rf.7795b7df6cd8e850a304dc048a80a063.jpg,1920,1080,83,True
train,chitube_V0007_I0007840_jpg.rf.785bda8cc175b9af8840894830f69fdc.jpg,1920,1080,15,True
train,chitube_V0007_I0007840_jpg.rf.d1ea0b2d56d5527ad37fac1a76c2113b.jpg,1920,1080,15,True
train,chitube_V0007_I0007840_jpg.rf.fb8758abcdc30801bb1829ec116409ea.jpg,1920,1080,15,True
train,chitube_V0007_I0008280_jpg.rf.13e3838307aaebc84659d4b3c7825984.jpg,1920,1080,93,True
train,chitube_V0007_I0008280_jpg.rf.3189285b4b8341b865864e50e03c51c2.jpg,1920,1080,90,True
train,chitube_V0007_I0008280_jpg.rf.7a6bfe6cdfde49f0994fab2e48fc4122.jpg,1920,1080,93,True
train,chitube_V0007_I0008600_jpg.rf.2ceb853adc88a3aede96491c031d4358.jpg,1920,1080,155,True
train,chitube_V0007_I0008600_jpg.rf.370e41d4fc99811d114016581cce9ce0.jpg,1920,1080,156,True
train,chitube_V0007_I0008600_jpg.rf.96f861d6caae59b9ce550d483457e925.jpg,1920,1080,156,True
train,chitube_V0008_I0001960_jpg.rf.6e8f0aa89a0546a98c0f4ee01e5b6669.jpg,1280,720,124,True
train,chitube_V0008_I0001960_jpg.rf.76fe21bf23c30d932b0d84aa14f90654.jpg,1280,720,125,True
train,chitube_V0008_I0001960_jpg.rf.c61e4257c999eb52e7952213799836eb.jpg,1280,720,125,True
train,chitube_V0008_I0002300_jpg.rf.409c2e5246a93bfd835496d421d83382.jpg,1280,720,148,True
train,chitube_V0008_I0002300_jpg.rf.7de9347cb3ec8387696b3c93cf15ccc4.jpg,1280,720,148,True
train,chitube_V0008_I0002300_jpg.rf.7efe823c5d43e867ea21f362deeebb99.jpg,1280,720,144,True
train,chitube_V0008_I0002500_jpg.rf.44337217d7517295059900b8254a7730.jpg,1280,720,61,True
train,chitube_V0008_I0002500_jpg.rf.4ad33ba491718f80d2b07bee39fec5b5.jpg,1280,720,61,True
train,chitube_V0008_I0002500_jpg.rf.a9b8c32e28e5df26e27e548956b24bac.jpg,1280,720,61,True
train,chitube_V0008_I0003160_jpg.rf.1d34e97e2ff70ca9afb50c30fadd6b54.jpg,1280,720,182,True
train,chitube_V0008_I0003160_jpg.rf.56225874adedaabc888830e54f1c8fb0.jpg,1280,720,182,True
train,chitube_V0008_I0003160_jpg.rf.eb112ac7f8cd5c03e44ade6fe35d7503.jpg,1280,720,182,True
train,chitube_V0008_I0004160_jpg.rf.01aef79c572687c8afa07b2edfb3489a.jpg,1280,720,157,True
train,chitube_V0008_I0004160_jpg.rf.606ce18c8af68b555063307574e26cb2.jpg,1280,720,146,True
train,chitube_V0008_I0004160_jpg.rf.e34c088c26d8393ddeac2cbbcf91330c.jpg,1280,720,154,True
train,chitube_V0009_I0000320_jpg.rf.0aa7141e7711a236471422be5be820e5.jpg,1920,1072,47,True
train,chitube_V0009_I0000320_jpg.rf.30f5c5ced1280f8679e6e55c4860c85e.jpg,1920,1072,47,True
train,chitube_V0009_I0000320_jpg.rf.55867731be70457cfef7983cedc0381d.jpg,1920,1072,47,True
train,chitube_V0009_I0000440_jpg.rf.4928a140e4e389f5ba318e5be96728af.jpg,1920,1072,13,True
train,chitube_V0009_I0000440_jpg.rf.818a3ab9652905d01c415cdb59a49b24.jpg,1920,1072,13,True
train,chitube_V0009_I0000440_jpg.rf.e030ad86807b4319c779e4c9d56f036f.jpg,1920,1072,14,True
train,chitube_V0009_I0001040_jpg.rf.bf5b200587d23eccea129f248bfb4819.jpg,1920,1072,6,True
train,chitube_V0009_I0001040_jpg.rf.c32b079abc6531ed8e37d18d67954b73.jpg,1920,1072,6,True
train,chitube_V0009_I0001040_jpg.rf.d496b991f6cefece95f56b1b8dfacbbb.jpg,1920,1072,6,True
train,chitube_V0010_I0001200_jpg.rf.69e4ba212a83079fe73b4d64a054d44d.jpg,1280,720,94,True
train,chitube_V0010_I0001200_jpg.rf.ada9c5ec901e3b0909ba93646d330e79.jpg,1280,720,97,True
train,chitube_V0010_I0001200_jpg.rf.ae65853c5ab39e9597a1c885d0a48bf3.jpg,1280,720,95,True
train,chitube_V0010_I0001240_jpg.rf.3df65a0a66cd96188b555c4fc4118460.jpg,1280,720,1,True
train,chitube_V0010_I0001240_jpg.rf.64aeed67a20844c2956b190f247fc0e0.jpg,1280,720,1,True
train,chitube_V0010_I0001240_jpg.rf.bef822c2da3f586f8824eb2976925908.jpg,1280,720,1,True
train,chitube_V0010_I0001840_jpg.rf.6afb53d664f31b0a38a9066e991a56d2.jpg,1280,720,55,True
train,chitube_V0010_I0001840_jpg.rf.94cd6b88329451d17b8c17477f06fcd2.jpg,1280,720,55,True
train,chitube_V0010_I0001840_jpg.rf.9d403982bd94a09bc43ee5326a814812.jpg,1280,720,55,True
train,chitube_V0010_I0002960_jpg.rf.d8dcaf362faf86b8cb9f37f0444142f8.jpg,1280,720,47,True
train,chitube_V0010_I0002960_jpg.rf.dad058bca5d75c2ac8c297ed8596f9a0.jpg,1280,720,48,True
train,chitube_V0010_I0002960_jpg.rf.f2f894a6bd2a8469578719378106fe2b.jpg,1280,720,48,True
train,google_P000_01082018_059_jpg.rf.cbb65b217b7e3dbebcda061dc0c01884.jpg,1500,958,1,True
train,google_P000_01082018_059_jpg.rf.e5bcd7d854e0326f9765ac63e3bccea2.jpg,1500,958,1,True
train,google_P000_01082018_059_jpg.rf.eccbb9709692f329cb0fac06dc7a6e7e.jpg,1500,958,1,True
train,google_P000_110919SurfingParsonsBeachFleurieuPeninsula_jpg.rf.073adb1111f7aaae9e0674e5d8e960c8.jpg,1920,800,5,True
train,google_P000_110919SurfingParsonsBeachFleurieuPeninsula_jpg.rf.2083ab13c5353ff48dec062fb1a08a8a.jpg,1920,800,5,True
train,google_P000_110919SurfingParsonsBeachFleurieuPeninsula_jpg.rf.ac0d18b876643a3b0720635d72da082d.jpg,1920,800,5,True
train,google_P000_2_jpg.rf.09fdad01dd18177cdba2cad1f7329ba1.jpg,2048,1044,10,True
train,google_P000_2_jpg.rf.379fd556d43eac757cdbf6f0cfba3d7e.jpg,2048,1044,10,True
train,google_P000_2_jpg.rf.441b4f990077d3dbfdc167202c08dcfe.jpg,2048,1044,10,True
train,google_P000_8Jv4tOA9mTFwIM_jpg.rf.17b2f04a31d5de74448780c18d57fa53.jpg,2048,1371,30,True
train,google_P000_8Jv4tOA9mTFwIM_jpg.rf.28e920c564f00578a9797e5cfb008ad8.jpg,2048,1371,30,True
train,google_P000_8Jv4tOA9mTFwIM_jpg.rf.6cdde9395025392e4beb455bfca9ec75.jpg,2048,1371,30,True
train,google_P000_aj7Fhgl7VIDzQM_jpg.rf.0a4ce5c266cc6ecbd1f9496c7f846011.jpg,1600,1200,59,True
train,google_P000_aj7Fhgl7VIDzQM_jpg.rf.194e4e7b04b67b653138b557b5fe1c00.jpg,1600,1200,57,True
train,google_P000_aj7Fhgl7VIDzQM_jpg.rf.b78758a30dbbb2d27bb66d57883160a8.jpg,1600,1200,59,True
train,google_P000_au6TYKrek-rBuM_jpg.rf.50ebc309954cb6fce0816c4d43a4c5a5.jpg,1000,667,1,True
train,google_P000_au6TYKrek-rBuM_jpg.rf.5ebeb4fc39b4b2415edd2bfcd2a0aff8.jpg,1000,667,1,True
train,google_P000_au6TYKrek-rBuM_jpg.rf.a86bdf4c46cc211bea186f664844613e.jpg,1000,667,1,True
train,google_P000_aZk5u7XAWZi9eM_jpg.rf.9b207b63430af0fc64a6b4a7a6bce500.jpg,1000,1000,1,True
train,google_P000_aZk5u7XAWZi9eM_jpg.rf.eeade5a1746e3b4c343f68fa503be6f1.jpg,1000,1000,1,True
train,google_P000_aZk5u7XAWZi9eM_jpg.rf.f0936f52eadaa2d309c0aca96f17b24b.jpg,1000,1000,1,True
train,google_P000_g4WUs1eVLj5vnM_jpg.rf.0e9bdb0fd0b591e7e44b39bf00b85eed.jpg,1000,1334,3,True
train,google_P000_g4WUs1eVLj5vnM_jpg.rf.569a20d9efb2baa521e797b3d7cae6c9.jpg,1000,1334,4,True
train,google_P000_g4WUs1eVLj5vnM_jpg.rf.71c8a16191ef09fa1ea3d11f941f4281.jpg,1000,1334,4,True
train,google_P000_jt_r_eu8ZajqNM_jpg.rf.43965591da1f1cdba52c6b3802b1838c.jpg,1000,1333,1,True
train,google_P000_jt_r_eu8ZajqNM_jpg.rf.720d5f9cff15ee8dc6d271bb48904728.jpg,1000,1333,1,True
train,google_P000_jt_r_eu8ZajqNM_jpg.rf.ea8d7875dc6602531a1094a43e1ab9b1.jpg,1000,1333,1,True
train,google_P000_m4P9p77NH6rGQM_jpg.rf.47bc7e5552de6bded53311bebf994f98.jpg,1024,768,3,True
train,google_P000_m4P9p77NH6rGQM_jpg.rf.5a473dda8ef168ecec806aa02d790c84.jpg,1024,768,3,True
train,google_P000_m4P9p77NH6rGQM_jpg.rf.808e72792dcd5244ee934cdb9dbbd208.jpg,1024,768,1,True
train,google_P000_PXw3iqOvLi-GdM_jpg.rf.4ed69dc293e0b5b765ddae8511c80eb9.jpg,1024,683,64,True
train,google_P000_PXw3iqOvLi-GdM_jpg.rf.a3d5b50746e86909228817f8826a9c09.jpg,1024,683,69,True
train,google_P000_PXw3iqOvLi-GdM_jpg.rf.b57043bc4e129f946fe74c08ba6b3ffa.jpg,1024,683,69,True
train,google_P000_q1HoCQL5FXFV0M_jpg.rf.4df9bb51e97b910f6fdc0eba3dccb60e.jpg,1920,1080,1,True
train,google_P000_q1HoCQL5FXFV0M_jpg.rf.727b186746fd36a401b2aaff5409934e.jpg,1920,1080,1,True
train,google_P000_q1HoCQL5FXFV0M_jpg.rf.d7a5c20323f5290ce341bef52f661f2a.jpg,1920,1080,1,True
train,google_P000_Zz5mhFZ0UZoHVM_jpg.rf.4b35f772ce192258957ab6e1e59ddfcc.jpg,1920,1080,1,True
train,google_P000_Zz5mhFZ0UZoHVM_jpg.rf.995eea926945d0453592e195967c0c3b.jpg,1920,1080,1,True
train,google_P000_Zz5mhFZ0UZoHVM_jpg.rf.b56c4a4cd90650aaeda80f054a33c767.jpg,1920,1080,1,True
train,youtube_V0002_I0000240_jpg.rf.65fc84e2fd871d620a5eb33074f436ae.jpg,2048,1152,23,True
train,youtube_V0002_I0000240_jpg.rf.c4a8e784f6472d2b2e1ffa8e80159a45.jpg,2048,1152,23,True
train,youtube_V0002_I0000240_jpg.rf.ea7c4de1fac447b579e10e7356a0d832.jpg,2048,1152,23,True
train,youtube_V0002_I0000400_jpg.rf.a1daa5c795f957f55a5d213eb54fb669.jpg,2048,1152,1,True
train,youtube_V0002_I0000400_jpg.rf.d7e6b903d2d1afc3a80c74fec1466770.jpg,2048,1152,1,True
train,youtube_V0002_I0000400_jpg.rf.f7095de4b291483f3bcd0abd9d304ca4.jpg,2048,1152,1,True
train,youtube_V0002_I0000480_jpg.rf.0a7e861f534931bbeff18f0a79fb8c99.jpg,2048,1152,2,True
train,youtube_V0002_I0000480_jpg.rf.73c4300492c685aaefd3ea9320d68bb1.jpg,2048,1152,2,True
train,youtube_V0002_I0000480_jpg.rf.efc865b6464358adae9a61a14d8fb3db.jpg,2048,1152,2,True
train,youtube_V0002_I0000560_jpg.rf.222497235a3b1bee0871db011c4cad33.jpg,2048,1152,14,True
train,youtube_V0002_I0000560_jpg.rf.27c36bebafe30e7808889893474a1454.jpg,2048,1152,14,True
train,youtube_V0002_I0000560_jpg.rf.5e38032a0387a2979c5e94a1c32970e0.jpg,2048,1152,14,True
train,youtube_V0002_I0000920_jpg.rf.179fcb75fb55a36b8a78a3228fd32e8c.jpg,2048,1152,15,True
train,youtube_V0002_I0000920_jpg.rf.6ebcc9339397686639bf642a2d46a205.jpg,2048,1152,15,True
train,youtube_V0002_I0000920_jpg.rf.d227be64c50bac2dde982137a4f3a999.jpg,2048,1152,15,True
train,youtube_V0002_I0001120_jpg.rf.1a79b5d5447776730896f7921637e2fe.jpg,2048,1152,16,True
train,youtube_V0002_I0001120_jpg.rf.a471bbec2e1fd762bb9c1d0a47cbcf48.jpg,2048,1152,16,True
train,youtube_V0002_I0001120_jpg.rf.e12037d769478c5f94a9990ff38435a4.jpg,2048,1152,16,True
train,youtube_V0002_I0001200_jpg.rf.b652bc0d06a355473819e24168105f09.jpg,2048,1152,3,True
train,youtube_V0002_I0001200_jpg.rf.e0c66f0faa43bc20a1844203a1387fbb.jpg,2048,1152,3,True
train,youtube_V0002_I0001200_jpg.rf.f56fb2708fd7f512252895b102cd92bc.jpg,2048,1152,3,True
train,youtube_V0002_I0001400_jpg.rf.5c985903ac417ef3c3de084affd9fc0d.jpg,2048,1152,13,True
train,youtube_V0002_I0001400_jpg.rf.8120f76ba5116ddd24430ad5c2859062.jpg,2048,1152,13,True
train,youtube_V0002_I0001400_jpg.rf.b947dbb8b6d2b33db26f6cd877a95802.jpg,2048,1152,13,True
train,youtube_V0002_I0001600_jpg.rf.465aaddfe74b61fc919696f5419c87c3.jpg,2048,1152,1,True
train,youtube_V0002_I0001600_jpg.rf.4feabeb3a8e0adade1b1f94fb87ef461.jpg,2048,1152,1,True
train,youtube_V0002_I0001600_jpg.rf.b29ef9981d92baeccf02bda757b73901.jpg,2048,1152,1,True
train,youtube_V0002_I0002040_jpg.rf.297aa6918fe37fb7b49f64b484a1b60e.jpg,2048,1152,2,True
train,youtube_V0002_I0002040_jpg.rf.2fb66c8dfd23dfe3b131ce699c25ca45.jpg,2048,1152,2,True
train,youtube_V0002_I0002040_jpg.rf.bc496d09c954de83e9c5e5b240523b33.jpg,2048,1152,2,True
train,youtube_V0002_I0002200_jpg.rf.3621e25d9a7b365dbc7a14c73b246241.jpg,2048,1152,1,True
train,youtube_V0002_I0002200_jpg.rf.4a3617496dc2ffbb699013199ac09eee.jpg,2048,1152,1,True
train,youtube_V0002_I0002200_jpg.rf.98e950a81610ff468318be0a10e2e276.jpg,2048,1152,1,True
train,youtube_V0002_I0002600_jpg.rf.5be0513d57ab6f983de6839d66c3437c.jpg,2048,1152,3,True
train,youtube_V0002_I0002600_jpg.rf.6e44ffb90acee5053d61c2cdf2c69c0f.jpg,2048,1152,3,True
train,youtube_V0002_I0002600_jpg.rf.931f209c5f313fa943134a9db71a2cf1.jpg,2048,1152,3,True
train,youtube_V0002_I0002680_jpg.rf.0341d0aefecae5547d9568f7ac9d6d08.jpg,2048,1152,1,True
train,youtube_V0002_I0002680_jpg.rf.3fdd28d997f6f3ece18132f1acc72aba.jpg,2048,1152,1,True
train,youtube_V0002_I0002680_jpg.rf.ab52d8e8ca14d07c3829d78ec7f25c44.jpg,2048,1152,1,True
train,youtube_V0002_I0002720_jpg.rf.3841a2614d7bcfdaab03f64bd7ae2757.jpg,2048,1152,3,True
train,youtube_V0002_I0002720_jpg.rf.ad4746045b84525faa43b59c22c75810.jpg,2048,1152,3,True
train,youtube_V0002_I0002720_jpg.rf.c633a7d7d991ba2d07111d05c2e8d7b2.jpg,2048,1152,3,True
train,youtube_V0002_I0003080_jpg.rf.ad73c1235e40e5a05fa86df7727822d3.jpg,2048,1152,19,True
train,youtube_V0002_I0003080_jpg.rf.d645ac7955a9c1629ad00b6762d15501.jpg,2048,1152,19,True
train,youtube_V0002_I0003080_jpg.rf.e2475a31d21c498081f438522fb213d5.jpg,2048,1152,19,True
train,youtube_V0002_I0003200_jpg.rf.295720b336b51fa7057fa533aaf9836f.jpg,2048,1152,4,True
train,youtube_V0002_I0003200_jpg.rf.62feeb10622df006fc22612127df59c0.jpg,2048,1152,4,True
train,youtube_V0002_I0003200_jpg.rf.cdeb8768a94dc0541a738eaf0a610418.jpg,2048,1152,4,True
train,youtube_V0004_I0001600_jpg.rf.10b10ab478a869b935d99028142deeb9.jpg,1920,1080,62,True
train,youtube_V0004_I0001600_jpg.rf.93039c99c456e5b8adc2593f8f4e141c.jpg,1920,1080,62,True
train,youtube_V0004_I0001600_jpg.rf.b2c320f62991de972ba08e822ceab2ab.jpg,1920,1080,62,True
train,youtube_V0004_I0001640_jpg.rf.262f7c43049bcee5152ebf23f4ed84fa.jpg,1920,1080,61,True
train,youtube_V0004_I0001640_jpg.rf.2eff0f6268d626446ec00b1f254e449f.jpg,1920,1080,60,True
train,youtube_V0004_I0001640_jpg.rf.c8815fe7d8e1939e6b8e0f5e20abe053.jpg,1920,1080,62,True
train,youtube_V0004_I0001880_jpg.rf.3d69acc1bf04f76a9457919d6ee41529.jpg,1920,1080,44,True
train,youtube_V0004_I0001880_jpg.rf.9258b4978765bcfbb1fe63c9e89195f6.jpg,1920,1080,44,True
train,youtube_V0004_I0001880_jpg.rf.950ef39b244399413645ac05a3fe422a.jpg,1920,1080,44,True
train,youtube_V0004_I0002000_jpg.rf.0ab840ffc531e40e2d567721ad9b4b78.jpg,1920,1080,53,True
train,youtube_V0004_I0002000_jpg.rf.2127656806696619d331ce416f626aea.jpg,1920,1080,53,True
train,youtube_V0004_I0002000_jpg.rf.9c4815342fbae8845a59042f1b672cb5.jpg,1920,1080,63,True
train,youtube_V0004_I0002040_jpg.rf.1d756988f9542744ab37153e33a81a39.jpg,1920,1080,85,True
train,youtube_V0004_I0002040_jpg.rf.3d7b0a4f215fafdfad16d074a269862e.jpg,1920,1080,85,True
train,youtube_V0004_I0002040_jpg.rf.4dc93ef234bd68d7629cce805a38ae7c.jpg,1920,1080,61,True
train,youtube_V0004_I0002720_jpg.rf.169b7425285a5799f52861de8c345e42.jpg,1920,1080,29,True
train,youtube_V0004_I0002720_jpg.rf.3a02cfefe8a3cd3d262df28f02f84cf5.jpg,1920,1080,29,True
train,youtube_V0004_I0002720_jpg.rf.bed8a31ca8a5b3a85104c2a6d17bb7e8.jpg,1920,1080,29,True
train,youtube_V0004_I0003000_jpg.rf.2c3555c0d417e47226a9fefc936d72e6.jpg,1920,1080,39,True
train,youtube_V0004_I0003000_jpg.rf.4dbce75a57662e6e5d7641ecd73cb98a.jpg,1920,1080,39,True
train,youtube_V0004_I0003000_jpg.rf.acee622074da59b9125e56651d5c3ba3.jpg,1920,1080,39,True
train,youtube_V0004_I0003040_jpg.rf.1534dbda579f0a75092b002f85590c19.jpg,1920,1080,50,True
train,youtube_V0004_I0003040_jpg.rf.47e930d5aa20d709eac2e815693eb38e.jpg,1920,1080,50,True
train,youtube_V0004_I0003040_jpg.rf.4e2a4ee3e92cecd094d3a892adf9901b.jpg,1920,1080,50,True
train,youtube_V0004_I0003120_jpg.rf.5d0fa62f70cb5b262f9bd39de6c2649d.jpg,1920,1080,30,True
train,youtube_V0004_I0003120_jpg.rf.c7f106d66949ea170dd01eeb938991cf.jpg,1920,1080,31,True
train,youtube_V0004_I0003120_jpg.rf.f0bbe6708427d0c365be02eccf81541d.jpg,1920,1080,31,True
train,youtube_V0004_I0003280_jpg.rf.3df6dd9bb2094f3d490fda35bf60b067.jpg,1920,1080,13,True
train,youtube_V0004_I0003280_jpg.rf.8e1775c1e75e732d97a4ebdc685b56c7.jpg,1920,1080,13,True
train,youtube_V0004_I0003280_jpg.rf.b70370bee455fe007cd4696f440f2be3.jpg,1920,1080,13,True
train,youtube_V0004_I0003320_jpg.rf.43fa70dfeeaf5ab930a23d28a5ebd1db.jpg,1920,1080,17,True
train,youtube_V0004_I0003320_jpg.rf.83aa054ae144cebe51c396b311e1333d.jpg,1920,1080,17,True
train,youtube_V0004_I0003320_jpg.rf.d75586d28cfb5b055364a64f307b4058.jpg,1920,1080,17,True
train,youtube_V0004_I0003400_jpg.rf.be99ea01cd0b22ae9fcec1eab0b27d64.jpg,1920,1080,26,True
train,youtube_V0004_I0003400_jpg.rf.c71d6fd4089421f3f28bf3b33701f44a.jpg,1920,1080,26,True
train,youtube_V0004_I0003400_jpg.rf.feb6fc30935f631e32668913ab461bb8.jpg,1920,1080,26,True
train,youtube_V0004_I0003440_jpg.rf.85ecc3db2375e05e2f2ef27ec7166a5b.jpg,1920,1080,15,True
train,youtube_V0004_I0003440_jpg.rf.a4f58a800bd6868601d8f4c8350c3245.jpg,1920,1080,15,True
train,youtube_V0004_I0003440_jpg.rf.fec86d2dce9a02a9ce9a7b7d5bb8c9a6.jpg,1920,1080,15,True
train,youtube_V0004_I0003600_jpg.rf.615e31988cfbc42512d5e72dc584cb0f.jpg,1920,1080,10,True
train,youtube_V0004_I0003600_jpg.rf.e07ec55ff3ebf833d71477db93370b57.jpg,1920,1080,10,True
train,youtube_V0004_I0003600_jpg.rf.e5fa03487c14d2d755480e9cf4ae9c4a.jpg,1920,1080,10,True
train,youtube_V0004_I0003880_jpg.rf.1876b1a511de1ceb1a02ca34747c6126.jpg,1920,1080,14,True
train,youtube_V0004_I0003880_jpg.rf.247fba0525e256f2cebf63360e61c1bc.jpg,1920,1080,14,True
train,youtube_V0004_I0003880_jpg.rf.9f6b2659f6ca79af21306c2e0b8d0b63.jpg,1920,1080,14,True
train,youtube_V0004_I0004360_jpg.rf.00c3b8cf8cf69da1492bea525b9985b7.jpg,1920,1080,63,True
train,youtube_V0004_I0004360_jpg.rf.58ffca3fa75b52fec09f0e7e468948b1.jpg,1920,1080,64,True
train,youtube_V0004_I0004360_jpg.rf.dbaacffe2b77d451b8dfe1e71486aae6.jpg,1920,1080,64,True
train,youtube_V0004_I0004680_jpg.rf.33666e9ad782a256daa506df5d47b52b.jpg,1920,1080,24,True
train,youtube_V0004_I0004680_jpg.rf.45814b6a55927a28591357f9cf033eaa.jpg,1920,1080,24,True
train,youtube_V0004_I0004680_jpg.rf.ffb87796b0708e887ccb112c39b3a340.jpg,1920,1080,24,True
train,youtube_V0004_I0005160_jpg.rf.89ec9d6addd2a49df82c43cca20ab955.jpg,1920,1080,73,True
train,youtube_V0004_I0005160_jpg.rf.aca7332d9bfc53a699d29cfb370e63cf.jpg,1920,1080,73,True
train,youtube_V0004_I0005160_jpg.rf.e15934460c7e141727832b1ba47ba8c6.jpg,1920,1080,73,True
train,youtube_V0007_I0000750_jpg.rf.1ca63624869c007cf39c18e1814418e4.jpg,2048,1152,491,True
train,youtube_V0007_I0000750_jpg.rf.4549131b2f4af24751b60321d0b63c35.jpg,2048,1152,487,True
train,youtube_V0007_I0000750_jpg.rf.51f742581ab65ac2994906d80b7234f3.jpg,2048,1152,487,True
train,youtube_V0007_I0001200_jpg.rf.511da8c9d63beae3df998b6fcc7d84ab.jpg,2048,1152,730,True
train,youtube_V0007_I0001200_jpg.rf.af9fa033de2bbba0066733a99e518ed6.jpg,2048,1152,694,True
train,youtube_V0007_I0001200_jpg.rf.d9fa7cb1c136c822797d0b95182ddf4c.jpg,2048,1152,682,True
train,youtube_V0007_I0001850_jpg.rf.31cfaae868cca31a9e79dbe6291d1714.jpg,2048,1152,7,True
train,youtube_V0007_I0001850_jpg.rf.8731668d03631cea7e277e5593eadd07.jpg,2048,1152,6,True
train,youtube_V0007_I0001850_jpg.rf.e6079eed905ffe3488a0eb0c707819c0.jpg,2048,1152,7,True
train,youtube_V0007_I0001950_jpg.rf.307f1d91566f999d6b37b903398934d6.jpg,2048,1152,403,True
train,youtube_V0007_I0001950_jpg.rf.4874afe236cb1353860ba61ac6182524.jpg,2048,1152,403,True
train,youtube_V0007_I0001950_jpg.rf.5425e3f6e301fbc7b8e8a654cf3ca3be.jpg,2048,1152,403,True
train,youtube_V0007_I0002700_jpg.rf.4efcd8e3a086e1c8feee1cdf0928e8eb.jpg,2048,1152,112,True
train,youtube_V0007_I0002700_jpg.rf.7ffeea1689c3b351c67d20d01ce8cb62.jpg,2048,1152,93,True
train,youtube_V0007_I0002700_jpg.rf.9ab8c59a3102608d58bacb77d78bfc23.jpg,2048,1152,100,True
train,youtube_V0007_I0002750_jpg.rf.a138f78b92b5fb7d03ce34fec125a529.jpg,2048,1152,27,True
train,youtube_V0007_I0002750_jpg.rf.b1b88c10adab57f36344153270c37105.jpg,2048,1152,29,True
train,youtube_V0007_I0002750_jpg.rf.e0129e3aa494713133cbb8793b5ca7f5.jpg,2048,1152,29,True
train,youtube_V0007_I0002850_jpg.rf.444ca6376865860766d8e9eafc45c5b1.jpg,2048,1152,2,True
train,youtube_V0007_I0002850_jpg.rf.581cc4ccb5b83f91bc73a9ce353a92c2.jpg,2048,1152,2,True
train,youtube_V0007_I0002850_jpg.rf.ae6dc43815c3a0861169c639a6a5af04.jpg,2048,1152,2,True
train,youtube_V0009_I0000080_jpg.rf.58d1a05a9710f297ed6d56bfd9eca865.jpg,2048,1152,10,True
train,youtube_V0009_I0000080_jpg.rf.c8cce572d98d557106352dbbd039c7d5.jpg,2048,1152,10,True
train,youtube_V0009_I0000080_jpg.rf.f5d7b7e34a7159292ac82a743977b2ae.jpg,2048,1152,10,True
valid,baidu_P000_timg-17-_jpg.rf.290237b4b5c617789f0e9a692924d71e.jpg,1400,1050,236,True
valid,bb_V0003_I0000480_jpg.rf.7cc658a67a80924d766732547ed60ffb.jpg,1920,1080,8,True
valid,bb_V0003_I0000560_jpg.rf.49f202475b6065e11771d930fe591d70.jpg,1920,1080,7,True
valid,bb_V0003_I0001120_jpg.rf.f14c3cee964350a8b7b59253629f279a.jpg,1920,1080,3,True
valid,bb_V0004_I0001960_jpg.rf.56ada5bff850b885fb34f433da9fef5a.jpg,1920,1080,10,True
valid,bb_V0005_I0000320_jpg.rf.9795519417789ffde1d5f590364e9476.jpg,1920,1080,27,True
valid,bb_V0005_I0001880_jpg.rf.a2f9e9ddbc8f91c7d13f41da1f325b35.jpg,1920,1080,9,True
valid,bb_V0005_I0002960_jpg.rf.ce50b1a3bbdb5858d27a921023878e27.jpg,1920,1080,8,True
valid,bb_V0005_I0003040_jpg.rf.1d1243e4e3f37973b67875641d79bb1c.jpg,1920,1080,27,True
valid,bb_V0005_I0003080_jpg.rf.a52a36ae7ddbadf1a63557dbc2b73e6d.jpg,1920,1080,30,True
valid,bb_V0005_I0003720_jpg.rf.a40b62bbd8429806728f88185b7a2715.jpg,1920,1080,22,True
valid,bb_V0005_I0004200_jpg.rf.054a12eb908f8194567fec85dcea577f.jpg,1920,1080,18,True
valid,bb_V0005_I0004520_jpg.rf.3af21799e0fef213ea881b304111905b.jpg,1920,1080,7,True
valid,bb_V0005_I0006600_jpg.rf.484e2be6b3706b12a813f3e4def2c794.jpg,1920,1080,6,True
valid,bb_V0008_I0002400_jpg.rf.60ea71385971284ca7dc0def32c058a6.jpg,1920,1080,1,True
valid,bb_V0008_I0003760_jpg.rf.89649f436a7fa4680d4f9e0ef9caa2d6.jpg,1920,1080,2,True
valid,bb_V0008_I0006120_jpg.rf.08a377afcf555073dfeb4ad4c0d5cbe3.jpg,1920,1080,2,True
valid,bb_V0010_I0000560_jpg.rf.77dfffe059e649b7b2aa6a1d397b9505.jpg,1280,720,12,True
valid,bb_V0010_I0002840_jpg.rf.f8393498a7eceeb699f8bd50e890f7d1.jpg,1280,720,5,True
valid,bb_V0014_I0001080_jpg.rf.28914b126b67fc2847414248d51ed4fd.jpg,1920,1080,9,True
valid,bb_V0014_I0002840_jpg.rf.167fdf6aaf51c31cfa727340075b3fc7.jpg,1920,1080,111,True
valid,bb_V0014_I0002880_jpg.rf.027e4bc8071078b53c1db8843e36998f.jpg,1920,1080,19,True
valid,bb_V0014_I0003200_jpg.rf.9ff2d1110b082f59821c94ec10877438.jpg,1920,1080,2,True
valid,bb_V0016_I0000680_jpg.rf.30bf4c48236eae4d4f89cbf0743b74f4.jpg,1920,1080,5,True
valid,bb_V0016_I0000960_jpg.rf.218e0348231d4c68a6ae2357c76d1b19.jpg,1920,1080,4,True
valid,bb_V0016_I0002960_jpg.rf.cfb18d9f2b8e34762bf53688d5f8831c.jpg,1920,1080,16,True
valid,bb_V0016_I0003080_jpg.rf.43b630c56f87db7413767b6400630735.jpg,1920,1080,7,True
valid,bb_V0016_I0004240_jpg.rf.54d282f101307493ec43a1681a641356.jpg,1920,1080,2,True
valid,bb_V0016_I0005800_jpg.rf.9d3a531b878a4489b81cfaad03553309.jpg,1920,1080,7,True
valid,bb_V0016_I0006000_jpg.rf.bccf5fd0441b053fe1165a48232e5910.jpg,1920,1080,7,True
valid,bb_V0018_I0001800_jpg.rf.ada79c44affc73f4f9cd872a474e0300.jpg,1920,1080,123,True
valid,bb_V0018_I0001920_jpg.rf.4233e0c84120d59c11023b1e7b03b2fa.jpg,1920,1080,271,True
valid,bb_V0019_I0001040_jpg.rf.fd619fdb0180ce3f26018bf8bb7a9d15.jpg,1920,1080,5,True
valid,bb_V0019_I0001200_jpg.rf.1344d303a0e7a986bdc5dd2221f65b15.jpg,1920,1080,5,True
valid,bb_V0019_I0001240_jpg.rf.35b778af69656757cfcc81ce31f36c39.jpg,1920,1080,5,True
valid,bb_V0019_I0001520_jpg.rf.1d8619283af5cefc0c9964f7b4003784.jpg,1920,1080,9,True
valid,bb_V0019_I0001640_jpg.rf.591005b66ea4b1b2778c96e6a18ef6e3.jpg,1920,1080,12,True
valid,bb_V0019_I0002440_jpg.rf.037ec63131380e08ab6a0c2a8c655761.jpg,1920,1080,9,True
valid,bb_V0020_I0001840_jpg.rf.47e6f2adc7a3f6427c95f488db4a9c3a.jpg,1920,1080,1,True
valid,bb_V0020_I0003440_jpg.rf.7329a3109e9719002b053a0315bbac0e.jpg,1920,1080,14,True
valid,bb_V0020_I0003840_jpg.rf.6c60ad462eef4d708f53c0a07195dcd7.jpg,1920,1080,19,True
valid,bb_V0020_I0007320_jpg.rf.8a02d66ab2bbee062a407771eb6ef2dd.jpg,1920,1080,55,True
valid,bb_V0022_I0000760_jpg.rf.6c0a6db68be62a3663275a4b0985fb21.jpg,1920,1080,7,True
valid,bb_V0022_I0000960_jpg.rf.8f5545172c7cdee3b8e197e4bf5519f2.jpg,1920,1080,78,True
valid,bb_V0022_I0002320_jpg.rf.88cb84eb417edf7222c3d33c9d3e25fc.jpg,1920,1080,55,True
valid,bb_V0022_I0003200_jpg.rf.8d51b6cc19121150a6df6e603cec27b0.jpg,1920,1080,8,True
valid,bb_V0022_I0005520_jpg.rf.407eb03f3ea9ea4002d2905997e04870.jpg,1920,1080,84,True
valid,bb_V0023_I0000240_jpg.rf.2dfde0399a44c809547c0ba3cf9e3b34.jpg,1920,1080,8,True
valid,bb_V0023_I0001120_jpg.rf.9d4faa414c65e532187384a63c554c80.jpg,1920,1080,129,True
valid,bb_V0023_I0001720_jpg.rf.c2d0e9c7d72994de01b2f8776c888dc0.jpg,1920,1080,24,True
valid,bb_V0023_I0002040_jpg.rf.f7663e35fca98758c3f3a228e65cc607.jpg,1920,1080,7,True
valid,bb_V0024_I0001360_jpg.rf.95dedd020380ac562ba67bb5736e8a38.jpg,1920,1080,1,True
valid,bb_V0024_I0002480_jpg.rf.4aa9e31e0f540cc966e835e8e0599395.jpg,1920,1080,1,True
valid,bb_V0024_I0002640_jpg.rf.08cba0ea9b30714198a413763d82e36f.jpg,1920,1080,1,True
valid,bb_V0024_I0003120_jpg.rf.df5417b6fb614e6d7ffbe89e2ba2e840.jpg,1920,1080,1,True
valid,bb_V0025_I0009360_jpg.rf.51a71941b4398f06c33c52a2e8290b78.jpg,1920,1080,151,True
valid,bb_V0028_I0001560_jpg.rf.0e29e0d972cb017798ab6f7133e8e695.jpg,1920,1080,8,True
valid,bb_V0028_I0001600_jpg.rf.4d2eec9f035122cff994b42671371b4c.jpg,1920,1080,2,True
valid,bb_V0028_I0002160_jpg.rf.4621799835ec137154d0a37d8ed4e289.jpg,1920,1080,7,True
valid,bb_V0028_I0002400_jpg.rf.e2460e521caf2fbc54ae21c5a6108cc4.jpg,1920,1080,1,True
valid,bb_V0028_I0002920_jpg.rf.ae4050176e73db0a54988a4f22213fbc.jpg,1920,1080,1,True
valid,bb_V0028_I0003000_jpg.rf.d7529feed24aa049cb9e74e77ad529b8.jpg,1920,1080,1,True
valid,bb_V0030_I0000800_jpg.rf.f0c4be58984252f2490c5c1c54159b54.jpg,1920,1080,53,True
valid,bb_V0030_I0000920_jpg.rf.24829948a3c4e774dbb15dbd0129c9f2.jpg,1920,1080,65,True
valid,bb_V0030_I0003680_jpg.rf.8bfe7375250e109b0ef696732a366b45.jpg,1920,1080,46,True
valid,bb_V0031_I0000640_jpg.rf.113de65a57f61c7926be28d0848ecdc1.jpg,1920,1080,145,True
valid,bb_V0031_I0000960_jpg.rf.3dc5765335854e033d4406879498c5f8.jpg,1920,1080,13,True
valid,bb_V0031_I0001200_jpg.rf.4ecbe3e0de0e1c2092fd9c2a8dc48a08.jpg,1920,1080,103,True
valid,bb_V0031_I0001560_jpg.rf.e8248da2792e6d324a536d86dfd13b09.jpg,1920,1080,79,True
valid,bb_V0031_I0002480_jpg.rf.de8549f01598bf9f8cb2642f9e5b2e3e.jpg,1920,1080,33,True
valid,bb_V0031_I0002600_jpg.rf.517e6b06c35dc60ae164d5e0a24e3529.jpg,1920,1080,38,True
valid,bb_V0031_I0003560_jpg.rf.65eade494167933cb7cbb45e6d7f45ae.jpg,1920,1080,113,True
valid,bb_V0031_I0004800_jpg.rf.e847e5be23954349a1a73ef994166737.jpg,1920,1080,44,True
valid,bb_V0031_I0005120_jpg.rf.6cf0dc3d13811b9dc1ddc147e944111f.jpg,1920,1080,192,True
valid,bb_V0031_I0006040_jpg.rf.b05858334cc20631550c74b4a86eda0b.jpg,1920,1080,48,True
valid,bb_V0032_I0000200_jpg.rf.2409892ed405c8b2ad21d8ae33fde434.jpg,1280,720,3,True
valid,bb_V0032_I0000240_jpg.rf.1ea89053aa98a33aa8814f2c7475c6d1.jpg,1280,720,1,True
valid,bb_V0032_I0000880_jpg.rf.a31804eadeab8c30c2a7b1e7e088bca5.jpg,1280,720,1,True
valid,bb_V0032_I0001040_jpg.rf.45c82a3e7ef5bd362ec6db064663595e.jpg,1280,720,1,True
valid,bb_V0032_I0001760_jpg.rf.697e7b038158f420174fc6dd62052043.jpg,1280,720,6,True
valid,bb_V0032_I0002440_jpg.rf.5291524134317f67c90395685615cb0c.jpg,1280,720,1,True
valid,bb_V0032_I0003320_jpg.rf.dc460769dc6c5f102c4c75ec91dda6ff.jpg,1280,720,2,True
valid,bb_V0032_I0004640_jpg.rf.7c5dc543101a860e0fb4714cf7a3b116.jpg,1280,720,1,True
valid,bb_V0033_I0000320_jpg.rf.adcf0b17806f58100072ff74e0c8a19a.jpg,1920,1080,4,True
valid,bb_V0033_I0002160_jpg.rf.93123a701f8224d09e33b1d0a87e8593.jpg,1920,1080,4,True
valid,bb_V0033_I0002400_jpg.rf.4bc9bb09461f2a7ce4f487280b94185a.jpg,1920,1080,2,True
valid,bb_V0033_I0002960_jpg.rf.6249e17c6798fc96e65837714f21def4.jpg,1920,1080,5,True
valid,bb_V0033_I0003160_jpg.rf.bed05e69c046e4af37a52f5d4453aaeb.jpg,1920,1080,4,True
valid,bb_V0033_I0003200_jpg.rf.77a9497106736e1c7edef0d0676120a4.jpg,1920,1080,2,True
valid,bb_V0033_I0004320_jpg.rf.69b04646e26f7c46a1898bdfeb41dfe8.jpg,1920,1080,6,True
valid,bb_V0033_I0005880_jpg.rf.f9328fc7c213552989cf119b75eb1c48.jpg,1920,1080,3,True
valid,bb_V0033_I0006360_jpg.rf.170ead25e3376707fc2636c2fb6fb9fa.jpg,1920,1080,2,True
valid,bb_V0033_I0007200_jpg.rf.3038f44390f3d3bea87aa6d09e700b3c.jpg,1920,1080,9,True
valid,bb_V0033_I0007760_jpg.rf.e008a12cf04f54a2857bd4b778317e3e.jpg,1920,1080,5,True
valid,bb_V0033_I0007880_jpg.rf.c065f0b90b6192aa40898a5e6fa0551f.jpg,1920,1080,1,True
valid,bb_V0033_I0009040_jpg.rf.5411e88b3c4e9b108b3b796bb9ba7e5d.jpg,1920,1080,1,True
valid,bb_V0033_I0009400_jpg.rf.10de815cc5093b2ed1caf18bf0eeee45.jpg,1920,1080,1,True
valid,bb_V0034_I0000160_jpg.rf.b372d1407c96ae7ee2a81cecdc162839.jpg,1920,1080,3,True
valid,bb_V0034_I0001800_jpg.rf.5b2c0b6de6e715e8a29197417504eb0e.jpg,1920,1080,13,True
valid,bb_V0034_I0008120_jpg.rf.f261f68ced30bb3972b6a28a1e2000d5.jpg,1920,1080,3,True
valid,bing000_20130713102157885788_jpg.rf.542793e04a5c17ea3179e2f722fc6b6b.jpg,1010,708,2,True
valid,bing_P000_2011121217013176264_jpg.rf.a384de6a5cc79a3016386e7f81b62ce3.jpg,1250,870,4,True
valid,bing_P000_3420849_105926629154_2_jpg.rf.e7aec098e0af80f92208a7c9b7c2966b.jpg,1024,768,6,True
valid,bing_P000_3c608f85-6a2a-4613-9343-d630d6643b72_jpg.rf.550cb984858accfeeaba448d104acf82.jpg,1980,1320,8,True
valid,bing_P000_9764692_194607386000_2_jpg.rf.d109661e00b6107410e21c2ddf980e90.jpg,1024,682,11,True
valid,bing_P000_a12abad89dc95b7473349ffe8d71e5d8_jpg.rf.278f9f520b59b25369535212be5393c9.jpg,2048,1370,49,True
valid,bing_P000_Cghzf1Ty55SADQBEAA_r68yl7e0959_jpg.rf.4abd2a0e3ce4b6e75de06232ceed4a51.jpg,2048,1536,7,True
valid,bing_P000_glss_23_jpg.rf.829af2f445a2bbba3499484b7d70246b.jpg,1280,960,2,True
valid,chitube_V0005_I0001280_jpg.rf.80f4f1de913b7286b7aabb2e6ed826ca.jpg,1280,720,184,True
valid,chitube_V0005_I0001720_jpg.rf.fe4cf1d3b05b6d9c5366e93390555f0d.jpg,1280,720,144,True
valid,chitube_V0006_I0000140_jpg.rf.fcde7b75a36b670abd6b8f47247f024b.jpg,1920,1072,123,True
valid,chitube_V0006_I0000880_jpg.rf.7f5eedbc291436eb03650aa64c39b23b.jpg,1920,1072,49,True
valid,chitube_V0006_I0003060_jpg.rf.ee58a77ca959b2d0aca45e6d0075803b.jpg,1920,1072,32,True
valid,chitube_V0006_I0005140_jpg.rf.9d8ea8a1778893403c1e872cb9028d98.jpg,1920,1072,52,True
valid,chitube_V0007_I0002120_jpg.rf.c93096ce73ecd5fb9018d1abe74961be.jpg,1920,1080,33,True
valid,chitube_V0007_I0003720_jpg.rf.9e895563de92e0cc66d0216ee0f3b163.jpg,1920,1080,98,True
valid,chitube_V0007_I0008840_jpg.rf.fce1f23f06a1a4dca4e2d2a8153971ed.jpg,1920,1080,171,True
valid,chitube_V0008_I0000000_jpg.rf.3d6e2ad11135def76f0abe2d4493eca4.jpg,1280,720,56,True
valid,chitube_V0008_I0003000_jpg.rf.f888b9258dd74826f826ad385ed50b58.jpg,1280,720,79,True
valid,chitube_V0009_I0000080_jpg.rf.a791b867633e03ca407813b0c36aeac4.jpg,1920,1072,18,True
valid,chitube_V0010_I0002440_jpg.rf.82c5d1ee845775fb93c09368af9e577e.jpg,1280,720,33,True
valid,google_P000_84N6HgKY3jhUPM_jpg.rf.52ebbf519b1e9417e9bd013805baf3c8.jpg,1600,900,22,True
valid,google_P000__IGGWXSKrNijiM_jpg.rf.19fa6aef4cf46c97bb050a14e5fd8466.jpg,1000,1333,1,True
valid,google_P000_fsbIUUjcW0ykBM_jpg.rf.e3b19808e005a913001bdd815a29b656.jpg,1150,2047,2,True
valid,google_P000_ItyC7NXlLRVZwM_jpg.rf.b296165cd13b09e80f19309c52cc16f0.jpg,1600,900,2,True
valid,youtube_V0002_I0000280_jpg.rf.beca5fef966eb18da17f4d28930d9abb.jpg,2048,1152,21,True
valid,youtube_V0004_I0002280_jpg.rf.b7c1fbcdd2803aa1c5a189cc717a08d9.jpg,1920,1080,83,True
valid,youtube_V0004_I0003960_jpg.rf.d873b9586e659cd7dc013fa43d30de8c.jpg,1920,1080,14,True
valid,youtube_V0007_I0000850_jpg.rf.5689fed25e0004210ba3c5fe4d7efb62.jpg,2048,1152,219,True
valid,youtube_V0007_I0002950_jpg.rf.159aaf7b1ffaed74834c9873111d8821.jpg,2048,1152,56,True
valid,youtube_V0009_I0000000_jpg.rf.f318d67240a722a8a98ccb342b661693.jpg,2048,1152,13,True
test,bb_V0005_I0001640_jpg.rf.012502ae69b3c26f7fea0a4181dd7485.jpg,1920,1080,5,True
test,bb_V0005_I0002200_jpg.rf.8d3dab3ae2eeeba5e85a1022ea843b5b.jpg,1920,1080,1,True
test,bb_V0005_I0002880_jpg.rf.5c4a3ec965d0acb09403414ac4a3512d.jpg,1920,1080,12,True
test,bb_V0005_I0003520_jpg.rf.3a93a68947647688ff294c5771ec4f32.jpg,1920,1080,17,True
test,bb_V0005_I0004080_jpg.rf.f58dd1292f78dc47f037e79648e687ec.jpg,1920,1080,33,True
test,bb_V0008_I0000000_jpg.rf.1a286f06662da90b7fb1c08255e2f4fa.jpg,1920,1080,1,True
test,bb_V0008_I0003160_jpg.rf.a25ec1c19ee9f37dad2ac16ebb542f59.jpg,1920,1080,1,True
test,bb_V0008_I0004960_jpg.rf.4633ee2b1773b862c8def48db653b2e5.jpg,1920,1080,1,True
test,bb_V0010_I0001080_jpg.rf.e0ec4ec5d5ea895dbc99e0ad48ca5009.jpg,1280,720,2,True
test,bb_V0010_I0001920_jpg.rf.89c4fb481ea16fa7d896ca8a09fd2071.jpg,1280,720,38,True
test,bb_V0010_I0002120_jpg.rf.0df32673356aecf39c99fbe2e6decb94.jpg,1280,720,5,True
test,bb_V0010_I0002480_jpg.rf.553ee3d9fad644ee09ccad25b3db78ab.jpg,1280,720,36,True
test,bb_V0014_I0004320_jpg.rf.42757a52597a426631488b40c9b5c382.jpg,1920,1080,2,True
test,bb_V0014_I0004920_jpg.rf.638d50de115ac99ac0f81e293c2846c6.jpg,1920,1080,15,True
test,bb_V0016_I0002120_jpg.rf.255f1ff29a7a79687143a219e7582c6b.jpg,1920,1080,1,True
test,bb_V0016_I0002400_jpg.rf.9979e90a96d3bc2a2480d48e91877a47.jpg,1920,1080,11,True
test,bb_V0016_I0002560_jpg.rf.7725f157a2d907180756aad372e1154d.jpg,1920,1080,18,True
test,bb_V0016_I0004120_jpg.rf.7be7d505d1b2b81768c382b549d7ba98.jpg,1920,1080,7,True
test,bb_V0018_I0001560_jpg.rf.0ec4f66dd9e71feef02dfe5cb440baf4.jpg,1920,1080,335,True
test,bb_V0019_I0000560_jpg.rf.d59f5d9529d9361ffdb44ddefbfeb276.jpg,1920,1080,2,True
test,bb_V0019_I0002840_jpg.rf.a6e68e02beca2654caefd944a469df15.jpg,1920,1080,8,True
test,bb_V0021_I0000280_jpg.rf.e4972cf7f36df4da69f146a7d323e24f.jpg,1920,1080,14,True
test,bb_V0023_I0000000_jpg.rf.61773988121b81967ec98327726a35f0.jpg,1920,1080,2,True
test,bb_V0023_I0001880_jpg.rf.c989ff7ee99b500cdbf5b47f4f2e7403.jpg,1920,1080,10,True
test,bb_V0026_I0000000_jpg.rf.93f013acd613ea91389211e8429a4683.jpg,1280,720,72,True
test,bb_V0028_I0001680_jpg.rf.fbbc616baa52ac333bb2da17e52996cb.jpg,1920,1080,4,True
test,bb_V0030_I0001040_jpg.rf.f3d7e9f9b735204bcf6bdf0ba543b1b5.jpg,1920,1080,54,True
test,bb_V0031_I0003160_jpg.rf.4e337e7fbce7a3d9ffcd4c29f3a920f3.jpg,1920,1080,91,True
test,bb_V0031_I0003360_jpg.rf.23150b63660b6d365a4de97a756008ab.jpg,1920,1080,24,True
test,bb_V0031_I0004240_jpg.rf.bf00e6c0c60e4b60eb3040ac5443a525.jpg,1920,1080,102,True
test,bb_V0031_I0004400_jpg.rf.1171ae756965bd2e431ce03e6b4fb3a8.jpg,1920,1080,111,True
test,bb_V0031_I0004920_jpg.rf.64d2da172a4611c495abccd637cf4512.jpg,1920,1080,37,True
test,bb_V0032_I0001920_jpg.rf.924c237bb21e17131d35d829908d743c.jpg,1280,720,2,True
test,bb_V0032_I0003160_jpg.rf.ccb30d7404de3b6015aba5bfe055b710.jpg,1280,720,1,True
test,bb_V0032_I0003560_jpg.rf.d6496ca6ab636d1c699b4d42260ff78f.jpg,1280,720,1,True
test,bb_V0033_I0002520_jpg.rf.221f5e806a5fae77967b4c9faaaee8a7.jpg,1920,1080,2,True
test,bb_V0033_I0004000_jpg.rf.8f9e9d87c22a5d3e9c1e09c663205a90.jpg,1920,1080,152,True
test,bb_V0033_I0007120_jpg.rf.6383dc2c15aa7bc1690ae6a6bca77754.jpg,1920,1080,1,True
test,bb_V0033_I0008160_jpg.rf.23af869ee6c0331327c33b24134883f4.jpg,1920,1080,56,True
test,bb_V0033_I0009840_jpg.rf.54e6431043683d3b85ba628d449b6d6a.jpg,1920,1080,1,True
test,bb_V0034_I0005480_jpg.rf.d14e71bb449f4c84f1f7cc0b7bdabcf8.jpg,1920,1080,1,True
test,bb_V0035_I0000520_jpg.rf.b3511a7de32418d930cc4ee59de5f8f0.jpg,1920,1080,281,True
test,bb_V0035_I0004240_jpg.rf.b6fe261aa7e7ee910d574ce3fbb942bc.jpg,1920,1080,173,True
test,bb_V0035_I0004600_jpg.rf.1a4c8cb1ee2d25682a6bd0bd03142f61.jpg,1920,1080,175,True
test,bb_V0036_I0000320_jpg.rf.b12eb62bbadbdd250c27a553cd1596c4.jpg,1280,720,101,True
test,bing_P000_134852jxzc9mwzbpmsxmtr_jpg.rf.443325e9d8bd2fc4315d04318bcb660d.jpg,1200,773,3,True
test,bing_P000_201212281136185077_jpg.rf.5f1165cb924c89704163a4c5dd83826f.jpg,2048,1536,2,True
test,bing_P000_6442798_071001980446_2_jpg.rf.0382aeadd9b1332aaf2ecb91ac3eb194.jpg,1024,768,39,True
test,bing_P000_721cd50a43e14ef199398827d3de3754_th_jpg.rf.d13090f3629da3ec404a6cf205089bc8.jpg,2048,1309,1,True
test,bing_P000_glss_27_jpg.rf.3665daca2f3cec0520a9ffff6bfe3a99.jpg,1280,960,7,True
test,bing_P000_MAIN201407211407000013535361040_jpg.rf.68af664d60d20ccdf8ed73582ef49629.jpg,1280,844,96,True
test,bing_P000_timg-2-_jpg.rf.2746e291379d0abdc7a3234d2945b6cd.jpg,2048,1536,21,True
test,chitube_V0006_I0006100_jpg.rf.18ac12c2f8ca9082994c30c67b28e1fc.jpg,1920,1072,19,True
test,chitube_V0008_I0004200_jpg.rf.9d2c8a1279ee0c51a9b53ead2095d421.jpg,1280,720,62,True
test,chitube_V0008_I0004840_jpg.rf.28431bede081b2c331a0cafd968343c9.jpg,1280,720,158,True
test,chitube_V0010_I0001480_jpg.rf.d211de309e2053f131dc60b7dac7a793.jpg,1280,720,59,True
test,google_P000_10_jpg.rf.ec54af4ca3de9c8aeec561a949bf6577.jpg,2048,1027,5,True
test,google_P000_opBRGWjw8H9qBM_jpg.rf.2d445ad6d31e806f37e8f20433763bb9.jpg,1024,724,12,True
test,google_P000_zFR8iP2e0kOeAM_jpg.rf.40db3c791684bca5d3e6f08db2dbca27.jpg,1000,1250,1,True
test,youtube_V0002_I0000680_jpg.rf.0a41163455434f8853a0db66d6610b0b.jpg,2048,1152,2,True
test,youtube_V0002_I0003160_jpg.rf.cec4f74c23fc266e72c2528b58156710.jpg,2048,1152,9,True
test,youtube_V0004_I0001960_jpg.rf.3ea2a798b4270ed13b6cbd1b44c07ccf.jpg,1920,1080,57,True
test,youtube_V0004_I0004560_jpg.rf.1096309b429828ae82ab4ba7c2b627d1.jpg,1920,1080,32,True
test,youtube_V0004_I0004920_jpg.rf.14bfeba72d5d41eb9c3c6259dea21339.jpg,1920,1080,85,True
test,youtube_V0007_I0001900_jpg.rf.959f44b7f40b3a78bcc3da6afe6e907a.jpg,2048,1152,160,True
